dhs_cc,ctry_code,surv_id,file_type,phase,url
AF,AF,471,BR,71,https://www.dhsprogram.com/customcf/legacy/data/download_dataset.cfm?Filename=AFBR71FL.zip&Tp=1&Ctry_Code=AF&surv_id=471&dm=1&dmode=nm
AF,AF,471,CR,71,https://www.dhsprogram.com/customcf/legacy/data/download_dataset.cfm?Filename=AFCR71FL.zip&Tp=1&Ctry_Code=AF&surv_id=471&dm=1&dmode=nm
AF,AF,348,HH,66,https://www.dhsprogram.com/customcf/legacy/data/download_dataset.cfm?Filename=AFHH66FL.zip&Tp=1&Ctry_Code=AF&surv_id=348&dm=1&dmode=nm
AF,AF,471,HR,71,https://www.dhsprogram.com/customcf/legacy/data/download_dataset.cfm?Filename=AFHR71FL.zip&Tp=1&Ctry_Code=AF&surv_id=471&dm=1&dmode=nm
AF,AF,348,IQ,66,https://www.dhsprogram.com/customcf/legacy/data/download_dataset.cfm?Filename=AFIQ66FL.zip&Tp=1&Ctry_Code=AF&surv_id=348&dm=1&dmode=nm
AF,AF,471,IR,71,https://www.dhsprogram.com/customcf/legacy/data/download_dataset.cfm?Filename=AFIR71FL.zip&Tp=1&Ctry_Code=AF&surv_id=471&dm=1&dmode=nm
AF,AF,471,KR,71,https://www.dhsprogram.com/customcf/legacy/data/download_dataset.cfm?Filename=AFKR71FL.zip&Tp=1&Ctry_Code=AF&surv_id=471&dm=1&dmode=nm
AF,AF,471,MR,71,https://www.dhsprogram.com/customcf/legacy/data/download_dataset.cfm?Filename=AFMR71FL.zip&Tp=1&Ctry_Code=AF&surv_id=471&dm=1&dmode=nm
AF,AF,471,PR,71,https://www.dhsprogram.com/customcf/legacy/data/download_dataset.cfm?Filename=AFPR71FL.zip&Tp=1&Ctry_Code=AF&surv_id=471&dm=1&dmode=nm
AF,AF,348,VA,66,https://www.dhsprogram.com/customcf/legacy/data/download_dataset.cfm?Filename=AFVA66FL.zip&Tp=1&Ctry_Code=AF&surv_id=348&dm=1&dmode=nm
AL,AL,327,BR,51,https://www.dhsprogram.com/customcf/legacy/data/download_dataset.cfm?Filename=ALBR51FL.zip&Tp=1&Ctry_Code=AL&surv_id=327&dm=1&dmode=nm
AL,AL,525,BR,71,https://www.dhsprogram.com/customcf/legacy/data/download_dataset.cfm?Filename=ALBR71FL.zip&Tp=1&Ctry_Code=AL&surv_id=525&dm=1&dmode=nm
AL,AL,327,CR,51,https://www.dhsprogram.com/customcf/legacy/data/download_dataset.cfm?Filename=ALCR51FL.zip&Tp=1&Ctry_Code=AL&surv_id=327&dm=1&dmode=nm
AL,AL,525,CR,71,https://www.dhsprogram.com/customcf/legacy/data/download_dataset.cfm?Filename=ALCR71FL.zip&Tp=1&Ctry_Code=AL&surv_id=525&dm=1&dmode=nm
AL,AL,327,HR,51,https://www.dhsprogram.com/customcf/legacy/data/download_dataset.cfm?Filename=ALHR51FL.zip&Tp=1&Ctry_Code=AL&surv_id=327&dm=1&dmode=nm
AL,AL,525,HR,71,https://www.dhsprogram.com/customcf/legacy/data/download_dataset.cfm?Filename=ALHR71FL.zip&Tp=1&Ctry_Code=AL&surv_id=525&dm=1&dmode=nm
AL,AL,327,IR,51,https://www.dhsprogram.com/customcf/legacy/data/download_dataset.cfm?Filename=ALIR51FL.zip&Tp=1&Ctry_Code=AL&surv_id=327&dm=1&dmode=nm
AL,AL,525,IR,71,https://www.dhsprogram.com/customcf/legacy/data/download_dataset.cfm?Filename=ALIR71FL.zip&Tp=1&Ctry_Code=AL&surv_id=525&dm=1&dmode=nm
AL,AL,327,KR,51,https://www.dhsprogram.com/customcf/legacy/data/download_dataset.cfm?Filename=ALKR51FL.zip&Tp=1&Ctry_Code=AL&surv_id=327&dm=1&dmode=nm
AL,AL,525,KR,71,https://www.dhsprogram.com/customcf/legacy/data/download_dataset.cfm?Filename=ALKR71FL.zip&Tp=1&Ctry_Code=AL&surv_id=525&dm=1&dmode=nm
AL,AL,327,MR,51,https://www.dhsprogram.com/customcf/legacy/data/download_dataset.cfm?Filename=ALMR51FL.zip&Tp=1&Ctry_Code=AL&surv_id=327&dm=1&dmode=nm
AL,AL,525,MR,71,https://www.dhsprogram.com/customcf/legacy/data/download_dataset.cfm?Filename=ALMR71FL.zip&Tp=1&Ctry_Code=AL&surv_id=525&dm=1&dmode=nm
AL,AL,327,PR,51,https://www.dhsprogram.com/customcf/legacy/data/download_dataset.cfm?Filename=ALPR51FL.zip&Tp=1&Ctry_Code=AL&surv_id=327&dm=1&dmode=nm
AL,AL,525,PR,71,https://www.dhsprogram.com/customcf/legacy/data/download_dataset.cfm?Filename=ALPR71FL.zip&Tp=1&Ctry_Code=AL&surv_id=525&dm=1&dmode=nm
AL,AL,327,GE,51,https://www.dhsprogram.com/customcf/legacy/data/download_dataset.cfm?Filename=ALGE51FL.zip&Tp=2&Ctry_Code=AL&surv_id=327&dm=1&dmode=nm
AL,AL,525,GE,71,https://www.dhsprogram.com/customcf/legacy/data/download_dataset.cfm?Filename=ALGE71FL.zip&Tp=2&Ctry_Code=AL&surv_id=525&dm=1&dmode=nm
AO,AO,395,BR,62,https://www.dhsprogram.com/customcf/legacy/data/download_dataset.cfm?Filename=AOBR62FL.zip&Tp=1&Ctry_Code=AO&surv_id=395&dm=1&dmode=nm
AO,AO,477,BR,71,https://www.dhsprogram.com/customcf/legacy/data/download_dataset.cfm?Filename=AOBR71FL.zip&Tp=1&Ctry_Code=AO&surv_id=477&dm=1&dmode=nm
AO,AO,569,BR,81,https://www.dhsprogram.com/customcf/legacy/data/download_dataset.cfm?Filename=AOBR81FL.zip&Tp=1&Ctry_Code=AO&surv_id=569&dm=1&dmode=nm
AO,AO,477,CR,71,https://www.dhsprogram.com/customcf/legacy/data/download_dataset.cfm?Filename=AOCR71FL.zip&Tp=1&Ctry_Code=AO&surv_id=477&dm=1&dmode=nm
AO,AO,569,CR,81,https://www.dhsprogram.com/customcf/legacy/data/download_dataset.cfm?Filename=AOCR81FL.zip&Tp=1&Ctry_Code=AO&surv_id=569&dm=1&dmode=nm
AO,AO,282,HR,51,https://www.dhsprogram.com/customcf/legacy/data/download_dataset.cfm?Filename=AOHR51FL.zip&Tp=1&Ctry_Code=AO&surv_id=282&dm=1&dmode=nm
AO,AO,395,HR,62,https://www.dhsprogram.com/customcf/legacy/data/download_dataset.cfm?Filename=AOHR62FL.zip&Tp=1&Ctry_Code=AO&surv_id=395&dm=1&dmode=nm
AO,AO,477,HR,71,https://www.dhsprogram.com/customcf/legacy/data/download_dataset.cfm?Filename=AOHR71FL.zip&Tp=1&Ctry_Code=AO&surv_id=477&dm=1&dmode=nm
AO,AO,569,HR,81,https://www.dhsprogram.com/customcf/legacy/data/download_dataset.cfm?Filename=AOHR81FL.zip&Tp=1&Ctry_Code=AO&surv_id=569&dm=1&dmode=nm
AO,AO,282,IR,51,https://www.dhsprogram.com/customcf/legacy/data/download_dataset.cfm?Filename=AOIR51FL.zip&Tp=1&Ctry_Code=AO&surv_id=282&dm=1&dmode=nm
AO,AO,395,IR,62,https://www.dhsprogram.com/customcf/legacy/data/download_dataset.cfm?Filename=AOIR62FL.zip&Tp=1&Ctry_Code=AO&surv_id=395&dm=1&dmode=nm
AO,AO,477,IR,71,https://www.dhsprogram.com/customcf/legacy/data/download_dataset.cfm?Filename=AOIR71FL.zip&Tp=1&Ctry_Code=AO&surv_id=477&dm=1&dmode=nm
AO,AO,569,IR,81,https://www.dhsprogram.com/customcf/legacy/data/download_dataset.cfm?Filename=AOIR81FL.zip&Tp=1&Ctry_Code=AO&surv_id=569&dm=1&dmode=nm
AO,AO,282,KR,51,https://www.dhsprogram.com/customcf/legacy/data/download_dataset.cfm?Filename=AOKR51FL.zip&Tp=1&Ctry_Code=AO&surv_id=282&dm=1&dmode=nm
AO,AO,395,KR,62,https://www.dhsprogram.com/customcf/legacy/data/download_dataset.cfm?Filename=AOKR62FL.zip&Tp=1&Ctry_Code=AO&surv_id=395&dm=1&dmode=nm
AO,AO,477,KR,71,https://www.dhsprogram.com/customcf/legacy/data/download_dataset.cfm?Filename=AOKR71FL.zip&Tp=1&Ctry_Code=AO&surv_id=477&dm=1&dmode=nm
AO,AO,569,KR,81,https://www.dhsprogram.com/customcf/legacy/data/download_dataset.cfm?Filename=AOKR81FL.zip&Tp=1&Ctry_Code=AO&surv_id=569&dm=1&dmode=nm
AO,AO,477,MR,71,https://www.dhsprogram.com/customcf/legacy/data/download_dataset.cfm?Filename=AOMR71FL.zip&Tp=1&Ctry_Code=AO&surv_id=477&dm=1&dmode=nm
AO,AO,569,MR,81,https://www.dhsprogram.com/customcf/legacy/data/download_dataset.cfm?Filename=AOMR81FL.zip&Tp=1&Ctry_Code=AO&surv_id=569&dm=1&dmode=nm
AO,AO,282,PR,51,https://www.dhsprogram.com/customcf/legacy/data/download_dataset.cfm?Filename=AOPR51FL.zip&Tp=1&Ctry_Code=AO&surv_id=282&dm=1&dmode=nm
AO,AO,395,PR,62,https://www.dhsprogram.com/customcf/legacy/data/download_dataset.cfm?Filename=AOPR62FL.zip&Tp=1&Ctry_Code=AO&surv_id=395&dm=1&dmode=nm
AO,AO,477,PR,71,https://www.dhsprogram.com/customcf/legacy/data/download_dataset.cfm?Filename=AOPR71FL.zip&Tp=1&Ctry_Code=AO&surv_id=477&dm=1&dmode=nm
AO,AO,569,PR,81,https://www.dhsprogram.com/customcf/legacy/data/download_dataset.cfm?Filename=AOPR81FL.zip&Tp=1&Ctry_Code=AO&surv_id=569&dm=1&dmode=nm
AO,AO,282,GE,52,https://www.dhsprogram.com/customcf/legacy/data/download_dataset.cfm?Filename=AOGE52FL.zip&Tp=2&Ctry_Code=AO&surv_id=282&dm=1&dmode=nm
AO,AO,395,GE,61,https://www.dhsprogram.com/customcf/legacy/data/download_dataset.cfm?Filename=AOGE61FL.zip&Tp=2&Ctry_Code=AO&surv_id=395&dm=1&dmode=nm
AO,AO,477,GE,71,https://www.dhsprogram.com/customcf/legacy/data/download_dataset.cfm?Filename=AOGE71FL.zip&Tp=2&Ctry_Code=AO&surv_id=477&dm=1&dmode=nm
AO,AO,569,GE,81,https://www.dhsprogram.com/customcf/legacy/data/download_dataset.cfm?Filename=AOGE81FL.zip&Tp=2&Ctry_Code=AO&surv_id=569&dm=1&dmode=nm
AM,AM,203,BR,42,https://www.dhsprogram.com/customcf/legacy/data/download_dataset.cfm?Filename=AMBR42FL.zip&Tp=1&Ctry_Code=AM&surv_id=203&dm=1&dmode=nm
AM,AM,262,BR,54,https://www.dhsprogram.com/customcf/legacy/data/download_dataset.cfm?Filename=AMBR54FL.zip&Tp=1&Ctry_Code=AM&surv_id=262&dm=1&dmode=nm
AM,AM,354,BR,61,https://www.dhsprogram.com/customcf/legacy/data/download_dataset.cfm?Filename=AMBR61FL.zip&Tp=1&Ctry_Code=AM&surv_id=354&dm=1&dmode=nm
AM,AM,492,BR,72,https://www.dhsprogram.com/customcf/legacy/data/download_dataset.cfm?Filename=AMBR72FL.zip&Tp=1&Ctry_Code=AM&surv_id=492&dm=1&dmode=nm
AM,AM,203,CR,42,https://www.dhsprogram.com/customcf/legacy/data/download_dataset.cfm?Filename=AMCR42FL.zip&Tp=1&Ctry_Code=AM&surv_id=203&dm=1&dmode=nm
AM,AM,262,CR,52,https://www.dhsprogram.com/customcf/legacy/data/download_dataset.cfm?Filename=AMCR52FL.zip&Tp=1&Ctry_Code=AM&surv_id=262&dm=1&dmode=nm
AM,AM,354,CR,61,https://www.dhsprogram.com/customcf/legacy/data/download_dataset.cfm?Filename=AMCR61FL.zip&Tp=1&Ctry_Code=AM&surv_id=354&dm=1&dmode=nm
AM,AM,492,CR,72,https://www.dhsprogram.com/customcf/legacy/data/download_dataset.cfm?Filename=AMCR72FL.zip&Tp=1&Ctry_Code=AM&surv_id=492&dm=1&dmode=nm
AM,AM,203,HR,42,https://www.dhsprogram.com/customcf/legacy/data/download_dataset.cfm?Filename=AMHR42FL.zip&Tp=1&Ctry_Code=AM&surv_id=203&dm=1&dmode=nm
AM,AM,262,HR,54,https://www.dhsprogram.com/customcf/legacy/data/download_dataset.cfm?Filename=AMHR54FL.zip&Tp=1&Ctry_Code=AM&surv_id=262&dm=1&dmode=nm
AM,AM,354,HR,61,https://www.dhsprogram.com/customcf/legacy/data/download_dataset.cfm?Filename=AMHR61FL.zip&Tp=1&Ctry_Code=AM&surv_id=354&dm=1&dmode=nm
AM,AM,492,HR,72,https://www.dhsprogram.com/customcf/legacy/data/download_dataset.cfm?Filename=AMHR72FL.zip&Tp=1&Ctry_Code=AM&surv_id=492&dm=1&dmode=nm
AM,AM,203,HW,41,https://www.dhsprogram.com/customcf/legacy/data/download_dataset.cfm?Filename=AMHW41FL.zip&Tp=1&Ctry_Code=AM&surv_id=203&dm=1&dmode=nm
AM,AM,262,HW,52,https://www.dhsprogram.com/customcf/legacy/data/download_dataset.cfm?Filename=AMHW52FL.zip&Tp=1&Ctry_Code=AM&surv_id=262&dm=1&dmode=nm
AM,AM,203,IR,42,https://www.dhsprogram.com/customcf/legacy/data/download_dataset.cfm?Filename=AMIR42FL.zip&Tp=1&Ctry_Code=AM&surv_id=203&dm=1&dmode=nm
AM,AM,262,IR,54,https://www.dhsprogram.com/customcf/legacy/data/download_dataset.cfm?Filename=AMIR54FL.zip&Tp=1&Ctry_Code=AM&surv_id=262&dm=1&dmode=nm
AM,AM,354,IR,61,https://www.dhsprogram.com/customcf/legacy/data/download_dataset.cfm?Filename=AMIR61FL.zip&Tp=1&Ctry_Code=AM&surv_id=354&dm=1&dmode=nm
AM,AM,492,IR,72,https://www.dhsprogram.com/customcf/legacy/data/download_dataset.cfm?Filename=AMIR72FL.zip&Tp=1&Ctry_Code=AM&surv_id=492&dm=1&dmode=nm
AM,AM,203,KR,42,https://www.dhsprogram.com/customcf/legacy/data/download_dataset.cfm?Filename=AMKR42FL.zip&Tp=1&Ctry_Code=AM&surv_id=203&dm=1&dmode=nm
AM,AM,262,KR,54,https://www.dhsprogram.com/customcf/legacy/data/download_dataset.cfm?Filename=AMKR54FL.zip&Tp=1&Ctry_Code=AM&surv_id=262&dm=1&dmode=nm
AM,AM,354,KR,61,https://www.dhsprogram.com/customcf/legacy/data/download_dataset.cfm?Filename=AMKR61FL.zip&Tp=1&Ctry_Code=AM&surv_id=354&dm=1&dmode=nm
AM,AM,492,KR,72,https://www.dhsprogram.com/customcf/legacy/data/download_dataset.cfm?Filename=AMKR72FL.zip&Tp=1&Ctry_Code=AM&surv_id=492&dm=1&dmode=nm
AM,AM,203,MR,41,https://www.dhsprogram.com/customcf/legacy/data/download_dataset.cfm?Filename=AMMR41FL.zip&Tp=1&Ctry_Code=AM&surv_id=203&dm=1&dmode=nm
AM,AM,262,MR,52,https://www.dhsprogram.com/customcf/legacy/data/download_dataset.cfm?Filename=AMMR52FL.zip&Tp=1&Ctry_Code=AM&surv_id=262&dm=1&dmode=nm
AM,AM,354,MR,61,https://www.dhsprogram.com/customcf/legacy/data/download_dataset.cfm?Filename=AMMR61FL.zip&Tp=1&Ctry_Code=AM&surv_id=354&dm=1&dmode=nm
AM,AM,492,MR,72,https://www.dhsprogram.com/customcf/legacy/data/download_dataset.cfm?Filename=AMMR72FL.zip&Tp=1&Ctry_Code=AM&surv_id=492&dm=1&dmode=nm
AM,AM,203,PR,42,https://www.dhsprogram.com/customcf/legacy/data/download_dataset.cfm?Filename=AMPR42FL.zip&Tp=1&Ctry_Code=AM&surv_id=203&dm=1&dmode=nm
AM,AM,262,PR,54,https://www.dhsprogram.com/customcf/legacy/data/download_dataset.cfm?Filename=AMPR54FL.zip&Tp=1&Ctry_Code=AM&surv_id=262&dm=1&dmode=nm
AM,AM,354,PR,61,https://www.dhsprogram.com/customcf/legacy/data/download_dataset.cfm?Filename=AMPR61FL.zip&Tp=1&Ctry_Code=AM&surv_id=354&dm=1&dmode=nm
AM,AM,492,PR,72,https://www.dhsprogram.com/customcf/legacy/data/download_dataset.cfm?Filename=AMPR72FL.zip&Tp=1&Ctry_Code=AM&surv_id=492&dm=1&dmode=nm
AM,AM,203,WI,42,https://www.dhsprogram.com/customcf/legacy/data/download_dataset.cfm?Filename=AMWI42FL.zip&Tp=1&Ctry_Code=AM&surv_id=203&dm=1&dmode=nm
AM,AM,354,GE,61,https://www.dhsprogram.com/customcf/legacy/data/download_dataset.cfm?Filename=AMGE61FL.zip&Tp=2&Ctry_Code=AM&surv_id=354&dm=1&dmode=nm
AM,AM,492,GE,71,https://www.dhsprogram.com/customcf/legacy/data/download_dataset.cfm?Filename=AMGE71FL.zip&Tp=2&Ctry_Code=AM&surv_id=492&dm=1&dmode=nm
AZ,AZ,279,BR,52,https://www.dhsprogram.com/customcf/legacy/data/download_dataset.cfm?Filename=AZBR52FL.zip&Tp=1&Ctry_Code=AZ&surv_id=279&dm=1&dmode=nm
AZ,AZ,279,CR,52,https://www.dhsprogram.com/customcf/legacy/data/download_dataset.cfm?Filename=AZCR52FL.zip&Tp=1&Ctry_Code=AZ&surv_id=279&dm=1&dmode=nm
AZ,AZ,279,HR,52,https://www.dhsprogram.com/customcf/legacy/data/download_dataset.cfm?Filename=AZHR52FL.zip&Tp=1&Ctry_Code=AZ&surv_id=279&dm=1&dmode=nm
AZ,AZ,279,IR,52,https://www.dhsprogram.com/customcf/legacy/data/download_dataset.cfm?Filename=AZIR52FL.zip&Tp=1&Ctry_Code=AZ&surv_id=279&dm=1&dmode=nm
AZ,AZ,279,KR,52,https://www.dhsprogram.com/customcf/legacy/data/download_dataset.cfm?Filename=AZKR52FL.zip&Tp=1&Ctry_Code=AZ&surv_id=279&dm=1&dmode=nm
AZ,AZ,279,MR,52,https://www.dhsprogram.com/customcf/legacy/data/download_dataset.cfm?Filename=AZMR52FL.zip&Tp=1&Ctry_Code=AZ&surv_id=279&dm=1&dmode=nm
AZ,AZ,279,PR,52,https://www.dhsprogram.com/customcf/legacy/data/download_dataset.cfm?Filename=AZPR52FL.zip&Tp=1&Ctry_Code=AZ&surv_id=279&dm=1&dmode=nm
BD,BD,59,BR,31,https://www.dhsprogram.com/customcf/legacy/data/download_dataset.cfm?Filename=BDBR31FL.zip&Tp=1&Ctry_Code=BD&surv_id=59&dm=1&dmode=nm
BD,BD,89,BR,3A,https://www.dhsprogram.com/customcf/legacy/data/download_dataset.cfm?Filename=BDBR3AFL.zip&Tp=1&Ctry_Code=BD&surv_id=89&dm=1&dmode=nm
BD,BD,135,BR,41,https://www.dhsprogram.com/customcf/legacy/data/download_dataset.cfm?Filename=BDBR41FL.zip&Tp=1&Ctry_Code=BD&surv_id=135&dm=1&dmode=nm
BD,BD,236,BR,4J,https://www.dhsprogram.com/customcf/legacy/data/download_dataset.cfm?Filename=BDBR4JFL.zip&Tp=1&Ctry_Code=BD&surv_id=236&dm=1&dmode=nm
BD,BD,287,BR,51,https://www.dhsprogram.com/customcf/legacy/data/download_dataset.cfm?Filename=BDBR51FL.zip&Tp=1&Ctry_Code=BD&surv_id=287&dm=1&dmode=nm
BD,BD,349,BR,61,https://www.dhsprogram.com/customcf/legacy/data/download_dataset.cfm?Filename=BDBR61FL.zip&Tp=1&Ctry_Code=BD&surv_id=349&dm=1&dmode=nm
BD,BD,461,BR,72,https://www.dhsprogram.com/customcf/legacy/data/download_dataset.cfm?Filename=BDBR72FL.zip&Tp=1&Ctry_Code=BD&surv_id=461&dm=1&dmode=nm
BD,BD,536,BR,7R,https://www.dhsprogram.com/customcf/legacy/data/download_dataset.cfm?Filename=BDBR7RFL.zip&Tp=1&Ctry_Code=BD&surv_id=536&dm=1&dmode=nm
BD,BD,584,BR,81,https://www.dhsprogram.com/customcf/legacy/data/download_dataset.cfm?Filename=BDBR81FL.zip&Tp=1&Ctry_Code=BD&surv_id=584&dm=1&dmode=nm
BD,BD,59,CR,31,https://www.dhsprogram.com/customcf/legacy/data/download_dataset.cfm?Filename=BDCR31FL.zip&Tp=1&Ctry_Code=BD&surv_id=59&dm=1&dmode=nm
BD,BD,89,CR,3A,https://www.dhsprogram.com/customcf/legacy/data/download_dataset.cfm?Filename=BDCR3AFL.zip&Tp=1&Ctry_Code=BD&surv_id=89&dm=1&dmode=nm
BD,BD,135,CR,41,https://www.dhsprogram.com/customcf/legacy/data/download_dataset.cfm?Filename=BDCR41FL.zip&Tp=1&Ctry_Code=BD&surv_id=135&dm=1&dmode=nm
BD,BD,236,CR,4J,https://www.dhsprogram.com/customcf/legacy/data/download_dataset.cfm?Filename=BDCR4JFL.zip&Tp=1&Ctry_Code=BD&surv_id=236&dm=1&dmode=nm
BD,BD,287,CR,51,https://www.dhsprogram.com/customcf/legacy/data/download_dataset.cfm?Filename=BDCR51FL.zip&Tp=1&Ctry_Code=BD&surv_id=287&dm=1&dmode=nm
BD,BD,349,CR,61,https://www.dhsprogram.com/customcf/legacy/data/download_dataset.cfm?Filename=BDCR61FL.zip&Tp=1&Ctry_Code=BD&surv_id=349&dm=1&dmode=nm
BD,BD,137,HH,4A,https://www.dhsprogram.com/customcf/legacy/data/download_dataset.cfm?Filename=BDHH4AFL.zip&Tp=1&Ctry_Code=BD&surv_id=137&dm=1&dmode=nm
BD,BD,59,HR,31,https://www.dhsprogram.com/customcf/legacy/data/download_dataset.cfm?Filename=BDHR31FL.zip&Tp=1&Ctry_Code=BD&surv_id=59&dm=1&dmode=nm
BD,BD,89,HR,3A,https://www.dhsprogram.com/customcf/legacy/data/download_dataset.cfm?Filename=BDHR3AFL.zip&Tp=1&Ctry_Code=BD&surv_id=89&dm=1&dmode=nm
BD,BD,135,HR,41,https://www.dhsprogram.com/customcf/legacy/data/download_dataset.cfm?Filename=BDHR41FL.zip&Tp=1&Ctry_Code=BD&surv_id=135&dm=1&dmode=nm
BD,BD,236,HR,4J,https://www.dhsprogram.com/customcf/legacy/data/download_dataset.cfm?Filename=BDHR4JFL.zip&Tp=1&Ctry_Code=BD&surv_id=236&dm=1&dmode=nm
BD,BD,287,HR,51,https://www.dhsprogram.com/customcf/legacy/data/download_dataset.cfm?Filename=BDHR51FL.zip&Tp=1&Ctry_Code=BD&surv_id=287&dm=1&dmode=nm
BD,BD,349,HR,61,https://www.dhsprogram.com/customcf/legacy/data/download_dataset.cfm?Filename=BDHR61FL.zip&Tp=1&Ctry_Code=BD&surv_id=349&dm=1&dmode=nm
BD,BD,461,HR,72,https://www.dhsprogram.com/customcf/legacy/data/download_dataset.cfm?Filename=BDHR72FL.zip&Tp=1&Ctry_Code=BD&surv_id=461&dm=1&dmode=nm
BD,BD,536,HR,7R,https://www.dhsprogram.com/customcf/legacy/data/download_dataset.cfm?Filename=BDHR7RFL.zip&Tp=1&Ctry_Code=BD&surv_id=536&dm=1&dmode=nm
BD,BD,584,HR,81,https://www.dhsprogram.com/customcf/legacy/data/download_dataset.cfm?Filename=BDHR81FL.zip&Tp=1&Ctry_Code=BD&surv_id=584&dm=1&dmode=nm
BD,BD,89,HW,3A,https://www.dhsprogram.com/customcf/legacy/data/download_dataset.cfm?Filename=BDHW3AFL.zip&Tp=1&Ctry_Code=BD&surv_id=89&dm=1&dmode=nm
BD,BD,135,HW,41,https://www.dhsprogram.com/customcf/legacy/data/download_dataset.cfm?Filename=BDHW41FL.zip&Tp=1&Ctry_Code=BD&surv_id=135&dm=1&dmode=nm
BD,BD,236,HW,4J,https://www.dhsprogram.com/customcf/legacy/data/download_dataset.cfm?Filename=BDHW4JFL.zip&Tp=1&Ctry_Code=BD&surv_id=236&dm=1&dmode=nm
BD,BD,137,IQ,4A,https://www.dhsprogram.com/customcf/legacy/data/download_dataset.cfm?Filename=BDIQ4AFL.zip&Tp=1&Ctry_Code=BD&surv_id=137&dm=1&dmode=nm
BD,BD,59,IR,31,https://www.dhsprogram.com/customcf/legacy/data/download_dataset.cfm?Filename=BDIR31FL.zip&Tp=1&Ctry_Code=BD&surv_id=59&dm=1&dmode=nm
BD,BD,89,IR,3A,https://www.dhsprogram.com/customcf/legacy/data/download_dataset.cfm?Filename=BDIR3AFL.zip&Tp=1&Ctry_Code=BD&surv_id=89&dm=1&dmode=nm
BD,BD,135,IR,41,https://www.dhsprogram.com/customcf/legacy/data/download_dataset.cfm?Filename=BDIR41FL.zip&Tp=1&Ctry_Code=BD&surv_id=135&dm=1&dmode=nm
BD,BD,236,IR,4J,https://www.dhsprogram.com/customcf/legacy/data/download_dataset.cfm?Filename=BDIR4JFL.zip&Tp=1&Ctry_Code=BD&surv_id=236&dm=1&dmode=nm
BD,BD,287,IR,51,https://www.dhsprogram.com/customcf/legacy/data/download_dataset.cfm?Filename=BDIR51FL.zip&Tp=1&Ctry_Code=BD&surv_id=287&dm=1&dmode=nm
BD,BD,349,IR,61,https://www.dhsprogram.com/customcf/legacy/data/download_dataset.cfm?Filename=BDIR61FL.zip&Tp=1&Ctry_Code=BD&surv_id=349&dm=1&dmode=nm
BD,BD,461,IR,72,https://www.dhsprogram.com/customcf/legacy/data/download_dataset.cfm?Filename=BDIR72FL.zip&Tp=1&Ctry_Code=BD&surv_id=461&dm=1&dmode=nm
BD,BD,536,IR,7R,https://www.dhsprogram.com/customcf/legacy/data/download_dataset.cfm?Filename=BDIR7RFL.zip&Tp=1&Ctry_Code=BD&surv_id=536&dm=1&dmode=nm
BD,BD,584,IR,81,https://www.dhsprogram.com/customcf/legacy/data/download_dataset.cfm?Filename=BDIR81FL.zip&Tp=1&Ctry_Code=BD&surv_id=584&dm=1&dmode=nm
BD,BD,59,KR,31,https://www.dhsprogram.com/customcf/legacy/data/download_dataset.cfm?Filename=BDKR31FL.zip&Tp=1&Ctry_Code=BD&surv_id=59&dm=1&dmode=nm
BD,BD,89,KR,3A,https://www.dhsprogram.com/customcf/legacy/data/download_dataset.cfm?Filename=BDKR3AFL.zip&Tp=1&Ctry_Code=BD&surv_id=89&dm=1&dmode=nm
BD,BD,135,KR,41,https://www.dhsprogram.com/customcf/legacy/data/download_dataset.cfm?Filename=BDKR41FL.zip&Tp=1&Ctry_Code=BD&surv_id=135&dm=1&dmode=nm
BD,BD,236,KR,4J,https://www.dhsprogram.com/customcf/legacy/data/download_dataset.cfm?Filename=BDKR4JFL.zip&Tp=1&Ctry_Code=BD&surv_id=236&dm=1&dmode=nm
BD,BD,287,KR,51,https://www.dhsprogram.com/customcf/legacy/data/download_dataset.cfm?Filename=BDKR51FL.zip&Tp=1&Ctry_Code=BD&surv_id=287&dm=1&dmode=nm
BD,BD,349,KR,61,https://www.dhsprogram.com/customcf/legacy/data/download_dataset.cfm?Filename=BDKR61FL.zip&Tp=1&Ctry_Code=BD&surv_id=349&dm=1&dmode=nm
BD,BD,461,KR,72,https://www.dhsprogram.com/customcf/legacy/data/download_dataset.cfm?Filename=BDKR72FL.zip&Tp=1&Ctry_Code=BD&surv_id=461&dm=1&dmode=nm
BD,BD,536,KR,7R,https://www.dhsprogram.com/customcf/legacy/data/download_dataset.cfm?Filename=BDKR7RFL.zip&Tp=1&Ctry_Code=BD&surv_id=536&dm=1&dmode=nm
BD,BD,584,KR,81,https://www.dhsprogram.com/customcf/legacy/data/download_dataset.cfm?Filename=BDKR81FL.zip&Tp=1&Ctry_Code=BD&surv_id=584&dm=1&dmode=nm
BD,BD,59,MR,31,https://www.dhsprogram.com/customcf/legacy/data/download_dataset.cfm?Filename=BDMR31FL.zip&Tp=1&Ctry_Code=BD&surv_id=59&dm=1&dmode=nm
BD,BD,89,MR,3A,https://www.dhsprogram.com/customcf/legacy/data/download_dataset.cfm?Filename=BDMR3AFL.zip&Tp=1&Ctry_Code=BD&surv_id=89&dm=1&dmode=nm
BD,BD,135,MR,41,https://www.dhsprogram.com/customcf/legacy/data/download_dataset.cfm?Filename=BDMR41FL.zip&Tp=1&Ctry_Code=BD&surv_id=135&dm=1&dmode=nm
BD,BD,236,MR,4J,https://www.dhsprogram.com/customcf/legacy/data/download_dataset.cfm?Filename=BDMR4JFL.zip&Tp=1&Ctry_Code=BD&surv_id=236&dm=1&dmode=nm
BD,BD,287,MR,51,https://www.dhsprogram.com/customcf/legacy/data/download_dataset.cfm?Filename=BDMR51FL.zip&Tp=1&Ctry_Code=BD&surv_id=287&dm=1&dmode=nm
BD,BD,349,MR,61,https://www.dhsprogram.com/customcf/legacy/data/download_dataset.cfm?Filename=BDMR61FL.zip&Tp=1&Ctry_Code=BD&surv_id=349&dm=1&dmode=nm
BD,BD,59,PR,31,https://www.dhsprogram.com/customcf/legacy/data/download_dataset.cfm?Filename=BDPR31FL.zip&Tp=1&Ctry_Code=BD&surv_id=59&dm=1&dmode=nm
BD,BD,89,PR,3A,https://www.dhsprogram.com/customcf/legacy/data/download_dataset.cfm?Filename=BDPR3AFL.zip&Tp=1&Ctry_Code=BD&surv_id=89&dm=1&dmode=nm
BD,BD,135,PR,41,https://www.dhsprogram.com/customcf/legacy/data/download_dataset.cfm?Filename=BDPR41FL.zip&Tp=1&Ctry_Code=BD&surv_id=135&dm=1&dmode=nm
BD,BD,236,PR,4J,https://www.dhsprogram.com/customcf/legacy/data/download_dataset.cfm?Filename=BDPR4JFL.zip&Tp=1&Ctry_Code=BD&surv_id=236&dm=1&dmode=nm
BD,BD,287,PR,51,https://www.dhsprogram.com/customcf/legacy/data/download_dataset.cfm?Filename=BDPR51FL.zip&Tp=1&Ctry_Code=BD&surv_id=287&dm=1&dmode=nm
BD,BD,349,PR,61,https://www.dhsprogram.com/customcf/legacy/data/download_dataset.cfm?Filename=BDPR61FL.zip&Tp=1&Ctry_Code=BD&surv_id=349&dm=1&dmode=nm
BD,BD,461,PR,72,https://www.dhsprogram.com/customcf/legacy/data/download_dataset.cfm?Filename=BDPR72FL.zip&Tp=1&Ctry_Code=BD&surv_id=461&dm=1&dmode=nm
BD,BD,536,PR,7R,https://www.dhsprogram.com/customcf/legacy/data/download_dataset.cfm?Filename=BDPR7RFL.zip&Tp=1&Ctry_Code=BD&surv_id=536&dm=1&dmode=nm
BD,BD,584,PR,81,https://www.dhsprogram.com/customcf/legacy/data/download_dataset.cfm?Filename=BDPR81FL.zip&Tp=1&Ctry_Code=BD&surv_id=584&dm=1&dmode=nm
BD,BD,59,SQ,35,https://www.dhsprogram.com/customcf/legacy/data/download_dataset.cfm?Filename=BDSQ35FL.zip&Tp=1&Ctry_Code=BD&surv_id=59&dm=1&dmode=nm
BD,BD,89,SQ,3A,https://www.dhsprogram.com/customcf/legacy/data/download_dataset.cfm?Filename=BDSQ3AFL.zip&Tp=1&Ctry_Code=BD&surv_id=89&dm=1&dmode=nm
BD,BD,236,SQ,4I,https://www.dhsprogram.com/customcf/legacy/data/download_dataset.cfm?Filename=BDSQ4IFL.zip&Tp=1&Ctry_Code=BD&surv_id=236&dm=1&dmode=nm
BD,BD,287,SQ,51,https://www.dhsprogram.com/customcf/legacy/data/download_dataset.cfm?Filename=BDSQ51FL.zip&Tp=1&Ctry_Code=BD&surv_id=287&dm=1&dmode=nm
BD,BD,349,SQ,61,https://www.dhsprogram.com/customcf/legacy/data/download_dataset.cfm?Filename=BDSQ61FL.zip&Tp=1&Ctry_Code=BD&surv_id=349&dm=1&dmode=nm
BD,BD,461,SQ,71,https://www.dhsprogram.com/customcf/legacy/data/download_dataset.cfm?Filename=BDSQ71FL.zip&Tp=1&Ctry_Code=BD&surv_id=461&dm=1&dmode=nm
BD,BD,536,SQ,7R,https://www.dhsprogram.com/customcf/legacy/data/download_dataset.cfm?Filename=BDSQ7RFL.zip&Tp=1&Ctry_Code=BD&surv_id=536&dm=1&dmode=nm
BD,BD,137,VA,4A,https://www.dhsprogram.com/customcf/legacy/data/download_dataset.cfm?Filename=BDVA4AFL.zip&Tp=1&Ctry_Code=BD&surv_id=137&dm=1&dmode=nm
BD,BD,236,VA,4I,https://www.dhsprogram.com/customcf/legacy/data/download_dataset.cfm?Filename=BDVA4IFL.zip&Tp=1&Ctry_Code=BD&surv_id=236&dm=1&dmode=nm
BD,BD,349,VA,62,https://www.dhsprogram.com/customcf/legacy/data/download_dataset.cfm?Filename=BDVA62FL.zip&Tp=1&Ctry_Code=BD&surv_id=349&dm=1&dmode=nm
BD,BD,536,VA,7R,https://www.dhsprogram.com/customcf/legacy/data/download_dataset.cfm?Filename=BDVA7RFL.zip&Tp=1&Ctry_Code=BD&surv_id=536&dm=1&dmode=nm
BD,BD,584,VA,81,https://www.dhsprogram.com/customcf/legacy/data/download_dataset.cfm?Filename=BDVA81FL.zip&Tp=1&Ctry_Code=BD&surv_id=584&dm=1&dmode=nm
BD,BD,59,WI,31,https://www.dhsprogram.com/customcf/legacy/data/download_dataset.cfm?Filename=BDWI31FL.zip&Tp=1&Ctry_Code=BD&surv_id=59&dm=1&dmode=nm
BD,BD,89,WI,3A,https://www.dhsprogram.com/customcf/legacy/data/download_dataset.cfm?Filename=BDWI3AFL.zip&Tp=1&Ctry_Code=BD&surv_id=89&dm=1&dmode=nm
BD,BD,135,WI,41,https://www.dhsprogram.com/customcf/legacy/data/download_dataset.cfm?Filename=BDWI41FL.zip&Tp=1&Ctry_Code=BD&surv_id=135&dm=1&dmode=nm
BD,BD,135,GE,42,https://www.dhsprogram.com/customcf/legacy/data/download_dataset.cfm?Filename=BDGE42FL.zip&Tp=2&Ctry_Code=BD&surv_id=135&dm=1&dmode=nm
BD,BD,236,GE,4J,https://www.dhsprogram.com/customcf/legacy/data/download_dataset.cfm?Filename=BDGE4JFL.zip&Tp=2&Ctry_Code=BD&surv_id=236&dm=1&dmode=nm
BD,BD,287,GE,52,https://www.dhsprogram.com/customcf/legacy/data/download_dataset.cfm?Filename=BDGE52FL.zip&Tp=2&Ctry_Code=BD&surv_id=287&dm=1&dmode=nm
BD,BD,349,GE,61,https://www.dhsprogram.com/customcf/legacy/data/download_dataset.cfm?Filename=BDGE61FL.zip&Tp=2&Ctry_Code=BD&surv_id=349&dm=1&dmode=nm
BD,BD,461,GE,71,https://www.dhsprogram.com/customcf/legacy/data/download_dataset.cfm?Filename=BDGE71FL.zip&Tp=2&Ctry_Code=BD&surv_id=461&dm=1&dmode=nm
BD,BD,536,GE,7S,https://www.dhsprogram.com/customcf/legacy/data/download_dataset.cfm?Filename=BDGE7SFL.zip&Tp=2&Ctry_Code=BD&surv_id=536&dm=1&dmode=nm
BD,BD,584,GE,81,https://www.dhsprogram.com/customcf/legacy/data/download_dataset.cfm?Filename=BDGE81FL.zip&Tp=2&Ctry_Code=BD&surv_id=584&dm=1&dmode=nm
BJ,BJ,87,BR,31,https://www.dhsprogram.com/customcf/legacy/data/download_dataset.cfm?Filename=BJBR31FL.zip&Tp=1&Ctry_Code=BJ&surv_id=87&dm=1&dmode=nm
BJ,BJ,211,BR,41,https://www.dhsprogram.com/customcf/legacy/data/download_dataset.cfm?Filename=BJBR41FL.zip&Tp=1&Ctry_Code=BJ&surv_id=211&dm=1&dmode=nm
BJ,BJ,289,BR,51,https://www.dhsprogram.com/customcf/legacy/data/download_dataset.cfm?Filename=BJBR51FL.zip&Tp=1&Ctry_Code=BJ&surv_id=289&dm=1&dmode=nm
BJ,BJ,420,BR,61,https://www.dhsprogram.com/customcf/legacy/data/download_dataset.cfm?Filename=BJBR61FL.zip&Tp=1&Ctry_Code=BJ&surv_id=420&dm=1&dmode=nm
BJ,BJ,491,BR,71,https://www.dhsprogram.com/customcf/legacy/data/download_dataset.cfm?Filename=BJBR71FL.zip&Tp=1&Ctry_Code=BJ&surv_id=491&dm=1&dmode=nm
BJ,BJ,87,CR,31,https://www.dhsprogram.com/customcf/legacy/data/download_dataset.cfm?Filename=BJCR31FL.zip&Tp=1&Ctry_Code=BJ&surv_id=87&dm=1&dmode=nm
BJ,BJ,211,CR,41,https://www.dhsprogram.com/customcf/legacy/data/download_dataset.cfm?Filename=BJCR41FL.zip&Tp=1&Ctry_Code=BJ&surv_id=211&dm=1&dmode=nm
BJ,BJ,289,CR,51,https://www.dhsprogram.com/customcf/legacy/data/download_dataset.cfm?Filename=BJCR51FL.zip&Tp=1&Ctry_Code=BJ&surv_id=289&dm=1&dmode=nm
BJ,BJ,420,CR,61,https://www.dhsprogram.com/customcf/legacy/data/download_dataset.cfm?Filename=BJCR61FL.zip&Tp=1&Ctry_Code=BJ&surv_id=420&dm=1&dmode=nm
BJ,BJ,491,CR,71,https://www.dhsprogram.com/customcf/legacy/data/download_dataset.cfm?Filename=BJCR71FL.zip&Tp=1&Ctry_Code=BJ&surv_id=491&dm=1&dmode=nm
BJ,BJ,87,HR,31,https://www.dhsprogram.com/customcf/legacy/data/download_dataset.cfm?Filename=BJHR31FL.zip&Tp=1&Ctry_Code=BJ&surv_id=87&dm=1&dmode=nm
BJ,BJ,211,HR,41,https://www.dhsprogram.com/customcf/legacy/data/download_dataset.cfm?Filename=BJHR41FL.zip&Tp=1&Ctry_Code=BJ&surv_id=211&dm=1&dmode=nm
BJ,BJ,289,HR,51,https://www.dhsprogram.com/customcf/legacy/data/download_dataset.cfm?Filename=BJHR51FL.zip&Tp=1&Ctry_Code=BJ&surv_id=289&dm=1&dmode=nm
BJ,BJ,420,HR,61,https://www.dhsprogram.com/customcf/legacy/data/download_dataset.cfm?Filename=BJHR61FL.zip&Tp=1&Ctry_Code=BJ&surv_id=420&dm=1&dmode=nm
BJ,BJ,491,HR,71,https://www.dhsprogram.com/customcf/legacy/data/download_dataset.cfm?Filename=BJHR71FL.zip&Tp=1&Ctry_Code=BJ&surv_id=491&dm=1&dmode=nm
BJ,BJ,87,HW,31,https://www.dhsprogram.com/customcf/legacy/data/download_dataset.cfm?Filename=BJHW31FL.zip&Tp=1&Ctry_Code=BJ&surv_id=87&dm=1&dmode=nm
BJ,BJ,211,HW,41,https://www.dhsprogram.com/customcf/legacy/data/download_dataset.cfm?Filename=BJHW41FL.zip&Tp=1&Ctry_Code=BJ&surv_id=211&dm=1&dmode=nm
BJ,BJ,87,IR,31,https://www.dhsprogram.com/customcf/legacy/data/download_dataset.cfm?Filename=BJIR31FL.zip&Tp=1&Ctry_Code=BJ&surv_id=87&dm=1&dmode=nm
BJ,BJ,211,IR,41,https://www.dhsprogram.com/customcf/legacy/data/download_dataset.cfm?Filename=BJIR41FL.zip&Tp=1&Ctry_Code=BJ&surv_id=211&dm=1&dmode=nm
BJ,BJ,289,IR,51,https://www.dhsprogram.com/customcf/legacy/data/download_dataset.cfm?Filename=BJIR51FL.zip&Tp=1&Ctry_Code=BJ&surv_id=289&dm=1&dmode=nm
BJ,BJ,420,IR,61,https://www.dhsprogram.com/customcf/legacy/data/download_dataset.cfm?Filename=BJIR61FL.zip&Tp=1&Ctry_Code=BJ&surv_id=420&dm=1&dmode=nm
BJ,BJ,491,IR,71,https://www.dhsprogram.com/customcf/legacy/data/download_dataset.cfm?Filename=BJIR71FL.zip&Tp=1&Ctry_Code=BJ&surv_id=491&dm=1&dmode=nm
BJ,BJ,87,KR,31,https://www.dhsprogram.com/customcf/legacy/data/download_dataset.cfm?Filename=BJKR31FL.zip&Tp=1&Ctry_Code=BJ&surv_id=87&dm=1&dmode=nm
BJ,BJ,211,KR,41,https://www.dhsprogram.com/customcf/legacy/data/download_dataset.cfm?Filename=BJKR41FL.zip&Tp=1&Ctry_Code=BJ&surv_id=211&dm=1&dmode=nm
BJ,BJ,289,KR,51,https://www.dhsprogram.com/customcf/legacy/data/download_dataset.cfm?Filename=BJKR51FL.zip&Tp=1&Ctry_Code=BJ&surv_id=289&dm=1&dmode=nm
BJ,BJ,420,KR,61,https://www.dhsprogram.com/customcf/legacy/data/download_dataset.cfm?Filename=BJKR61FL.zip&Tp=1&Ctry_Code=BJ&surv_id=420&dm=1&dmode=nm
BJ,BJ,491,KR,71,https://www.dhsprogram.com/customcf/legacy/data/download_dataset.cfm?Filename=BJKR71FL.zip&Tp=1&Ctry_Code=BJ&surv_id=491&dm=1&dmode=nm
BJ,BJ,87,MR,31,https://www.dhsprogram.com/customcf/legacy/data/download_dataset.cfm?Filename=BJMR31FL.zip&Tp=1&Ctry_Code=BJ&surv_id=87&dm=1&dmode=nm
BJ,BJ,211,MR,41,https://www.dhsprogram.com/customcf/legacy/data/download_dataset.cfm?Filename=BJMR41FL.zip&Tp=1&Ctry_Code=BJ&surv_id=211&dm=1&dmode=nm
BJ,BJ,289,MR,51,https://www.dhsprogram.com/customcf/legacy/data/download_dataset.cfm?Filename=BJMR51FL.zip&Tp=1&Ctry_Code=BJ&surv_id=289&dm=1&dmode=nm
BJ,BJ,420,MR,61,https://www.dhsprogram.com/customcf/legacy/data/download_dataset.cfm?Filename=BJMR61FL.zip&Tp=1&Ctry_Code=BJ&surv_id=420&dm=1&dmode=nm
BJ,BJ,491,MR,71,https://www.dhsprogram.com/customcf/legacy/data/download_dataset.cfm?Filename=BJMR71FL.zip&Tp=1&Ctry_Code=BJ&surv_id=491&dm=1&dmode=nm
BJ,BJ,87,PR,31,https://www.dhsprogram.com/customcf/legacy/data/download_dataset.cfm?Filename=BJPR31FL.zip&Tp=1&Ctry_Code=BJ&surv_id=87&dm=1&dmode=nm
BJ,BJ,211,PR,41,https://www.dhsprogram.com/customcf/legacy/data/download_dataset.cfm?Filename=BJPR41FL.zip&Tp=1&Ctry_Code=BJ&surv_id=211&dm=1&dmode=nm
BJ,BJ,289,PR,51,https://www.dhsprogram.com/customcf/legacy/data/download_dataset.cfm?Filename=BJPR51FL.zip&Tp=1&Ctry_Code=BJ&surv_id=289&dm=1&dmode=nm
BJ,BJ,420,PR,61,https://www.dhsprogram.com/customcf/legacy/data/download_dataset.cfm?Filename=BJPR61FL.zip&Tp=1&Ctry_Code=BJ&surv_id=420&dm=1&dmode=nm
BJ,BJ,491,PR,71,https://www.dhsprogram.com/customcf/legacy/data/download_dataset.cfm?Filename=BJPR71FL.zip&Tp=1&Ctry_Code=BJ&surv_id=491&dm=1&dmode=nm
BJ,BJ,87,SQ,38,https://www.dhsprogram.com/customcf/legacy/data/download_dataset.cfm?Filename=BJSQ38FL.zip&Tp=1&Ctry_Code=BJ&surv_id=87&dm=1&dmode=nm
BJ,BJ,211,SQ,41,https://www.dhsprogram.com/customcf/legacy/data/download_dataset.cfm?Filename=BJSQ41FL.zip&Tp=1&Ctry_Code=BJ&surv_id=211&dm=1&dmode=nm
BJ,BJ,289,SQ,51,https://www.dhsprogram.com/customcf/legacy/data/download_dataset.cfm?Filename=BJSQ51FL.zip&Tp=1&Ctry_Code=BJ&surv_id=289&dm=1&dmode=nm
BJ,BJ,87,WI,31,https://www.dhsprogram.com/customcf/legacy/data/download_dataset.cfm?Filename=BJWI31FL.zip&Tp=1&Ctry_Code=BJ&surv_id=87&dm=1&dmode=nm
BJ,BJ,211,WI,41,https://www.dhsprogram.com/customcf/legacy/data/download_dataset.cfm?Filename=BJWI41FL.zip&Tp=1&Ctry_Code=BJ&surv_id=211&dm=1&dmode=nm
BJ,BJ,87,GE,33,https://www.dhsprogram.com/customcf/legacy/data/download_dataset.cfm?Filename=BJGE33FL.zip&Tp=2&Ctry_Code=BJ&surv_id=87&dm=1&dmode=nm
BJ,BJ,211,GE,42,https://www.dhsprogram.com/customcf/legacy/data/download_dataset.cfm?Filename=BJGE42FL.zip&Tp=2&Ctry_Code=BJ&surv_id=211&dm=1&dmode=nm
BJ,BJ,420,GE,61,https://www.dhsprogram.com/customcf/legacy/data/download_dataset.cfm?Filename=BJGE61FL.zip&Tp=2&Ctry_Code=BJ&surv_id=420&dm=1&dmode=nm
BJ,BJ,491,GE,71,https://www.dhsprogram.com/customcf/legacy/data/download_dataset.cfm?Filename=BJGE71FL.zip&Tp=2&Ctry_Code=BJ&surv_id=491&dm=1&dmode=nm
BO,BO,28,BR,01,https://www.dhsprogram.com/customcf/legacy/data/download_dataset.cfm?Filename=BOBR01FL.zip&Tp=1&Ctry_Code=BO&surv_id=28&dm=1&dmode=nm
BO,BO,65,BR,31,https://www.dhsprogram.com/customcf/legacy/data/download_dataset.cfm?Filename=BOBR31FL.zip&Tp=1&Ctry_Code=BO&surv_id=65&dm=1&dmode=nm
BO,BO,98,BR,3B,https://www.dhsprogram.com/customcf/legacy/data/download_dataset.cfm?Filename=BOBR3BFL.zip&Tp=1&Ctry_Code=BO&surv_id=98&dm=1&dmode=nm
BO,BO,238,BR,41,https://www.dhsprogram.com/customcf/legacy/data/download_dataset.cfm?Filename=BOBR41FL.zip&Tp=1&Ctry_Code=BO&surv_id=238&dm=1&dmode=nm
BO,BO,319,BR,51,https://www.dhsprogram.com/customcf/legacy/data/download_dataset.cfm?Filename=BOBR51FL.zip&Tp=1&Ctry_Code=BO&surv_id=319&dm=1&dmode=nm
BO,BO,98,CR,3B,https://www.dhsprogram.com/customcf/legacy/data/download_dataset.cfm?Filename=BOCR3BFL.zip&Tp=1&Ctry_Code=BO&surv_id=98&dm=1&dmode=nm
BO,BO,238,CR,41,https://www.dhsprogram.com/customcf/legacy/data/download_dataset.cfm?Filename=BOCR41FL.zip&Tp=1&Ctry_Code=BO&surv_id=238&dm=1&dmode=nm
BO,BO,319,CR,51,https://www.dhsprogram.com/customcf/legacy/data/download_dataset.cfm?Filename=BOCR51FL.zip&Tp=1&Ctry_Code=BO&surv_id=319&dm=1&dmode=nm
BO,BO,28,HH,01,https://www.dhsprogram.com/customcf/legacy/data/download_dataset.cfm?Filename=BOHH01FL.zip&Tp=1&Ctry_Code=BO&surv_id=28&dm=1&dmode=nm
BO,BO,65,HH,33,https://www.dhsprogram.com/customcf/legacy/data/download_dataset.cfm?Filename=BOHH33FL.zip&Tp=1&Ctry_Code=BO&surv_id=65&dm=1&dmode=nm
BO,BO,65,HR,31,https://www.dhsprogram.com/customcf/legacy/data/download_dataset.cfm?Filename=BOHR31FL.zip&Tp=1&Ctry_Code=BO&surv_id=65&dm=1&dmode=nm
BO,BO,98,HR,3B,https://www.dhsprogram.com/customcf/legacy/data/download_dataset.cfm?Filename=BOHR3BFL.zip&Tp=1&Ctry_Code=BO&surv_id=98&dm=1&dmode=nm
BO,BO,238,HR,41,https://www.dhsprogram.com/customcf/legacy/data/download_dataset.cfm?Filename=BOHR41FL.zip&Tp=1&Ctry_Code=BO&surv_id=238&dm=1&dmode=nm
BO,BO,319,HR,51,https://www.dhsprogram.com/customcf/legacy/data/download_dataset.cfm?Filename=BOHR51FL.zip&Tp=1&Ctry_Code=BO&surv_id=319&dm=1&dmode=nm
BO,BO,28,HW,01,https://www.dhsprogram.com/customcf/legacy/data/download_dataset.cfm?Filename=BOHW01FL.zip&Tp=1&Ctry_Code=BO&surv_id=28&dm=1&dmode=nm
BO,BO,65,HW,31,https://www.dhsprogram.com/customcf/legacy/data/download_dataset.cfm?Filename=BOHW31FL.zip&Tp=1&Ctry_Code=BO&surv_id=65&dm=1&dmode=nm
BO,BO,98,HW,3B,https://www.dhsprogram.com/customcf/legacy/data/download_dataset.cfm?Filename=BOHW3BFL.zip&Tp=1&Ctry_Code=BO&surv_id=98&dm=1&dmode=nm
BO,BO,238,HW,41,https://www.dhsprogram.com/customcf/legacy/data/download_dataset.cfm?Filename=BOHW41FL.zip&Tp=1&Ctry_Code=BO&surv_id=238&dm=1&dmode=nm
BO,BO,65,IQ,33,https://www.dhsprogram.com/customcf/legacy/data/download_dataset.cfm?Filename=BOIQ33FL.zip&Tp=1&Ctry_Code=BO&surv_id=65&dm=1&dmode=nm
BO,BO,28,IR,01,https://www.dhsprogram.com/customcf/legacy/data/download_dataset.cfm?Filename=BOIR01FL.zip&Tp=1&Ctry_Code=BO&surv_id=28&dm=1&dmode=nm
BO,BO,65,IR,31,https://www.dhsprogram.com/customcf/legacy/data/download_dataset.cfm?Filename=BOIR31FL.zip&Tp=1&Ctry_Code=BO&surv_id=65&dm=1&dmode=nm
BO,BO,98,IR,3B,https://www.dhsprogram.com/customcf/legacy/data/download_dataset.cfm?Filename=BOIR3BFL.zip&Tp=1&Ctry_Code=BO&surv_id=98&dm=1&dmode=nm
BO,BO,238,IR,41,https://www.dhsprogram.com/customcf/legacy/data/download_dataset.cfm?Filename=BOIR41FL.zip&Tp=1&Ctry_Code=BO&surv_id=238&dm=1&dmode=nm
BO,BO,319,IR,51,https://www.dhsprogram.com/customcf/legacy/data/download_dataset.cfm?Filename=BOIR51FL.zip&Tp=1&Ctry_Code=BO&surv_id=319&dm=1&dmode=nm
BO,BO,28,KR,01,https://www.dhsprogram.com/customcf/legacy/data/download_dataset.cfm?Filename=BOKR01FL.zip&Tp=1&Ctry_Code=BO&surv_id=28&dm=1&dmode=nm
BO,BO,65,KR,31,https://www.dhsprogram.com/customcf/legacy/data/download_dataset.cfm?Filename=BOKR31FL.zip&Tp=1&Ctry_Code=BO&surv_id=65&dm=1&dmode=nm
BO,BO,98,KR,3B,https://www.dhsprogram.com/customcf/legacy/data/download_dataset.cfm?Filename=BOKR3BFL.zip&Tp=1&Ctry_Code=BO&surv_id=98&dm=1&dmode=nm
BO,BO,238,KR,41,https://www.dhsprogram.com/customcf/legacy/data/download_dataset.cfm?Filename=BOKR41FL.zip&Tp=1&Ctry_Code=BO&surv_id=238&dm=1&dmode=nm
BO,BO,319,KR,51,https://www.dhsprogram.com/customcf/legacy/data/download_dataset.cfm?Filename=BOKR51FL.zip&Tp=1&Ctry_Code=BO&surv_id=319&dm=1&dmode=nm
BO,BO,98,MR,3B,https://www.dhsprogram.com/customcf/legacy/data/download_dataset.cfm?Filename=BOMR3BFL.zip&Tp=1&Ctry_Code=BO&surv_id=98&dm=1&dmode=nm
BO,BO,238,MR,41,https://www.dhsprogram.com/customcf/legacy/data/download_dataset.cfm?Filename=BOMR41FL.zip&Tp=1&Ctry_Code=BO&surv_id=238&dm=1&dmode=nm
BO,BO,319,MR,51,https://www.dhsprogram.com/customcf/legacy/data/download_dataset.cfm?Filename=BOMR51FL.zip&Tp=1&Ctry_Code=BO&surv_id=319&dm=1&dmode=nm
BO,BO,65,PR,31,https://www.dhsprogram.com/customcf/legacy/data/download_dataset.cfm?Filename=BOPR31FL.zip&Tp=1&Ctry_Code=BO&surv_id=65&dm=1&dmode=nm
BO,BO,98,PR,3B,https://www.dhsprogram.com/customcf/legacy/data/download_dataset.cfm?Filename=BOPR3BFL.zip&Tp=1&Ctry_Code=BO&surv_id=98&dm=1&dmode=nm
BO,BO,238,PR,41,https://www.dhsprogram.com/customcf/legacy/data/download_dataset.cfm?Filename=BOPR41FL.zip&Tp=1&Ctry_Code=BO&surv_id=238&dm=1&dmode=nm
BO,BO,319,PR,51,https://www.dhsprogram.com/customcf/legacy/data/download_dataset.cfm?Filename=BOPR51FL.zip&Tp=1&Ctry_Code=BO&surv_id=319&dm=1&dmode=nm
BO,BO,65,SQ,33,https://www.dhsprogram.com/customcf/legacy/data/download_dataset.cfm?Filename=BOSQ33FL.zip&Tp=1&Ctry_Code=BO&surv_id=65&dm=1&dmode=nm
BO,BO,65,WI,31,https://www.dhsprogram.com/customcf/legacy/data/download_dataset.cfm?Filename=BOWI31FL.zip&Tp=1&Ctry_Code=BO&surv_id=65&dm=1&dmode=nm
BO,BO,98,WI,3B,https://www.dhsprogram.com/customcf/legacy/data/download_dataset.cfm?Filename=BOWI3BFL.zip&Tp=1&Ctry_Code=BO&surv_id=98&dm=1&dmode=nm
BO,BO,319,GE,53,https://www.dhsprogram.com/customcf/legacy/data/download_dataset.cfm?Filename=BOGE53FL.zip&Tp=2&Ctry_Code=BO&surv_id=319&dm=1&dmode=nm
BR,BR,2,BR,01,https://www.dhsprogram.com/customcf/legacy/data/download_dataset.cfm?Filename=BRBR01FL.zip&Tp=1&Ctry_Code=BR&surv_id=2&dm=1&dmode=nm
BR,BR,40,BR,21,https://www.dhsprogram.com/customcf/legacy/data/download_dataset.cfm?Filename=BRBR21FL.zip&Tp=1&Ctry_Code=BR&surv_id=40&dm=1&dmode=nm
BR,BR,85,BR,31,https://www.dhsprogram.com/customcf/legacy/data/download_dataset.cfm?Filename=BRBR31FL.zip&Tp=1&Ctry_Code=BR&surv_id=85&dm=1&dmode=nm
BR,BR,85,CR,31,https://www.dhsprogram.com/customcf/legacy/data/download_dataset.cfm?Filename=BRCR31FL.zip&Tp=1&Ctry_Code=BR&surv_id=85&dm=1&dmode=nm
BR,BR,2,HH,02,https://www.dhsprogram.com/customcf/legacy/data/download_dataset.cfm?Filename=BRHH02FL.zip&Tp=1&Ctry_Code=BR&surv_id=2&dm=1&dmode=nm
BR,BR,40,HR,21,https://www.dhsprogram.com/customcf/legacy/data/download_dataset.cfm?Filename=BRHR21FL.zip&Tp=1&Ctry_Code=BR&surv_id=40&dm=1&dmode=nm
BR,BR,85,HR,31,https://www.dhsprogram.com/customcf/legacy/data/download_dataset.cfm?Filename=BRHR31FL.zip&Tp=1&Ctry_Code=BR&surv_id=85&dm=1&dmode=nm
BR,BR,2,HW,01,https://www.dhsprogram.com/customcf/legacy/data/download_dataset.cfm?Filename=BRHW01FL.zip&Tp=1&Ctry_Code=BR&surv_id=2&dm=1&dmode=nm
BR,BR,85,HW,31,https://www.dhsprogram.com/customcf/legacy/data/download_dataset.cfm?Filename=BRHW31FL.zip&Tp=1&Ctry_Code=BR&surv_id=85&dm=1&dmode=nm
BR,BR,2,IR,01,https://www.dhsprogram.com/customcf/legacy/data/download_dataset.cfm?Filename=BRIR01FL.zip&Tp=1&Ctry_Code=BR&surv_id=2&dm=1&dmode=nm
BR,BR,40,IR,21,https://www.dhsprogram.com/customcf/legacy/data/download_dataset.cfm?Filename=BRIR21FL.zip&Tp=1&Ctry_Code=BR&surv_id=40&dm=1&dmode=nm
BR,BR,85,IR,31,https://www.dhsprogram.com/customcf/legacy/data/download_dataset.cfm?Filename=BRIR31FL.zip&Tp=1&Ctry_Code=BR&surv_id=85&dm=1&dmode=nm
BR,BR,2,KR,01,https://www.dhsprogram.com/customcf/legacy/data/download_dataset.cfm?Filename=BRKR01FL.zip&Tp=1&Ctry_Code=BR&surv_id=2&dm=1&dmode=nm
BR,BR,40,KR,21,https://www.dhsprogram.com/customcf/legacy/data/download_dataset.cfm?Filename=BRKR21FL.zip&Tp=1&Ctry_Code=BR&surv_id=40&dm=1&dmode=nm
BR,BR,85,KR,31,https://www.dhsprogram.com/customcf/legacy/data/download_dataset.cfm?Filename=BRKR31FL.zip&Tp=1&Ctry_Code=BR&surv_id=85&dm=1&dmode=nm
BR,BR,85,MR,31,https://www.dhsprogram.com/customcf/legacy/data/download_dataset.cfm?Filename=BRMR31FL.zip&Tp=1&Ctry_Code=BR&surv_id=85&dm=1&dmode=nm
BR,BR,40,PR,21,https://www.dhsprogram.com/customcf/legacy/data/download_dataset.cfm?Filename=BRPR21FL.zip&Tp=1&Ctry_Code=BR&surv_id=40&dm=1&dmode=nm
BR,BR,85,PR,31,https://www.dhsprogram.com/customcf/legacy/data/download_dataset.cfm?Filename=BRPR31FL.zip&Tp=1&Ctry_Code=BR&surv_id=85&dm=1&dmode=nm
BR,BR,85,WI,31,https://www.dhsprogram.com/customcf/legacy/data/download_dataset.cfm?Filename=BRWI31FL.zip&Tp=1&Ctry_Code=BR&surv_id=85&dm=1&dmode=nm
BF,BF,42,BR,21,https://www.dhsprogram.com/customcf/legacy/data/download_dataset.cfm?Filename=BFBR21FL.zip&Tp=1&Ctry_Code=BF&surv_id=42&dm=1&dmode=nm
BF,BF,116,BR,31,https://www.dhsprogram.com/customcf/legacy/data/download_dataset.cfm?Filename=BFBR31FL.zip&Tp=1&Ctry_Code=BF&surv_id=116&dm=1&dmode=nm
BF,BF,230,BR,43,https://www.dhsprogram.com/customcf/legacy/data/download_dataset.cfm?Filename=BFBR43FL.zip&Tp=1&Ctry_Code=BF&surv_id=230&dm=1&dmode=nm
BF,BF,329,BR,62,https://www.dhsprogram.com/customcf/legacy/data/download_dataset.cfm?Filename=BFBR62FL.zip&Tp=1&Ctry_Code=BF&surv_id=329&dm=1&dmode=nm
BF,BF,562,BR,81,https://www.dhsprogram.com/customcf/legacy/data/download_dataset.cfm?Filename=BFBR81FL.zip&Tp=1&Ctry_Code=BF&surv_id=562&dm=1&dmode=nm
BF,BF,42,CR,21,https://www.dhsprogram.com/customcf/legacy/data/download_dataset.cfm?Filename=BFCR21FL.zip&Tp=1&Ctry_Code=BF&surv_id=42&dm=1&dmode=nm
BF,BF,116,CR,31,https://www.dhsprogram.com/customcf/legacy/data/download_dataset.cfm?Filename=BFCR31FL.zip&Tp=1&Ctry_Code=BF&surv_id=116&dm=1&dmode=nm
BF,BF,230,CR,41,https://www.dhsprogram.com/customcf/legacy/data/download_dataset.cfm?Filename=BFCR41FL.zip&Tp=1&Ctry_Code=BF&surv_id=230&dm=1&dmode=nm
BF,BF,329,CR,62,https://www.dhsprogram.com/customcf/legacy/data/download_dataset.cfm?Filename=BFCR62FL.zip&Tp=1&Ctry_Code=BF&surv_id=329&dm=1&dmode=nm
BF,BF,562,CR,81,https://www.dhsprogram.com/customcf/legacy/data/download_dataset.cfm?Filename=BFCR81FL.zip&Tp=1&Ctry_Code=BF&surv_id=562&dm=1&dmode=nm
BF,BF,42,HR,21,https://www.dhsprogram.com/customcf/legacy/data/download_dataset.cfm?Filename=BFHR21FL.zip&Tp=1&Ctry_Code=BF&surv_id=42&dm=1&dmode=nm
BF,BF,116,HR,31,https://www.dhsprogram.com/customcf/legacy/data/download_dataset.cfm?Filename=BFHR31FL.zip&Tp=1&Ctry_Code=BF&surv_id=116&dm=1&dmode=nm
BF,BF,230,HR,43,https://www.dhsprogram.com/customcf/legacy/data/download_dataset.cfm?Filename=BFHR43FL.zip&Tp=1&Ctry_Code=BF&surv_id=230&dm=1&dmode=nm
BF,BF,329,HR,62,https://www.dhsprogram.com/customcf/legacy/data/download_dataset.cfm?Filename=BFHR62FL.zip&Tp=1&Ctry_Code=BF&surv_id=329&dm=1&dmode=nm
BF,BF,481,HR,71,https://www.dhsprogram.com/customcf/legacy/data/download_dataset.cfm?Filename=BFHR71FL.zip&Tp=1&Ctry_Code=BF&surv_id=481&dm=1&dmode=nm
BF,BF,526,HR,7A,https://www.dhsprogram.com/customcf/legacy/data/download_dataset.cfm?Filename=BFHR7AFL.zip&Tp=1&Ctry_Code=BF&surv_id=526&dm=1&dmode=nm
BF,BF,562,HR,81,https://www.dhsprogram.com/customcf/legacy/data/download_dataset.cfm?Filename=BFHR81FL.zip&Tp=1&Ctry_Code=BF&surv_id=562&dm=1&dmode=nm
BF,BF,42,HW,21,https://www.dhsprogram.com/customcf/legacy/data/download_dataset.cfm?Filename=BFHW21FL.zip&Tp=1&Ctry_Code=BF&surv_id=42&dm=1&dmode=nm
BF,BF,116,HW,31,https://www.dhsprogram.com/customcf/legacy/data/download_dataset.cfm?Filename=BFHW31FL.zip&Tp=1&Ctry_Code=BF&surv_id=116&dm=1&dmode=nm
BF,BF,230,HW,43,https://www.dhsprogram.com/customcf/legacy/data/download_dataset.cfm?Filename=BFHW43FL.zip&Tp=1&Ctry_Code=BF&surv_id=230&dm=1&dmode=nm
BF,BF,42,IR,21,https://www.dhsprogram.com/customcf/legacy/data/download_dataset.cfm?Filename=BFIR21FL.zip&Tp=1&Ctry_Code=BF&surv_id=42&dm=1&dmode=nm
BF,BF,116,IR,31,https://www.dhsprogram.com/customcf/legacy/data/download_dataset.cfm?Filename=BFIR31FL.zip&Tp=1&Ctry_Code=BF&surv_id=116&dm=1&dmode=nm
BF,BF,230,IR,43,https://www.dhsprogram.com/customcf/legacy/data/download_dataset.cfm?Filename=BFIR43FL.zip&Tp=1&Ctry_Code=BF&surv_id=230&dm=1&dmode=nm
BF,BF,329,IR,62,https://www.dhsprogram.com/customcf/legacy/data/download_dataset.cfm?Filename=BFIR62FL.zip&Tp=1&Ctry_Code=BF&surv_id=329&dm=1&dmode=nm
BF,BF,481,IR,71,https://www.dhsprogram.com/customcf/legacy/data/download_dataset.cfm?Filename=BFIR71FL.zip&Tp=1&Ctry_Code=BF&surv_id=481&dm=1&dmode=nm
BF,BF,526,IR,7A,https://www.dhsprogram.com/customcf/legacy/data/download_dataset.cfm?Filename=BFIR7AFL.zip&Tp=1&Ctry_Code=BF&surv_id=526&dm=1&dmode=nm
BF,BF,562,IR,81,https://www.dhsprogram.com/customcf/legacy/data/download_dataset.cfm?Filename=BFIR81FL.zip&Tp=1&Ctry_Code=BF&surv_id=562&dm=1&dmode=nm
BF,BF,42,KR,21,https://www.dhsprogram.com/customcf/legacy/data/download_dataset.cfm?Filename=BFKR21FL.zip&Tp=1&Ctry_Code=BF&surv_id=42&dm=1&dmode=nm
BF,BF,116,KR,31,https://www.dhsprogram.com/customcf/legacy/data/download_dataset.cfm?Filename=BFKR31FL.zip&Tp=1&Ctry_Code=BF&surv_id=116&dm=1&dmode=nm
BF,BF,230,KR,43,https://www.dhsprogram.com/customcf/legacy/data/download_dataset.cfm?Filename=BFKR43FL.zip&Tp=1&Ctry_Code=BF&surv_id=230&dm=1&dmode=nm
BF,BF,329,KR,62,https://www.dhsprogram.com/customcf/legacy/data/download_dataset.cfm?Filename=BFKR62FL.zip&Tp=1&Ctry_Code=BF&surv_id=329&dm=1&dmode=nm
BF,BF,481,KR,71,https://www.dhsprogram.com/customcf/legacy/data/download_dataset.cfm?Filename=BFKR71FL.zip&Tp=1&Ctry_Code=BF&surv_id=481&dm=1&dmode=nm
BF,BF,526,KR,7A,https://www.dhsprogram.com/customcf/legacy/data/download_dataset.cfm?Filename=BFKR7AFL.zip&Tp=1&Ctry_Code=BF&surv_id=526&dm=1&dmode=nm
BF,BF,562,KR,81,https://www.dhsprogram.com/customcf/legacy/data/download_dataset.cfm?Filename=BFKR81FL.zip&Tp=1&Ctry_Code=BF&surv_id=562&dm=1&dmode=nm
BF,BF,42,MR,21,https://www.dhsprogram.com/customcf/legacy/data/download_dataset.cfm?Filename=BFMR21FL.zip&Tp=1&Ctry_Code=BF&surv_id=42&dm=1&dmode=nm
BF,BF,116,MR,31,https://www.dhsprogram.com/customcf/legacy/data/download_dataset.cfm?Filename=BFMR31FL.zip&Tp=1&Ctry_Code=BF&surv_id=116&dm=1&dmode=nm
BF,BF,230,MR,41,https://www.dhsprogram.com/customcf/legacy/data/download_dataset.cfm?Filename=BFMR41FL.zip&Tp=1&Ctry_Code=BF&surv_id=230&dm=1&dmode=nm
BF,BF,329,MR,62,https://www.dhsprogram.com/customcf/legacy/data/download_dataset.cfm?Filename=BFMR62FL.zip&Tp=1&Ctry_Code=BF&surv_id=329&dm=1&dmode=nm
BF,BF,562,MR,81,https://www.dhsprogram.com/customcf/legacy/data/download_dataset.cfm?Filename=BFMR81FL.zip&Tp=1&Ctry_Code=BF&surv_id=562&dm=1&dmode=nm
BF,BF,42,PR,21,https://www.dhsprogram.com/customcf/legacy/data/download_dataset.cfm?Filename=BFPR21FL.zip&Tp=1&Ctry_Code=BF&surv_id=42&dm=1&dmode=nm
BF,BF,116,PR,31,https://www.dhsprogram.com/customcf/legacy/data/download_dataset.cfm?Filename=BFPR31FL.zip&Tp=1&Ctry_Code=BF&surv_id=116&dm=1&dmode=nm
BF,BF,230,PR,44,https://www.dhsprogram.com/customcf/legacy/data/download_dataset.cfm?Filename=BFPR44FL.zip&Tp=1&Ctry_Code=BF&surv_id=230&dm=1&dmode=nm
BF,BF,329,PR,62,https://www.dhsprogram.com/customcf/legacy/data/download_dataset.cfm?Filename=BFPR62FL.zip&Tp=1&Ctry_Code=BF&surv_id=329&dm=1&dmode=nm
BF,BF,481,PR,71,https://www.dhsprogram.com/customcf/legacy/data/download_dataset.cfm?Filename=BFPR71FL.zip&Tp=1&Ctry_Code=BF&surv_id=481&dm=1&dmode=nm
BF,BF,526,PR,7A,https://www.dhsprogram.com/customcf/legacy/data/download_dataset.cfm?Filename=BFPR7AFL.zip&Tp=1&Ctry_Code=BF&surv_id=526&dm=1&dmode=nm
BF,BF,562,PR,81,https://www.dhsprogram.com/customcf/legacy/data/download_dataset.cfm?Filename=BFPR81FL.zip&Tp=1&Ctry_Code=BF&surv_id=562&dm=1&dmode=nm
BF,BF,42,SQ,22,https://www.dhsprogram.com/customcf/legacy/data/download_dataset.cfm?Filename=BFSQ22FL.zip&Tp=1&Ctry_Code=BF&surv_id=42&dm=1&dmode=nm
BF,BF,42,WI,21,https://www.dhsprogram.com/customcf/legacy/data/download_dataset.cfm?Filename=BFWI21FL.zip&Tp=1&Ctry_Code=BF&surv_id=42&dm=1&dmode=nm
BF,BF,116,WI,31,https://www.dhsprogram.com/customcf/legacy/data/download_dataset.cfm?Filename=BFWI31FL.zip&Tp=1&Ctry_Code=BF&surv_id=116&dm=1&dmode=nm
BF,BF,42,GE,23,https://www.dhsprogram.com/customcf/legacy/data/download_dataset.cfm?Filename=BFGE23FL.zip&Tp=2&Ctry_Code=BF&surv_id=42&dm=1&dmode=nm
BF,BF,116,GE,32,https://www.dhsprogram.com/customcf/legacy/data/download_dataset.cfm?Filename=BFGE32FL.zip&Tp=2&Ctry_Code=BF&surv_id=116&dm=1&dmode=nm
BF,BF,230,GE,43,https://www.dhsprogram.com/customcf/legacy/data/download_dataset.cfm?Filename=BFGE43FL.zip&Tp=2&Ctry_Code=BF&surv_id=230&dm=1&dmode=nm
BF,BF,329,GE,61,https://www.dhsprogram.com/customcf/legacy/data/download_dataset.cfm?Filename=BFGE61FL.zip&Tp=2&Ctry_Code=BF&surv_id=329&dm=1&dmode=nm
BF,BF,481,GE,71,https://www.dhsprogram.com/customcf/legacy/data/download_dataset.cfm?Filename=BFGE71FL.zip&Tp=2&Ctry_Code=BF&surv_id=481&dm=1&dmode=nm
BF,BF,526,GE,7A,https://www.dhsprogram.com/customcf/legacy/data/download_dataset.cfm?Filename=BFGE7AFL.zip&Tp=2&Ctry_Code=BF&surv_id=526&dm=1&dmode=nm
BF,BF,562,GE,81,https://www.dhsprogram.com/customcf/legacy/data/download_dataset.cfm?Filename=BFGE81FL.zip&Tp=2&Ctry_Code=BF&surv_id=562&dm=1&dmode=nm
BU,BU,16,BR,01,https://www.dhsprogram.com/customcf/legacy/data/download_dataset.cfm?Filename=BUBR01FL.zip&Tp=1&Ctry_Code=BU&surv_id=16&dm=1&dmode=nm
BU,BU,346,BR,61,https://www.dhsprogram.com/customcf/legacy/data/download_dataset.cfm?Filename=BUBR61FL.zip&Tp=1&Ctry_Code=BU&surv_id=346&dm=1&dmode=nm
BU,BU,463,BR,71,https://www.dhsprogram.com/customcf/legacy/data/download_dataset.cfm?Filename=BUBR71FL.zip&Tp=1&Ctry_Code=BU&surv_id=463&dm=1&dmode=nm
BU,BU,346,CR,61,https://www.dhsprogram.com/customcf/legacy/data/download_dataset.cfm?Filename=BUCR61FL.zip&Tp=1&Ctry_Code=BU&surv_id=346&dm=1&dmode=nm
BU,BU,463,CR,71,https://www.dhsprogram.com/customcf/legacy/data/download_dataset.cfm?Filename=BUCR71FL.zip&Tp=1&Ctry_Code=BU&surv_id=463&dm=1&dmode=nm
BU,BU,16,HH,02,https://www.dhsprogram.com/customcf/legacy/data/download_dataset.cfm?Filename=BUHH02FL.zip&Tp=1&Ctry_Code=BU&surv_id=16&dm=1&dmode=nm
BU,BU,346,HR,61,https://www.dhsprogram.com/customcf/legacy/data/download_dataset.cfm?Filename=BUHR61FL.zip&Tp=1&Ctry_Code=BU&surv_id=346&dm=1&dmode=nm
BU,BU,446,HR,6A,https://www.dhsprogram.com/customcf/legacy/data/download_dataset.cfm?Filename=BUHR6AFL.zip&Tp=1&Ctry_Code=BU&surv_id=446&dm=1&dmode=nm
BU,BU,463,HR,71,https://www.dhsprogram.com/customcf/legacy/data/download_dataset.cfm?Filename=BUHR71FL.zip&Tp=1&Ctry_Code=BU&surv_id=463&dm=1&dmode=nm
BU,BU,16,HW,01,https://www.dhsprogram.com/customcf/legacy/data/download_dataset.cfm?Filename=BUHW01FL.zip&Tp=1&Ctry_Code=BU&surv_id=16&dm=1&dmode=nm
BU,BU,16,IR,02,https://www.dhsprogram.com/customcf/legacy/data/download_dataset.cfm?Filename=BUIR02FL.zip&Tp=1&Ctry_Code=BU&surv_id=16&dm=1&dmode=nm
BU,BU,346,IR,61,https://www.dhsprogram.com/customcf/legacy/data/download_dataset.cfm?Filename=BUIR61FL.zip&Tp=1&Ctry_Code=BU&surv_id=346&dm=1&dmode=nm
BU,BU,446,IR,6A,https://www.dhsprogram.com/customcf/legacy/data/download_dataset.cfm?Filename=BUIR6AFL.zip&Tp=1&Ctry_Code=BU&surv_id=446&dm=1&dmode=nm
BU,BU,463,IR,71,https://www.dhsprogram.com/customcf/legacy/data/download_dataset.cfm?Filename=BUIR71FL.zip&Tp=1&Ctry_Code=BU&surv_id=463&dm=1&dmode=nm
BU,BU,16,KR,01,https://www.dhsprogram.com/customcf/legacy/data/download_dataset.cfm?Filename=BUKR01FL.zip&Tp=1&Ctry_Code=BU&surv_id=16&dm=1&dmode=nm
BU,BU,346,KR,61,https://www.dhsprogram.com/customcf/legacy/data/download_dataset.cfm?Filename=BUKR61FL.zip&Tp=1&Ctry_Code=BU&surv_id=346&dm=1&dmode=nm
BU,BU,446,KR,6A,https://www.dhsprogram.com/customcf/legacy/data/download_dataset.cfm?Filename=BUKR6AFL.zip&Tp=1&Ctry_Code=BU&surv_id=446&dm=1&dmode=nm
BU,BU,463,KR,71,https://www.dhsprogram.com/customcf/legacy/data/download_dataset.cfm?Filename=BUKR71FL.zip&Tp=1&Ctry_Code=BU&surv_id=463&dm=1&dmode=nm
BU,BU,346,MR,61,https://www.dhsprogram.com/customcf/legacy/data/download_dataset.cfm?Filename=BUMR61FL.zip&Tp=1&Ctry_Code=BU&surv_id=346&dm=1&dmode=nm
BU,BU,463,MR,71,https://www.dhsprogram.com/customcf/legacy/data/download_dataset.cfm?Filename=BUMR71FL.zip&Tp=1&Ctry_Code=BU&surv_id=463&dm=1&dmode=nm
BU,BU,346,PR,61,https://www.dhsprogram.com/customcf/legacy/data/download_dataset.cfm?Filename=BUPR61FL.zip&Tp=1&Ctry_Code=BU&surv_id=346&dm=1&dmode=nm
BU,BU,446,PR,6A,https://www.dhsprogram.com/customcf/legacy/data/download_dataset.cfm?Filename=BUPR6AFL.zip&Tp=1&Ctry_Code=BU&surv_id=446&dm=1&dmode=nm
BU,BU,463,PR,71,https://www.dhsprogram.com/customcf/legacy/data/download_dataset.cfm?Filename=BUPR71FL.zip&Tp=1&Ctry_Code=BU&surv_id=463&dm=1&dmode=nm
BU,BU,16,SQ,02,https://www.dhsprogram.com/customcf/legacy/data/download_dataset.cfm?Filename=BUSQ02FL.zip&Tp=1&Ctry_Code=BU&surv_id=16&dm=1&dmode=nm
BU,BU,346,GE,61,https://www.dhsprogram.com/customcf/legacy/data/download_dataset.cfm?Filename=BUGE61FL.zip&Tp=2&Ctry_Code=BU&surv_id=346&dm=1&dmode=nm
BU,BU,446,GE,6A,https://www.dhsprogram.com/customcf/legacy/data/download_dataset.cfm?Filename=BUGE6AFL.zip&Tp=2&Ctry_Code=BU&surv_id=446&dm=1&dmode=nm
BU,BU,463,GE,71,https://www.dhsprogram.com/customcf/legacy/data/download_dataset.cfm?Filename=BUGE71FL.zip&Tp=2&Ctry_Code=BU&surv_id=463&dm=1&dmode=nm
KH,KH,140,BR,42,https://www.dhsprogram.com/customcf/legacy/data/download_dataset.cfm?Filename=KHBR42FL.zip&Tp=1&Ctry_Code=KH&surv_id=140&dm=1&dmode=nm
KH,KH,257,BR,51,https://www.dhsprogram.com/customcf/legacy/data/download_dataset.cfm?Filename=KHBR51FL.zip&Tp=1&Ctry_Code=KH&surv_id=257&dm=1&dmode=nm
KH,KH,310,BR,61,https://www.dhsprogram.com/customcf/legacy/data/download_dataset.cfm?Filename=KHBR61FL.zip&Tp=1&Ctry_Code=KH&surv_id=310&dm=1&dmode=nm
KH,KH,464,BR,73,https://www.dhsprogram.com/customcf/legacy/data/download_dataset.cfm?Filename=KHBR73FL.zip&Tp=1&Ctry_Code=KH&surv_id=464&dm=1&dmode=nm
KH,KH,558,BR,82,https://www.dhsprogram.com/customcf/legacy/data/download_dataset.cfm?Filename=KHBR82FL.zip&Tp=1&Ctry_Code=KH&surv_id=558&dm=1&dmode=nm
KH,KH,257,CR,51,https://www.dhsprogram.com/customcf/legacy/data/download_dataset.cfm?Filename=KHCR51FL.zip&Tp=1&Ctry_Code=KH&surv_id=257&dm=1&dmode=nm
KH,KH,464,CR,73,https://www.dhsprogram.com/customcf/legacy/data/download_dataset.cfm?Filename=KHCR73FL.zip&Tp=1&Ctry_Code=KH&surv_id=464&dm=1&dmode=nm
KH,KH,558,CR,82,https://www.dhsprogram.com/customcf/legacy/data/download_dataset.cfm?Filename=KHCR82FL.zip&Tp=1&Ctry_Code=KH&surv_id=558&dm=1&dmode=nm
KH,KH,139,HH,31,https://www.dhsprogram.com/customcf/legacy/data/download_dataset.cfm?Filename=KHHH31FL.zip&Tp=1&Ctry_Code=KH&surv_id=139&dm=1&dmode=nm
KH,KH,140,HR,42,https://www.dhsprogram.com/customcf/legacy/data/download_dataset.cfm?Filename=KHHR42FL.zip&Tp=1&Ctry_Code=KH&surv_id=140&dm=1&dmode=nm
KH,KH,257,HR,51,https://www.dhsprogram.com/customcf/legacy/data/download_dataset.cfm?Filename=KHHR51FL.zip&Tp=1&Ctry_Code=KH&surv_id=257&dm=1&dmode=nm
KH,KH,310,HR,61,https://www.dhsprogram.com/customcf/legacy/data/download_dataset.cfm?Filename=KHHR61FL.zip&Tp=1&Ctry_Code=KH&surv_id=310&dm=1&dmode=nm
KH,KH,464,HR,73,https://www.dhsprogram.com/customcf/legacy/data/download_dataset.cfm?Filename=KHHR73FL.zip&Tp=1&Ctry_Code=KH&surv_id=464&dm=1&dmode=nm
KH,KH,558,HR,82,https://www.dhsprogram.com/customcf/legacy/data/download_dataset.cfm?Filename=KHHR82FL.zip&Tp=1&Ctry_Code=KH&surv_id=558&dm=1&dmode=nm
KH,KH,140,HW,42,https://www.dhsprogram.com/customcf/legacy/data/download_dataset.cfm?Filename=KHHW42FL.zip&Tp=1&Ctry_Code=KH&surv_id=140&dm=1&dmode=nm
KH,KH,257,HW,51,https://www.dhsprogram.com/customcf/legacy/data/download_dataset.cfm?Filename=KHHW51FL.zip&Tp=1&Ctry_Code=KH&surv_id=257&dm=1&dmode=nm
KH,KH,139,IQ,31,https://www.dhsprogram.com/customcf/legacy/data/download_dataset.cfm?Filename=KHIQ31FL.zip&Tp=1&Ctry_Code=KH&surv_id=139&dm=1&dmode=nm
KH,KH,140,IR,42,https://www.dhsprogram.com/customcf/legacy/data/download_dataset.cfm?Filename=KHIR42FL.zip&Tp=1&Ctry_Code=KH&surv_id=140&dm=1&dmode=nm
KH,KH,257,IR,51,https://www.dhsprogram.com/customcf/legacy/data/download_dataset.cfm?Filename=KHIR51FL.zip&Tp=1&Ctry_Code=KH&surv_id=257&dm=1&dmode=nm
KH,KH,310,IR,61,https://www.dhsprogram.com/customcf/legacy/data/download_dataset.cfm?Filename=KHIR61FL.zip&Tp=1&Ctry_Code=KH&surv_id=310&dm=1&dmode=nm
KH,KH,464,IR,73,https://www.dhsprogram.com/customcf/legacy/data/download_dataset.cfm?Filename=KHIR73FL.zip&Tp=1&Ctry_Code=KH&surv_id=464&dm=1&dmode=nm
KH,KH,558,IR,82,https://www.dhsprogram.com/customcf/legacy/data/download_dataset.cfm?Filename=KHIR82FL.zip&Tp=1&Ctry_Code=KH&surv_id=558&dm=1&dmode=nm
KH,KH,140,KR,42,https://www.dhsprogram.com/customcf/legacy/data/download_dataset.cfm?Filename=KHKR42FL.zip&Tp=1&Ctry_Code=KH&surv_id=140&dm=1&dmode=nm
KH,KH,257,KR,51,https://www.dhsprogram.com/customcf/legacy/data/download_dataset.cfm?Filename=KHKR51FL.zip&Tp=1&Ctry_Code=KH&surv_id=257&dm=1&dmode=nm
KH,KH,310,KR,61,https://www.dhsprogram.com/customcf/legacy/data/download_dataset.cfm?Filename=KHKR61FL.zip&Tp=1&Ctry_Code=KH&surv_id=310&dm=1&dmode=nm
KH,KH,464,KR,73,https://www.dhsprogram.com/customcf/legacy/data/download_dataset.cfm?Filename=KHKR73FL.zip&Tp=1&Ctry_Code=KH&surv_id=464&dm=1&dmode=nm
KH,KH,558,KR,82,https://www.dhsprogram.com/customcf/legacy/data/download_dataset.cfm?Filename=KHKR82FL.zip&Tp=1&Ctry_Code=KH&surv_id=558&dm=1&dmode=nm
KH,KH,257,MR,51,https://www.dhsprogram.com/customcf/legacy/data/download_dataset.cfm?Filename=KHMR51FL.zip&Tp=1&Ctry_Code=KH&surv_id=257&dm=1&dmode=nm
KH,KH,310,MR,61,https://www.dhsprogram.com/customcf/legacy/data/download_dataset.cfm?Filename=KHMR61FL.zip&Tp=1&Ctry_Code=KH&surv_id=310&dm=1&dmode=nm
KH,KH,464,MR,72,https://www.dhsprogram.com/customcf/legacy/data/download_dataset.cfm?Filename=KHMR72FL.zip&Tp=1&Ctry_Code=KH&surv_id=464&dm=1&dmode=nm
KH,KH,558,MR,82,https://www.dhsprogram.com/customcf/legacy/data/download_dataset.cfm?Filename=KHMR82FL.zip&Tp=1&Ctry_Code=KH&surv_id=558&dm=1&dmode=nm
KH,KH,140,PR,42,https://www.dhsprogram.com/customcf/legacy/data/download_dataset.cfm?Filename=KHPR42FL.zip&Tp=1&Ctry_Code=KH&surv_id=140&dm=1&dmode=nm
KH,KH,257,PR,51,https://www.dhsprogram.com/customcf/legacy/data/download_dataset.cfm?Filename=KHPR51FL.zip&Tp=1&Ctry_Code=KH&surv_id=257&dm=1&dmode=nm
KH,KH,310,PR,61,https://www.dhsprogram.com/customcf/legacy/data/download_dataset.cfm?Filename=KHPR61FL.zip&Tp=1&Ctry_Code=KH&surv_id=310&dm=1&dmode=nm
KH,KH,464,PR,73,https://www.dhsprogram.com/customcf/legacy/data/download_dataset.cfm?Filename=KHPR73FL.zip&Tp=1&Ctry_Code=KH&surv_id=464&dm=1&dmode=nm
KH,KH,558,PR,82,https://www.dhsprogram.com/customcf/legacy/data/download_dataset.cfm?Filename=KHPR82FL.zip&Tp=1&Ctry_Code=KH&surv_id=558&dm=1&dmode=nm
KH,KH,140,WI,41,https://www.dhsprogram.com/customcf/legacy/data/download_dataset.cfm?Filename=KHWI41FL.zip&Tp=1&Ctry_Code=KH&surv_id=140&dm=1&dmode=nm
KH,KH,140,GE,43,https://www.dhsprogram.com/customcf/legacy/data/download_dataset.cfm?Filename=KHGE43FL.zip&Tp=2&Ctry_Code=KH&surv_id=140&dm=1&dmode=nm
KH,KH,257,GE,51,https://www.dhsprogram.com/customcf/legacy/data/download_dataset.cfm?Filename=KHGE51FL.zip&Tp=2&Ctry_Code=KH&surv_id=257&dm=1&dmode=nm
KH,KH,310,GE,62,https://www.dhsprogram.com/customcf/legacy/data/download_dataset.cfm?Filename=KHGE62FL.zip&Tp=2&Ctry_Code=KH&surv_id=310&dm=1&dmode=nm
KH,KH,464,GE,71,https://www.dhsprogram.com/customcf/legacy/data/download_dataset.cfm?Filename=KHGE71FL.zip&Tp=2&Ctry_Code=KH&surv_id=464&dm=1&dmode=nm
KH,KH,558,GE,81,https://www.dhsprogram.com/customcf/legacy/data/download_dataset.cfm?Filename=KHGE81FL.zip&Tp=2&Ctry_Code=KH&surv_id=558&dm=1&dmode=nm
CM,CM,38,BR,22,https://www.dhsprogram.com/customcf/legacy/data/download_dataset.cfm?Filename=CMBR22FL.zip&Tp=1&Ctry_Code=CM&surv_id=38&dm=1&dmode=nm
CM,CM,101,BR,31,https://www.dhsprogram.com/customcf/legacy/data/download_dataset.cfm?Filename=CMBR31FL.zip&Tp=1&Ctry_Code=CM&surv_id=101&dm=1&dmode=nm
CM,CM,232,BR,44,https://www.dhsprogram.com/customcf/legacy/data/download_dataset.cfm?Filename=CMBR44FL.zip&Tp=1&Ctry_Code=CM&surv_id=232&dm=1&dmode=nm
CM,CM,337,BR,61,https://www.dhsprogram.com/customcf/legacy/data/download_dataset.cfm?Filename=CMBR61FL.zip&Tp=1&Ctry_Code=CM&surv_id=337&dm=1&dmode=nm
CM,CM,511,BR,71,https://www.dhsprogram.com/customcf/legacy/data/download_dataset.cfm?Filename=CMBR71FL.zip&Tp=1&Ctry_Code=CM&surv_id=511&dm=1&dmode=nm
CM,CM,38,CR,21,https://www.dhsprogram.com/customcf/legacy/data/download_dataset.cfm?Filename=CMCR21FL.zip&Tp=1&Ctry_Code=CM&surv_id=38&dm=1&dmode=nm
CM,CM,101,CR,31,https://www.dhsprogram.com/customcf/legacy/data/download_dataset.cfm?Filename=CMCR31FL.zip&Tp=1&Ctry_Code=CM&surv_id=101&dm=1&dmode=nm
CM,CM,232,CR,44,https://www.dhsprogram.com/customcf/legacy/data/download_dataset.cfm?Filename=CMCR44FL.zip&Tp=1&Ctry_Code=CM&surv_id=232&dm=1&dmode=nm
CM,CM,337,CR,61,https://www.dhsprogram.com/customcf/legacy/data/download_dataset.cfm?Filename=CMCR61FL.zip&Tp=1&Ctry_Code=CM&surv_id=337&dm=1&dmode=nm
CM,CM,511,CR,71,https://www.dhsprogram.com/customcf/legacy/data/download_dataset.cfm?Filename=CMCR71FL.zip&Tp=1&Ctry_Code=CM&surv_id=511&dm=1&dmode=nm
CM,CM,38,HR,22,https://www.dhsprogram.com/customcf/legacy/data/download_dataset.cfm?Filename=CMHR22FL.zip&Tp=1&Ctry_Code=CM&surv_id=38&dm=1&dmode=nm
CM,CM,101,HR,31,https://www.dhsprogram.com/customcf/legacy/data/download_dataset.cfm?Filename=CMHR31FL.zip&Tp=1&Ctry_Code=CM&surv_id=101&dm=1&dmode=nm
CM,CM,232,HR,44,https://www.dhsprogram.com/customcf/legacy/data/download_dataset.cfm?Filename=CMHR44FL.zip&Tp=1&Ctry_Code=CM&surv_id=232&dm=1&dmode=nm
CM,CM,337,HR,61,https://www.dhsprogram.com/customcf/legacy/data/download_dataset.cfm?Filename=CMHR61FL.zip&Tp=1&Ctry_Code=CM&surv_id=337&dm=1&dmode=nm
CM,CM,511,HR,71,https://www.dhsprogram.com/customcf/legacy/data/download_dataset.cfm?Filename=CMHR71FL.zip&Tp=1&Ctry_Code=CM&surv_id=511&dm=1&dmode=nm
CM,CM,563,HR,82,https://www.dhsprogram.com/customcf/legacy/data/download_dataset.cfm?Filename=CMHR82FL.zip&Tp=1&Ctry_Code=CM&surv_id=563&dm=1&dmode=nm
CM,CM,38,HW,22,https://www.dhsprogram.com/customcf/legacy/data/download_dataset.cfm?Filename=CMHW22FL.zip&Tp=1&Ctry_Code=CM&surv_id=38&dm=1&dmode=nm
CM,CM,101,HW,31,https://www.dhsprogram.com/customcf/legacy/data/download_dataset.cfm?Filename=CMHW31FL.zip&Tp=1&Ctry_Code=CM&surv_id=101&dm=1&dmode=nm
CM,CM,232,HW,44,https://www.dhsprogram.com/customcf/legacy/data/download_dataset.cfm?Filename=CMHW44FL.zip&Tp=1&Ctry_Code=CM&surv_id=232&dm=1&dmode=nm
CM,CM,38,IR,22,https://www.dhsprogram.com/customcf/legacy/data/download_dataset.cfm?Filename=CMIR22FL.zip&Tp=1&Ctry_Code=CM&surv_id=38&dm=1&dmode=nm
CM,CM,101,IR,31,https://www.dhsprogram.com/customcf/legacy/data/download_dataset.cfm?Filename=CMIR31FL.zip&Tp=1&Ctry_Code=CM&surv_id=101&dm=1&dmode=nm
CM,CM,232,IR,44,https://www.dhsprogram.com/customcf/legacy/data/download_dataset.cfm?Filename=CMIR44FL.zip&Tp=1&Ctry_Code=CM&surv_id=232&dm=1&dmode=nm
CM,CM,337,IR,61,https://www.dhsprogram.com/customcf/legacy/data/download_dataset.cfm?Filename=CMIR61FL.zip&Tp=1&Ctry_Code=CM&surv_id=337&dm=1&dmode=nm
CM,CM,511,IR,71,https://www.dhsprogram.com/customcf/legacy/data/download_dataset.cfm?Filename=CMIR71FL.zip&Tp=1&Ctry_Code=CM&surv_id=511&dm=1&dmode=nm
CM,CM,563,IR,82,https://www.dhsprogram.com/customcf/legacy/data/download_dataset.cfm?Filename=CMIR82FL.zip&Tp=1&Ctry_Code=CM&surv_id=563&dm=1&dmode=nm
CM,CM,38,KR,21,https://www.dhsprogram.com/customcf/legacy/data/download_dataset.cfm?Filename=CMKR21FL.zip&Tp=1&Ctry_Code=CM&surv_id=38&dm=1&dmode=nm
CM,CM,101,KR,31,https://www.dhsprogram.com/customcf/legacy/data/download_dataset.cfm?Filename=CMKR31FL.zip&Tp=1&Ctry_Code=CM&surv_id=101&dm=1&dmode=nm
CM,CM,232,KR,44,https://www.dhsprogram.com/customcf/legacy/data/download_dataset.cfm?Filename=CMKR44FL.zip&Tp=1&Ctry_Code=CM&surv_id=232&dm=1&dmode=nm
CM,CM,337,KR,61,https://www.dhsprogram.com/customcf/legacy/data/download_dataset.cfm?Filename=CMKR61FL.zip&Tp=1&Ctry_Code=CM&surv_id=337&dm=1&dmode=nm
CM,CM,511,KR,71,https://www.dhsprogram.com/customcf/legacy/data/download_dataset.cfm?Filename=CMKR71FL.zip&Tp=1&Ctry_Code=CM&surv_id=511&dm=1&dmode=nm
CM,CM,563,KR,82,https://www.dhsprogram.com/customcf/legacy/data/download_dataset.cfm?Filename=CMKR82FL.zip&Tp=1&Ctry_Code=CM&surv_id=563&dm=1&dmode=nm
CM,CM,38,MR,21,https://www.dhsprogram.com/customcf/legacy/data/download_dataset.cfm?Filename=CMMR21FL.zip&Tp=1&Ctry_Code=CM&surv_id=38&dm=1&dmode=nm
CM,CM,101,MR,31,https://www.dhsprogram.com/customcf/legacy/data/download_dataset.cfm?Filename=CMMR31FL.zip&Tp=1&Ctry_Code=CM&surv_id=101&dm=1&dmode=nm
CM,CM,232,MR,44,https://www.dhsprogram.com/customcf/legacy/data/download_dataset.cfm?Filename=CMMR44FL.zip&Tp=1&Ctry_Code=CM&surv_id=232&dm=1&dmode=nm
CM,CM,337,MR,61,https://www.dhsprogram.com/customcf/legacy/data/download_dataset.cfm?Filename=CMMR61FL.zip&Tp=1&Ctry_Code=CM&surv_id=337&dm=1&dmode=nm
CM,CM,511,MR,71,https://www.dhsprogram.com/customcf/legacy/data/download_dataset.cfm?Filename=CMMR71FL.zip&Tp=1&Ctry_Code=CM&surv_id=511&dm=1&dmode=nm
CM,CM,38,PR,22,https://www.dhsprogram.com/customcf/legacy/data/download_dataset.cfm?Filename=CMPR22FL.zip&Tp=1&Ctry_Code=CM&surv_id=38&dm=1&dmode=nm
CM,CM,101,PR,31,https://www.dhsprogram.com/customcf/legacy/data/download_dataset.cfm?Filename=CMPR31FL.zip&Tp=1&Ctry_Code=CM&surv_id=101&dm=1&dmode=nm
CM,CM,232,PR,45,https://www.dhsprogram.com/customcf/legacy/data/download_dataset.cfm?Filename=CMPR45FL.zip&Tp=1&Ctry_Code=CM&surv_id=232&dm=1&dmode=nm
CM,CM,337,PR,61,https://www.dhsprogram.com/customcf/legacy/data/download_dataset.cfm?Filename=CMPR61FL.zip&Tp=1&Ctry_Code=CM&surv_id=337&dm=1&dmode=nm
CM,CM,511,PR,71,https://www.dhsprogram.com/customcf/legacy/data/download_dataset.cfm?Filename=CMPR71FL.zip&Tp=1&Ctry_Code=CM&surv_id=511&dm=1&dmode=nm
CM,CM,563,PR,82,https://www.dhsprogram.com/customcf/legacy/data/download_dataset.cfm?Filename=CMPR82FL.zip&Tp=1&Ctry_Code=CM&surv_id=563&dm=1&dmode=nm
CM,CM,38,SQ,21,https://www.dhsprogram.com/customcf/legacy/data/download_dataset.cfm?Filename=CMSQ21FL.zip&Tp=1&Ctry_Code=CM&surv_id=38&dm=1&dmode=nm
CM,CM,38,WI,22,https://www.dhsprogram.com/customcf/legacy/data/download_dataset.cfm?Filename=CMWI22FL.zip&Tp=1&Ctry_Code=CM&surv_id=38&dm=1&dmode=nm
CM,CM,101,WI,31,https://www.dhsprogram.com/customcf/legacy/data/download_dataset.cfm?Filename=CMWI31FL.zip&Tp=1&Ctry_Code=CM&surv_id=101&dm=1&dmode=nm
CM,CM,38,GE,23,https://www.dhsprogram.com/customcf/legacy/data/download_dataset.cfm?Filename=CMGE23FL.zip&Tp=2&Ctry_Code=CM&surv_id=38&dm=1&dmode=nm
CM,CM,232,GE,42,https://www.dhsprogram.com/customcf/legacy/data/download_dataset.cfm?Filename=CMGE42FL.zip&Tp=2&Ctry_Code=CM&surv_id=232&dm=1&dmode=nm
CM,CM,337,GE,61,https://www.dhsprogram.com/customcf/legacy/data/download_dataset.cfm?Filename=CMGE61FL.zip&Tp=2&Ctry_Code=CM&surv_id=337&dm=1&dmode=nm
CM,CM,511,GE,71,https://www.dhsprogram.com/customcf/legacy/data/download_dataset.cfm?Filename=CMGE71FL.zip&Tp=2&Ctry_Code=CM&surv_id=511&dm=1&dmode=nm
CM,CM,563,GE,81,https://www.dhsprogram.com/customcf/legacy/data/download_dataset.cfm?Filename=CMGE81FL.zip&Tp=2&Ctry_Code=CM&surv_id=563&dm=1&dmode=nm
CF,CF,66,BR,31,https://www.dhsprogram.com/customcf/legacy/data/download_dataset.cfm?Filename=CFBR31FL.zip&Tp=1&Ctry_Code=CF&surv_id=66&dm=1&dmode=nm
CF,CF,66,CR,31,https://www.dhsprogram.com/customcf/legacy/data/download_dataset.cfm?Filename=CFCR31FL.zip&Tp=1&Ctry_Code=CF&surv_id=66&dm=1&dmode=nm
CF,CF,66,HR,31,https://www.dhsprogram.com/customcf/legacy/data/download_dataset.cfm?Filename=CFHR31FL.zip&Tp=1&Ctry_Code=CF&surv_id=66&dm=1&dmode=nm
CF,CF,66,HW,31,https://www.dhsprogram.com/customcf/legacy/data/download_dataset.cfm?Filename=CFHW31FL.zip&Tp=1&Ctry_Code=CF&surv_id=66&dm=1&dmode=nm
CF,CF,66,IR,31,https://www.dhsprogram.com/customcf/legacy/data/download_dataset.cfm?Filename=CFIR31FL.zip&Tp=1&Ctry_Code=CF&surv_id=66&dm=1&dmode=nm
CF,CF,66,KR,31,https://www.dhsprogram.com/customcf/legacy/data/download_dataset.cfm?Filename=CFKR31FL.zip&Tp=1&Ctry_Code=CF&surv_id=66&dm=1&dmode=nm
CF,CF,66,MR,31,https://www.dhsprogram.com/customcf/legacy/data/download_dataset.cfm?Filename=CFMR31FL.zip&Tp=1&Ctry_Code=CF&surv_id=66&dm=1&dmode=nm
CF,CF,66,PR,31,https://www.dhsprogram.com/customcf/legacy/data/download_dataset.cfm?Filename=CFPR31FL.zip&Tp=1&Ctry_Code=CF&surv_id=66&dm=1&dmode=nm
CF,CF,66,SQ,33,https://www.dhsprogram.com/customcf/legacy/data/download_dataset.cfm?Filename=CFSQ33FL.zip&Tp=1&Ctry_Code=CF&surv_id=66&dm=1&dmode=nm
CF,CF,66,WI,31,https://www.dhsprogram.com/customcf/legacy/data/download_dataset.cfm?Filename=CFWI31FL.zip&Tp=1&Ctry_Code=CF&surv_id=66&dm=1&dmode=nm
CF,CF,66,GE,33,https://www.dhsprogram.com/customcf/legacy/data/download_dataset.cfm?Filename=CFGE33FL.zip&Tp=2&Ctry_Code=CF&surv_id=66&dm=1&dmode=nm
TD,TD,83,BR,31,https://www.dhsprogram.com/customcf/legacy/data/download_dataset.cfm?Filename=TDBR31FL.zip&Tp=1&Ctry_Code=TD&surv_id=83&dm=1&dmode=nm
TD,TD,215,BR,41,https://www.dhsprogram.com/customcf/legacy/data/download_dataset.cfm?Filename=TDBR41FL.zip&Tp=1&Ctry_Code=TD&surv_id=215&dm=1&dmode=nm
TD,TD,465,BR,71,https://www.dhsprogram.com/customcf/legacy/data/download_dataset.cfm?Filename=TDBR71FL.zip&Tp=1&Ctry_Code=TD&surv_id=465&dm=1&dmode=nm
TD,TD,83,CR,31,https://www.dhsprogram.com/customcf/legacy/data/download_dataset.cfm?Filename=TDCR31FL.zip&Tp=1&Ctry_Code=TD&surv_id=83&dm=1&dmode=nm
TD,TD,215,CR,41,https://www.dhsprogram.com/customcf/legacy/data/download_dataset.cfm?Filename=TDCR41FL.zip&Tp=1&Ctry_Code=TD&surv_id=215&dm=1&dmode=nm
TD,TD,465,CR,71,https://www.dhsprogram.com/customcf/legacy/data/download_dataset.cfm?Filename=TDCR71FL.zip&Tp=1&Ctry_Code=TD&surv_id=465&dm=1&dmode=nm
TD,TD,83,HR,31,https://www.dhsprogram.com/customcf/legacy/data/download_dataset.cfm?Filename=TDHR31FL.zip&Tp=1&Ctry_Code=TD&surv_id=83&dm=1&dmode=nm
TD,TD,215,HR,41,https://www.dhsprogram.com/customcf/legacy/data/download_dataset.cfm?Filename=TDHR41FL.zip&Tp=1&Ctry_Code=TD&surv_id=215&dm=1&dmode=nm
TD,TD,465,HR,71,https://www.dhsprogram.com/customcf/legacy/data/download_dataset.cfm?Filename=TDHR71FL.zip&Tp=1&Ctry_Code=TD&surv_id=465&dm=1&dmode=nm
TD,TD,83,HW,31,https://www.dhsprogram.com/customcf/legacy/data/download_dataset.cfm?Filename=TDHW31FL.zip&Tp=1&Ctry_Code=TD&surv_id=83&dm=1&dmode=nm
TD,TD,215,HW,41,https://www.dhsprogram.com/customcf/legacy/data/download_dataset.cfm?Filename=TDHW41FL.zip&Tp=1&Ctry_Code=TD&surv_id=215&dm=1&dmode=nm
TD,TD,83,IR,31,https://www.dhsprogram.com/customcf/legacy/data/download_dataset.cfm?Filename=TDIR31FL.zip&Tp=1&Ctry_Code=TD&surv_id=83&dm=1&dmode=nm
TD,TD,215,IR,41,https://www.dhsprogram.com/customcf/legacy/data/download_dataset.cfm?Filename=TDIR41FL.zip&Tp=1&Ctry_Code=TD&surv_id=215&dm=1&dmode=nm
TD,TD,465,IR,71,https://www.dhsprogram.com/customcf/legacy/data/download_dataset.cfm?Filename=TDIR71FL.zip&Tp=1&Ctry_Code=TD&surv_id=465&dm=1&dmode=nm
TD,TD,83,KR,31,https://www.dhsprogram.com/customcf/legacy/data/download_dataset.cfm?Filename=TDKR31FL.zip&Tp=1&Ctry_Code=TD&surv_id=83&dm=1&dmode=nm
TD,TD,215,KR,41,https://www.dhsprogram.com/customcf/legacy/data/download_dataset.cfm?Filename=TDKR41FL.zip&Tp=1&Ctry_Code=TD&surv_id=215&dm=1&dmode=nm
TD,TD,465,KR,71,https://www.dhsprogram.com/customcf/legacy/data/download_dataset.cfm?Filename=TDKR71FL.zip&Tp=1&Ctry_Code=TD&surv_id=465&dm=1&dmode=nm
TD,TD,83,MR,31,https://www.dhsprogram.com/customcf/legacy/data/download_dataset.cfm?Filename=TDMR31FL.zip&Tp=1&Ctry_Code=TD&surv_id=83&dm=1&dmode=nm
TD,TD,215,MR,41,https://www.dhsprogram.com/customcf/legacy/data/download_dataset.cfm?Filename=TDMR41FL.zip&Tp=1&Ctry_Code=TD&surv_id=215&dm=1&dmode=nm
TD,TD,465,MR,71,https://www.dhsprogram.com/customcf/legacy/data/download_dataset.cfm?Filename=TDMR71FL.zip&Tp=1&Ctry_Code=TD&surv_id=465&dm=1&dmode=nm
TD,TD,83,PR,31,https://www.dhsprogram.com/customcf/legacy/data/download_dataset.cfm?Filename=TDPR31FL.zip&Tp=1&Ctry_Code=TD&surv_id=83&dm=1&dmode=nm
TD,TD,215,PR,41,https://www.dhsprogram.com/customcf/legacy/data/download_dataset.cfm?Filename=TDPR41FL.zip&Tp=1&Ctry_Code=TD&surv_id=215&dm=1&dmode=nm
TD,TD,465,PR,71,https://www.dhsprogram.com/customcf/legacy/data/download_dataset.cfm?Filename=TDPR71FL.zip&Tp=1&Ctry_Code=TD&surv_id=465&dm=1&dmode=nm
TD,TD,83,SQ,32,https://www.dhsprogram.com/customcf/legacy/data/download_dataset.cfm?Filename=TDSQ32FL.zip&Tp=1&Ctry_Code=TD&surv_id=83&dm=1&dmode=nm
TD,TD,215,SQ,41,https://www.dhsprogram.com/customcf/legacy/data/download_dataset.cfm?Filename=TDSQ41FL.zip&Tp=1&Ctry_Code=TD&surv_id=215&dm=1&dmode=nm
TD,TD,83,WI,31,https://www.dhsprogram.com/customcf/legacy/data/download_dataset.cfm?Filename=TDWI31FL.zip&Tp=1&Ctry_Code=TD&surv_id=83&dm=1&dmode=nm
TD,TD,465,GE,71,https://www.dhsprogram.com/customcf/legacy/data/download_dataset.cfm?Filename=TDGE71FL.zip&Tp=2&Ctry_Code=TD&surv_id=465&dm=1&dmode=nm
CO,CO,4,BR,01,https://www.dhsprogram.com/customcf/legacy/data/download_dataset.cfm?Filename=COBR01FL.zip&Tp=1&Ctry_Code=CO&surv_id=4&dm=1&dmode=nm
CO,CO,30,BR,22,https://www.dhsprogram.com/customcf/legacy/data/download_dataset.cfm?Filename=COBR22FL.zip&Tp=1&Ctry_Code=CO&surv_id=30&dm=1&dmode=nm
CO,CO,72,BR,31,https://www.dhsprogram.com/customcf/legacy/data/download_dataset.cfm?Filename=COBR31FL.zip&Tp=1&Ctry_Code=CO&surv_id=72&dm=1&dmode=nm
CO,CO,141,BR,41,https://www.dhsprogram.com/customcf/legacy/data/download_dataset.cfm?Filename=COBR41FL.zip&Tp=1&Ctry_Code=CO&surv_id=141&dm=1&dmode=nm
CO,CO,255,BR,53,https://www.dhsprogram.com/customcf/legacy/data/download_dataset.cfm?Filename=COBR53FL.zip&Tp=1&Ctry_Code=CO&surv_id=255&dm=1&dmode=nm
CO,CO,381,BR,61,https://www.dhsprogram.com/customcf/legacy/data/download_dataset.cfm?Filename=COBR61FL.zip&Tp=1&Ctry_Code=CO&surv_id=381&dm=1&dmode=nm
CO,CO,476,BR,72,https://www.dhsprogram.com/customcf/legacy/data/download_dataset.cfm?Filename=COBR72FL.zip&Tp=1&Ctry_Code=CO&surv_id=476&dm=1&dmode=nm
CO,CO,476,CR,71,https://www.dhsprogram.com/customcf/legacy/data/download_dataset.cfm?Filename=COCR71FL.zip&Tp=1&Ctry_Code=CO&surv_id=476&dm=1&dmode=nm
CO,CO,4,HH,02,https://www.dhsprogram.com/customcf/legacy/data/download_dataset.cfm?Filename=COHH02FL.zip&Tp=1&Ctry_Code=CO&surv_id=4&dm=1&dmode=nm
CO,CO,30,HR,22,https://www.dhsprogram.com/customcf/legacy/data/download_dataset.cfm?Filename=COHR22FL.zip&Tp=1&Ctry_Code=CO&surv_id=30&dm=1&dmode=nm
CO,CO,72,HR,31,https://www.dhsprogram.com/customcf/legacy/data/download_dataset.cfm?Filename=COHR31FL.zip&Tp=1&Ctry_Code=CO&surv_id=72&dm=1&dmode=nm
CO,CO,141,HR,41,https://www.dhsprogram.com/customcf/legacy/data/download_dataset.cfm?Filename=COHR41FL.zip&Tp=1&Ctry_Code=CO&surv_id=141&dm=1&dmode=nm
CO,CO,255,HR,53,https://www.dhsprogram.com/customcf/legacy/data/download_dataset.cfm?Filename=COHR53FL.zip&Tp=1&Ctry_Code=CO&surv_id=255&dm=1&dmode=nm
CO,CO,381,HR,61,https://www.dhsprogram.com/customcf/legacy/data/download_dataset.cfm?Filename=COHR61FL.zip&Tp=1&Ctry_Code=CO&surv_id=381&dm=1&dmode=nm
CO,CO,476,HR,72,https://www.dhsprogram.com/customcf/legacy/data/download_dataset.cfm?Filename=COHR72FL.zip&Tp=1&Ctry_Code=CO&surv_id=476&dm=1&dmode=nm
CO,CO,4,HW,01,https://www.dhsprogram.com/customcf/legacy/data/download_dataset.cfm?Filename=COHW01FL.zip&Tp=1&Ctry_Code=CO&surv_id=4&dm=1&dmode=nm
CO,CO,72,HW,31,https://www.dhsprogram.com/customcf/legacy/data/download_dataset.cfm?Filename=COHW31FL.zip&Tp=1&Ctry_Code=CO&surv_id=72&dm=1&dmode=nm
CO,CO,141,HW,41,https://www.dhsprogram.com/customcf/legacy/data/download_dataset.cfm?Filename=COHW41FL.zip&Tp=1&Ctry_Code=CO&surv_id=141&dm=1&dmode=nm
CO,CO,255,HW,51,https://www.dhsprogram.com/customcf/legacy/data/download_dataset.cfm?Filename=COHW51FL.zip&Tp=1&Ctry_Code=CO&surv_id=255&dm=1&dmode=nm
CO,CO,4,IR,01,https://www.dhsprogram.com/customcf/legacy/data/download_dataset.cfm?Filename=COIR01FL.zip&Tp=1&Ctry_Code=CO&surv_id=4&dm=1&dmode=nm
CO,CO,30,IR,22,https://www.dhsprogram.com/customcf/legacy/data/download_dataset.cfm?Filename=COIR22FL.zip&Tp=1&Ctry_Code=CO&surv_id=30&dm=1&dmode=nm
CO,CO,72,IR,31,https://www.dhsprogram.com/customcf/legacy/data/download_dataset.cfm?Filename=COIR31FL.zip&Tp=1&Ctry_Code=CO&surv_id=72&dm=1&dmode=nm
CO,CO,141,IR,41,https://www.dhsprogram.com/customcf/legacy/data/download_dataset.cfm?Filename=COIR41FL.zip&Tp=1&Ctry_Code=CO&surv_id=141&dm=1&dmode=nm
CO,CO,255,IR,53,https://www.dhsprogram.com/customcf/legacy/data/download_dataset.cfm?Filename=COIR53FL.zip&Tp=1&Ctry_Code=CO&surv_id=255&dm=1&dmode=nm
CO,CO,381,IR,61,https://www.dhsprogram.com/customcf/legacy/data/download_dataset.cfm?Filename=COIR61FL.zip&Tp=1&Ctry_Code=CO&surv_id=381&dm=1&dmode=nm
CO,CO,476,IR,72,https://www.dhsprogram.com/customcf/legacy/data/download_dataset.cfm?Filename=COIR72FL.zip&Tp=1&Ctry_Code=CO&surv_id=476&dm=1&dmode=nm
CO,CO,4,KR,01,https://www.dhsprogram.com/customcf/legacy/data/download_dataset.cfm?Filename=COKR01FL.zip&Tp=1&Ctry_Code=CO&surv_id=4&dm=1&dmode=nm
CO,CO,30,KR,22,https://www.dhsprogram.com/customcf/legacy/data/download_dataset.cfm?Filename=COKR22FL.zip&Tp=1&Ctry_Code=CO&surv_id=30&dm=1&dmode=nm
CO,CO,72,KR,31,https://www.dhsprogram.com/customcf/legacy/data/download_dataset.cfm?Filename=COKR31FL.zip&Tp=1&Ctry_Code=CO&surv_id=72&dm=1&dmode=nm
CO,CO,141,KR,41,https://www.dhsprogram.com/customcf/legacy/data/download_dataset.cfm?Filename=COKR41FL.zip&Tp=1&Ctry_Code=CO&surv_id=141&dm=1&dmode=nm
CO,CO,255,KR,53,https://www.dhsprogram.com/customcf/legacy/data/download_dataset.cfm?Filename=COKR53FL.zip&Tp=1&Ctry_Code=CO&surv_id=255&dm=1&dmode=nm
CO,CO,381,KR,61,https://www.dhsprogram.com/customcf/legacy/data/download_dataset.cfm?Filename=COKR61FL.zip&Tp=1&Ctry_Code=CO&surv_id=381&dm=1&dmode=nm
CO,CO,476,KR,72,https://www.dhsprogram.com/customcf/legacy/data/download_dataset.cfm?Filename=COKR72FL.zip&Tp=1&Ctry_Code=CO&surv_id=476&dm=1&dmode=nm
CO,CO,476,MR,71,https://www.dhsprogram.com/customcf/legacy/data/download_dataset.cfm?Filename=COMR71FL.zip&Tp=1&Ctry_Code=CO&surv_id=476&dm=1&dmode=nm
CO,CO,381,OD,61,https://www.dhsprogram.com/customcf/legacy/data/download_dataset.cfm?Filename=COOD61FL.zip&Tp=1&Ctry_Code=CO&surv_id=381&dm=1&dmode=nm
CO,CO,30,PR,22,https://www.dhsprogram.com/customcf/legacy/data/download_dataset.cfm?Filename=COPR22FL.zip&Tp=1&Ctry_Code=CO&surv_id=30&dm=1&dmode=nm
CO,CO,72,PR,31,https://www.dhsprogram.com/customcf/legacy/data/download_dataset.cfm?Filename=COPR31FL.zip&Tp=1&Ctry_Code=CO&surv_id=72&dm=1&dmode=nm
CO,CO,141,PR,41,https://www.dhsprogram.com/customcf/legacy/data/download_dataset.cfm?Filename=COPR41FL.zip&Tp=1&Ctry_Code=CO&surv_id=141&dm=1&dmode=nm
CO,CO,255,PR,53,https://www.dhsprogram.com/customcf/legacy/data/download_dataset.cfm?Filename=COPR53FL.zip&Tp=1&Ctry_Code=CO&surv_id=255&dm=1&dmode=nm
CO,CO,381,PR,61,https://www.dhsprogram.com/customcf/legacy/data/download_dataset.cfm?Filename=COPR61FL.zip&Tp=1&Ctry_Code=CO&surv_id=381&dm=1&dmode=nm
CO,CO,476,PR,72,https://www.dhsprogram.com/customcf/legacy/data/download_dataset.cfm?Filename=COPR72FL.zip&Tp=1&Ctry_Code=CO&surv_id=476&dm=1&dmode=nm
CO,CO,4,SQ,01,https://www.dhsprogram.com/customcf/legacy/data/download_dataset.cfm?Filename=COSQ01FL.zip&Tp=1&Ctry_Code=CO&surv_id=4&dm=1&dmode=nm
CO,CO,30,WI,22,https://www.dhsprogram.com/customcf/legacy/data/download_dataset.cfm?Filename=COWI22FL.zip&Tp=1&Ctry_Code=CO&surv_id=30&dm=1&dmode=nm
CO,CO,72,WI,31,https://www.dhsprogram.com/customcf/legacy/data/download_dataset.cfm?Filename=COWI31FL.zip&Tp=1&Ctry_Code=CO&surv_id=72&dm=1&dmode=nm
CO,CO,141,WI,41,https://www.dhsprogram.com/customcf/legacy/data/download_dataset.cfm?Filename=COWI41FL.zip&Tp=1&Ctry_Code=CO&surv_id=141&dm=1&dmode=nm
CO,CO,381,GE,61,https://www.dhsprogram.com/customcf/legacy/data/download_dataset.cfm?Filename=COGE61FL.zip&Tp=2&Ctry_Code=CO&surv_id=381&dm=1&dmode=nm
KM,KM,93,BR,32,https://www.dhsprogram.com/customcf/legacy/data/download_dataset.cfm?Filename=KMBR32FL.zip&Tp=1&Ctry_Code=KM&surv_id=93&dm=1&dmode=nm
KM,KM,443,BR,61,https://www.dhsprogram.com/customcf/legacy/data/download_dataset.cfm?Filename=KMBR61FL.zip&Tp=1&Ctry_Code=KM&surv_id=443&dm=1&dmode=nm
KM,KM,93,CR,31,https://www.dhsprogram.com/customcf/legacy/data/download_dataset.cfm?Filename=KMCR31FL.zip&Tp=1&Ctry_Code=KM&surv_id=93&dm=1&dmode=nm
KM,KM,443,CR,61,https://www.dhsprogram.com/customcf/legacy/data/download_dataset.cfm?Filename=KMCR61FL.zip&Tp=1&Ctry_Code=KM&surv_id=443&dm=1&dmode=nm
KM,KM,93,HR,32,https://www.dhsprogram.com/customcf/legacy/data/download_dataset.cfm?Filename=KMHR32FL.zip&Tp=1&Ctry_Code=KM&surv_id=93&dm=1&dmode=nm
KM,KM,443,HR,61,https://www.dhsprogram.com/customcf/legacy/data/download_dataset.cfm?Filename=KMHR61FL.zip&Tp=1&Ctry_Code=KM&surv_id=443&dm=1&dmode=nm
KM,KM,93,HW,32,https://www.dhsprogram.com/customcf/legacy/data/download_dataset.cfm?Filename=KMHW32FL.zip&Tp=1&Ctry_Code=KM&surv_id=93&dm=1&dmode=nm
KM,KM,93,IR,32,https://www.dhsprogram.com/customcf/legacy/data/download_dataset.cfm?Filename=KMIR32FL.zip&Tp=1&Ctry_Code=KM&surv_id=93&dm=1&dmode=nm
KM,KM,443,IR,61,https://www.dhsprogram.com/customcf/legacy/data/download_dataset.cfm?Filename=KMIR61FL.zip&Tp=1&Ctry_Code=KM&surv_id=443&dm=1&dmode=nm
KM,KM,93,KR,31,https://www.dhsprogram.com/customcf/legacy/data/download_dataset.cfm?Filename=KMKR31FL.zip&Tp=1&Ctry_Code=KM&surv_id=93&dm=1&dmode=nm
KM,KM,443,KR,61,https://www.dhsprogram.com/customcf/legacy/data/download_dataset.cfm?Filename=KMKR61FL.zip&Tp=1&Ctry_Code=KM&surv_id=443&dm=1&dmode=nm
KM,KM,93,MR,31,https://www.dhsprogram.com/customcf/legacy/data/download_dataset.cfm?Filename=KMMR31FL.zip&Tp=1&Ctry_Code=KM&surv_id=93&dm=1&dmode=nm
KM,KM,443,MR,61,https://www.dhsprogram.com/customcf/legacy/data/download_dataset.cfm?Filename=KMMR61FL.zip&Tp=1&Ctry_Code=KM&surv_id=443&dm=1&dmode=nm
KM,KM,93,PR,32,https://www.dhsprogram.com/customcf/legacy/data/download_dataset.cfm?Filename=KMPR32FL.zip&Tp=1&Ctry_Code=KM&surv_id=93&dm=1&dmode=nm
KM,KM,443,PR,61,https://www.dhsprogram.com/customcf/legacy/data/download_dataset.cfm?Filename=KMPR61FL.zip&Tp=1&Ctry_Code=KM&surv_id=443&dm=1&dmode=nm
KM,KM,93,WI,32,https://www.dhsprogram.com/customcf/legacy/data/download_dataset.cfm?Filename=KMWI32FL.zip&Tp=1&Ctry_Code=KM&surv_id=93&dm=1&dmode=nm
KM,KM,443,GE,61,https://www.dhsprogram.com/customcf/legacy/data/download_dataset.cfm?Filename=KMGE61FL.zip&Tp=2&Ctry_Code=KM&surv_id=443&dm=1&dmode=nm
CG,CG,267,BR,51,https://www.dhsprogram.com/customcf/legacy/data/download_dataset.cfm?Filename=CGBR51FL.zip&Tp=1&Ctry_Code=CG&surv_id=267&dm=1&dmode=nm
CG,CG,388,BR,61,https://www.dhsprogram.com/customcf/legacy/data/download_dataset.cfm?Filename=CGBR61FL.zip&Tp=1&Ctry_Code=CG&surv_id=388&dm=1&dmode=nm
CG,CG,267,CR,51,https://www.dhsprogram.com/customcf/legacy/data/download_dataset.cfm?Filename=CGCR51FL.zip&Tp=1&Ctry_Code=CG&surv_id=267&dm=1&dmode=nm
CG,CG,388,CR,61,https://www.dhsprogram.com/customcf/legacy/data/download_dataset.cfm?Filename=CGCR61FL.zip&Tp=1&Ctry_Code=CG&surv_id=388&dm=1&dmode=nm
CG,CG,267,HR,51,https://www.dhsprogram.com/customcf/legacy/data/download_dataset.cfm?Filename=CGHR51FL.zip&Tp=1&Ctry_Code=CG&surv_id=267&dm=1&dmode=nm
CG,CG,370,HR,5A,https://www.dhsprogram.com/customcf/legacy/data/download_dataset.cfm?Filename=CGHR5AFL.zip&Tp=1&Ctry_Code=CG&surv_id=370&dm=1&dmode=nm
CG,CG,388,HR,61,https://www.dhsprogram.com/customcf/legacy/data/download_dataset.cfm?Filename=CGHR61FL.zip&Tp=1&Ctry_Code=CG&surv_id=388&dm=1&dmode=nm
CG,CG,267,HW,51,https://www.dhsprogram.com/customcf/legacy/data/download_dataset.cfm?Filename=CGHW51FL.zip&Tp=1&Ctry_Code=CG&surv_id=267&dm=1&dmode=nm
CG,CG,267,IR,51,https://www.dhsprogram.com/customcf/legacy/data/download_dataset.cfm?Filename=CGIR51FL.zip&Tp=1&Ctry_Code=CG&surv_id=267&dm=1&dmode=nm
CG,CG,370,IR,5A,https://www.dhsprogram.com/customcf/legacy/data/download_dataset.cfm?Filename=CGIR5AFL.zip&Tp=1&Ctry_Code=CG&surv_id=370&dm=1&dmode=nm
CG,CG,388,IR,61,https://www.dhsprogram.com/customcf/legacy/data/download_dataset.cfm?Filename=CGIR61FL.zip&Tp=1&Ctry_Code=CG&surv_id=388&dm=1&dmode=nm
CG,CG,267,KR,51,https://www.dhsprogram.com/customcf/legacy/data/download_dataset.cfm?Filename=CGKR51FL.zip&Tp=1&Ctry_Code=CG&surv_id=267&dm=1&dmode=nm
CG,CG,388,KR,61,https://www.dhsprogram.com/customcf/legacy/data/download_dataset.cfm?Filename=CGKR61FL.zip&Tp=1&Ctry_Code=CG&surv_id=388&dm=1&dmode=nm
CG,CG,267,MR,51,https://www.dhsprogram.com/customcf/legacy/data/download_dataset.cfm?Filename=CGMR51FL.zip&Tp=1&Ctry_Code=CG&surv_id=267&dm=1&dmode=nm
CG,CG,388,MR,61,https://www.dhsprogram.com/customcf/legacy/data/download_dataset.cfm?Filename=CGMR61FL.zip&Tp=1&Ctry_Code=CG&surv_id=388&dm=1&dmode=nm
CG,CG,267,PR,51,https://www.dhsprogram.com/customcf/legacy/data/download_dataset.cfm?Filename=CGPR51FL.zip&Tp=1&Ctry_Code=CG&surv_id=267&dm=1&dmode=nm
CG,CG,370,PR,5A,https://www.dhsprogram.com/customcf/legacy/data/download_dataset.cfm?Filename=CGPR5AFL.zip&Tp=1&Ctry_Code=CG&surv_id=370&dm=1&dmode=nm
CG,CG,388,PR,61,https://www.dhsprogram.com/customcf/legacy/data/download_dataset.cfm?Filename=CGPR61FL.zip&Tp=1&Ctry_Code=CG&surv_id=388&dm=1&dmode=nm
CD,CD,239,BR,51,https://www.dhsprogram.com/customcf/legacy/data/download_dataset.cfm?Filename=CDBR51FL.zip&Tp=1&Ctry_Code=CD&surv_id=239&dm=1&dmode=nm
CD,CD,421,BR,61,https://www.dhsprogram.com/customcf/legacy/data/download_dataset.cfm?Filename=CDBR61FL.zip&Tp=1&Ctry_Code=CD&surv_id=421&dm=1&dmode=nm
CD,CD,597,BR,81,https://www.dhsprogram.com/customcf/legacy/data/download_dataset.cfm?Filename=CDBR81FL.zip&Tp=1&Ctry_Code=CD&surv_id=597&dm=1&dmode=nm
CD,CD,239,CR,51,https://www.dhsprogram.com/customcf/legacy/data/download_dataset.cfm?Filename=CDCR51FL.zip&Tp=1&Ctry_Code=CD&surv_id=239&dm=1&dmode=nm
CD,CD,421,CR,61,https://www.dhsprogram.com/customcf/legacy/data/download_dataset.cfm?Filename=CDCR61FL.zip&Tp=1&Ctry_Code=CD&surv_id=421&dm=1&dmode=nm
CD,CD,597,CR,81,https://www.dhsprogram.com/customcf/legacy/data/download_dataset.cfm?Filename=CDCR81FL.zip&Tp=1&Ctry_Code=CD&surv_id=597&dm=1&dmode=nm
CD,CD,239,HR,51,https://www.dhsprogram.com/customcf/legacy/data/download_dataset.cfm?Filename=CDHR51FL.zip&Tp=1&Ctry_Code=CD&surv_id=239&dm=1&dmode=nm
CD,CD,421,HR,61,https://www.dhsprogram.com/customcf/legacy/data/download_dataset.cfm?Filename=CDHR61FL.zip&Tp=1&Ctry_Code=CD&surv_id=421&dm=1&dmode=nm
CD,CD,597,HR,81,https://www.dhsprogram.com/customcf/legacy/data/download_dataset.cfm?Filename=CDHR81FL.zip&Tp=1&Ctry_Code=CD&surv_id=597&dm=1&dmode=nm
CD,CD,239,IR,51,https://www.dhsprogram.com/customcf/legacy/data/download_dataset.cfm?Filename=CDIR51FL.zip&Tp=1&Ctry_Code=CD&surv_id=239&dm=1&dmode=nm
CD,CD,421,IR,61,https://www.dhsprogram.com/customcf/legacy/data/download_dataset.cfm?Filename=CDIR61FL.zip&Tp=1&Ctry_Code=CD&surv_id=421&dm=1&dmode=nm
CD,CD,597,IR,81,https://www.dhsprogram.com/customcf/legacy/data/download_dataset.cfm?Filename=CDIR81FL.zip&Tp=1&Ctry_Code=CD&surv_id=597&dm=1&dmode=nm
CD,CD,239,KR,51,https://www.dhsprogram.com/customcf/legacy/data/download_dataset.cfm?Filename=CDKR51FL.zip&Tp=1&Ctry_Code=CD&surv_id=239&dm=1&dmode=nm
CD,CD,421,KR,61,https://www.dhsprogram.com/customcf/legacy/data/download_dataset.cfm?Filename=CDKR61FL.zip&Tp=1&Ctry_Code=CD&surv_id=421&dm=1&dmode=nm
CD,CD,597,KR,81,https://www.dhsprogram.com/customcf/legacy/data/download_dataset.cfm?Filename=CDKR81FL.zip&Tp=1&Ctry_Code=CD&surv_id=597&dm=1&dmode=nm
CD,CD,239,MR,51,https://www.dhsprogram.com/customcf/legacy/data/download_dataset.cfm?Filename=CDMR51FL.zip&Tp=1&Ctry_Code=CD&surv_id=239&dm=1&dmode=nm
CD,CD,421,MR,61,https://www.dhsprogram.com/customcf/legacy/data/download_dataset.cfm?Filename=CDMR61FL.zip&Tp=1&Ctry_Code=CD&surv_id=421&dm=1&dmode=nm
CD,CD,597,MR,81,https://www.dhsprogram.com/customcf/legacy/data/download_dataset.cfm?Filename=CDMR81FL.zip&Tp=1&Ctry_Code=CD&surv_id=597&dm=1&dmode=nm
CD,CD,239,PR,51,https://www.dhsprogram.com/customcf/legacy/data/download_dataset.cfm?Filename=CDPR51FL.zip&Tp=1&Ctry_Code=CD&surv_id=239&dm=1&dmode=nm
CD,CD,421,PR,61,https://www.dhsprogram.com/customcf/legacy/data/download_dataset.cfm?Filename=CDPR61FL.zip&Tp=1&Ctry_Code=CD&surv_id=421&dm=1&dmode=nm
CD,CD,597,PR,81,https://www.dhsprogram.com/customcf/legacy/data/download_dataset.cfm?Filename=CDPR81FL.zip&Tp=1&Ctry_Code=CD&surv_id=597&dm=1&dmode=nm
CD,CD,239,GE,52,https://www.dhsprogram.com/customcf/legacy/data/download_dataset.cfm?Filename=CDGE52FL.zip&Tp=2&Ctry_Code=CD&surv_id=239&dm=1&dmode=nm
CD,CD,421,GE,61,https://www.dhsprogram.com/customcf/legacy/data/download_dataset.cfm?Filename=CDGE61FL.zip&Tp=2&Ctry_Code=CD&surv_id=421&dm=1&dmode=nm
CD,CD,597,GE,81,https://www.dhsprogram.com/customcf/legacy/data/download_dataset.cfm?Filename=CDGE81FL.zip&Tp=2&Ctry_Code=CD&surv_id=597&dm=1&dmode=nm
CI,CI,62,BR,35,https://www.dhsprogram.com/customcf/legacy/data/download_dataset.cfm?Filename=CIBR35FL.zip&Tp=1&Ctry_Code=CI&surv_id=62&dm=1&dmode=nm
CI,CI,106,BR,3A,https://www.dhsprogram.com/customcf/legacy/data/download_dataset.cfm?Filename=CIBR3AFL.zip&Tp=1&Ctry_Code=CI&surv_id=106&dm=1&dmode=nm
CI,CI,231,BR,51,https://www.dhsprogram.com/customcf/legacy/data/download_dataset.cfm?Filename=CIBR51FL.zip&Tp=1&Ctry_Code=CI&surv_id=231&dm=1&dmode=nm
CI,CI,311,BR,62,https://www.dhsprogram.com/customcf/legacy/data/download_dataset.cfm?Filename=CIBR62FL.zip&Tp=1&Ctry_Code=CI&surv_id=311&dm=1&dmode=nm
CI,CI,559,BR,81,https://www.dhsprogram.com/customcf/legacy/data/download_dataset.cfm?Filename=CIBR81FL.zip&Tp=1&Ctry_Code=CI&surv_id=559&dm=1&dmode=nm
CI,CI,62,CR,35,https://www.dhsprogram.com/customcf/legacy/data/download_dataset.cfm?Filename=CICR35FL.zip&Tp=1&Ctry_Code=CI&surv_id=62&dm=1&dmode=nm
CI,CI,106,CR,3A,https://www.dhsprogram.com/customcf/legacy/data/download_dataset.cfm?Filename=CICR3AFL.zip&Tp=1&Ctry_Code=CI&surv_id=106&dm=1&dmode=nm
CI,CI,311,CR,62,https://www.dhsprogram.com/customcf/legacy/data/download_dataset.cfm?Filename=CICR62FL.zip&Tp=1&Ctry_Code=CI&surv_id=311&dm=1&dmode=nm
CI,CI,559,CR,81,https://www.dhsprogram.com/customcf/legacy/data/download_dataset.cfm?Filename=CICR81FL.zip&Tp=1&Ctry_Code=CI&surv_id=559&dm=1&dmode=nm
CI,CI,62,HR,35,https://www.dhsprogram.com/customcf/legacy/data/download_dataset.cfm?Filename=CIHR35FL.zip&Tp=1&Ctry_Code=CI&surv_id=62&dm=1&dmode=nm
CI,CI,106,HR,3A,https://www.dhsprogram.com/customcf/legacy/data/download_dataset.cfm?Filename=CIHR3AFL.zip&Tp=1&Ctry_Code=CI&surv_id=106&dm=1&dmode=nm
CI,CI,231,HR,51,https://www.dhsprogram.com/customcf/legacy/data/download_dataset.cfm?Filename=CIHR51FL.zip&Tp=1&Ctry_Code=CI&surv_id=231&dm=1&dmode=nm
CI,CI,311,HR,62,https://www.dhsprogram.com/customcf/legacy/data/download_dataset.cfm?Filename=CIHR62FL.zip&Tp=1&Ctry_Code=CI&surv_id=311&dm=1&dmode=nm
CI,CI,559,HR,81,https://www.dhsprogram.com/customcf/legacy/data/download_dataset.cfm?Filename=CIHR81FL.zip&Tp=1&Ctry_Code=CI&surv_id=559&dm=1&dmode=nm
CI,CI,62,HW,35,https://www.dhsprogram.com/customcf/legacy/data/download_dataset.cfm?Filename=CIHW35FL.zip&Tp=1&Ctry_Code=CI&surv_id=62&dm=1&dmode=nm
CI,CI,106,HW,3A,https://www.dhsprogram.com/customcf/legacy/data/download_dataset.cfm?Filename=CIHW3AFL.zip&Tp=1&Ctry_Code=CI&surv_id=106&dm=1&dmode=nm
CI,CI,62,IR,35,https://www.dhsprogram.com/customcf/legacy/data/download_dataset.cfm?Filename=CIIR35FL.zip&Tp=1&Ctry_Code=CI&surv_id=62&dm=1&dmode=nm
CI,CI,106,IR,3A,https://www.dhsprogram.com/customcf/legacy/data/download_dataset.cfm?Filename=CIIR3AFL.zip&Tp=1&Ctry_Code=CI&surv_id=106&dm=1&dmode=nm
CI,CI,231,IR,51,https://www.dhsprogram.com/customcf/legacy/data/download_dataset.cfm?Filename=CIIR51FL.zip&Tp=1&Ctry_Code=CI&surv_id=231&dm=1&dmode=nm
CI,CI,311,IR,62,https://www.dhsprogram.com/customcf/legacy/data/download_dataset.cfm?Filename=CIIR62FL.zip&Tp=1&Ctry_Code=CI&surv_id=311&dm=1&dmode=nm
CI,CI,559,IR,81,https://www.dhsprogram.com/customcf/legacy/data/download_dataset.cfm?Filename=CIIR81FL.zip&Tp=1&Ctry_Code=CI&surv_id=559&dm=1&dmode=nm
CI,CI,62,KR,35,https://www.dhsprogram.com/customcf/legacy/data/download_dataset.cfm?Filename=CIKR35FL.zip&Tp=1&Ctry_Code=CI&surv_id=62&dm=1&dmode=nm
CI,CI,106,KR,3A,https://www.dhsprogram.com/customcf/legacy/data/download_dataset.cfm?Filename=CIKR3AFL.zip&Tp=1&Ctry_Code=CI&surv_id=106&dm=1&dmode=nm
CI,CI,231,KR,51,https://www.dhsprogram.com/customcf/legacy/data/download_dataset.cfm?Filename=CIKR51FL.zip&Tp=1&Ctry_Code=CI&surv_id=231&dm=1&dmode=nm
CI,CI,311,KR,62,https://www.dhsprogram.com/customcf/legacy/data/download_dataset.cfm?Filename=CIKR62FL.zip&Tp=1&Ctry_Code=CI&surv_id=311&dm=1&dmode=nm
CI,CI,559,KR,81,https://www.dhsprogram.com/customcf/legacy/data/download_dataset.cfm?Filename=CIKR81FL.zip&Tp=1&Ctry_Code=CI&surv_id=559&dm=1&dmode=nm
CI,CI,62,MR,33,https://www.dhsprogram.com/customcf/legacy/data/download_dataset.cfm?Filename=CIMR33FL.zip&Tp=1&Ctry_Code=CI&surv_id=62&dm=1&dmode=nm
CI,CI,106,MR,3A,https://www.dhsprogram.com/customcf/legacy/data/download_dataset.cfm?Filename=CIMR3AFL.zip&Tp=1&Ctry_Code=CI&surv_id=106&dm=1&dmode=nm
CI,CI,311,MR,62,https://www.dhsprogram.com/customcf/legacy/data/download_dataset.cfm?Filename=CIMR62FL.zip&Tp=1&Ctry_Code=CI&surv_id=311&dm=1&dmode=nm
CI,CI,559,MR,81,https://www.dhsprogram.com/customcf/legacy/data/download_dataset.cfm?Filename=CIMR81FL.zip&Tp=1&Ctry_Code=CI&surv_id=559&dm=1&dmode=nm
CI,CI,62,PR,35,https://www.dhsprogram.com/customcf/legacy/data/download_dataset.cfm?Filename=CIPR35FL.zip&Tp=1&Ctry_Code=CI&surv_id=62&dm=1&dmode=nm
CI,CI,106,PR,3A,https://www.dhsprogram.com/customcf/legacy/data/download_dataset.cfm?Filename=CIPR3AFL.zip&Tp=1&Ctry_Code=CI&surv_id=106&dm=1&dmode=nm
CI,CI,231,PR,51,https://www.dhsprogram.com/customcf/legacy/data/download_dataset.cfm?Filename=CIPR51FL.zip&Tp=1&Ctry_Code=CI&surv_id=231&dm=1&dmode=nm
CI,CI,311,PR,62,https://www.dhsprogram.com/customcf/legacy/data/download_dataset.cfm?Filename=CIPR62FL.zip&Tp=1&Ctry_Code=CI&surv_id=311&dm=1&dmode=nm
CI,CI,559,PR,81,https://www.dhsprogram.com/customcf/legacy/data/download_dataset.cfm?Filename=CIPR81FL.zip&Tp=1&Ctry_Code=CI&surv_id=559&dm=1&dmode=nm
CI,CI,62,SQ,33,https://www.dhsprogram.com/customcf/legacy/data/download_dataset.cfm?Filename=CISQ33FL.zip&Tp=1&Ctry_Code=CI&surv_id=62&dm=1&dmode=nm
CI,CI,62,WI,34,https://www.dhsprogram.com/customcf/legacy/data/download_dataset.cfm?Filename=CIWI34FL.zip&Tp=1&Ctry_Code=CI&surv_id=62&dm=1&dmode=nm
CI,CI,106,WI,3A,https://www.dhsprogram.com/customcf/legacy/data/download_dataset.cfm?Filename=CIWI3AFL.zip&Tp=1&Ctry_Code=CI&surv_id=106&dm=1&dmode=nm
CI,CI,62,GE,33,https://www.dhsprogram.com/customcf/legacy/data/download_dataset.cfm?Filename=CIGE33FL.zip&Tp=2&Ctry_Code=CI&surv_id=62&dm=1&dmode=nm
CI,CI,106,GE,3B,https://www.dhsprogram.com/customcf/legacy/data/download_dataset.cfm?Filename=CIGE3BFL.zip&Tp=2&Ctry_Code=CI&surv_id=106&dm=1&dmode=nm
CI,CI,311,GE,61,https://www.dhsprogram.com/customcf/legacy/data/download_dataset.cfm?Filename=CIGE61FL.zip&Tp=2&Ctry_Code=CI&surv_id=311&dm=1&dmode=nm
CI,CI,559,GE,81,https://www.dhsprogram.com/customcf/legacy/data/download_dataset.cfm?Filename=CIGE81FL.zip&Tp=2&Ctry_Code=CI&surv_id=559&dm=1&dmode=nm
DR,DR,5,BR,01,https://www.dhsprogram.com/customcf/legacy/data/download_dataset.cfm?Filename=DRBR01FL.zip&Tp=1&Ctry_Code=DR&surv_id=5&dm=1&dmode=nm
DR,DR,37,BR,21,https://www.dhsprogram.com/customcf/legacy/data/download_dataset.cfm?Filename=DRBR21FL.zip&Tp=1&Ctry_Code=DR&surv_id=37&dm=1&dmode=nm
DR,DR,92,BR,32,https://www.dhsprogram.com/customcf/legacy/data/download_dataset.cfm?Filename=DRBR32FL.zip&Tp=1&Ctry_Code=DR&surv_id=92&dm=1&dmode=nm
DR,DR,142,BR,41,https://www.dhsprogram.com/customcf/legacy/data/download_dataset.cfm?Filename=DRBR41FL.zip&Tp=1&Ctry_Code=DR&surv_id=142&dm=1&dmode=nm
DR,DR,210,BR,4B,https://www.dhsprogram.com/customcf/legacy/data/download_dataset.cfm?Filename=DRBR4BFL.zip&Tp=1&Ctry_Code=DR&surv_id=210&dm=1&dmode=nm
DR,DR,291,BR,52,https://www.dhsprogram.com/customcf/legacy/data/download_dataset.cfm?Filename=DRBR52FL.zip&Tp=1&Ctry_Code=DR&surv_id=291&dm=1&dmode=nm
DR,DR,331,BR,5A,https://www.dhsprogram.com/customcf/legacy/data/download_dataset.cfm?Filename=DRBR5AFL.zip&Tp=1&Ctry_Code=DR&surv_id=331&dm=1&dmode=nm
DR,DR,439,BR,61,https://www.dhsprogram.com/customcf/legacy/data/download_dataset.cfm?Filename=DRBR61FL.zip&Tp=1&Ctry_Code=DR&surv_id=439&dm=1&dmode=nm
DR,DR,490,BR,6A,https://www.dhsprogram.com/customcf/legacy/data/download_dataset.cfm?Filename=DRBR6AFL.zip&Tp=1&Ctry_Code=DR&surv_id=490&dm=1&dmode=nm
DR,DR,92,CR,31,https://www.dhsprogram.com/customcf/legacy/data/download_dataset.cfm?Filename=DRCR31FL.zip&Tp=1&Ctry_Code=DR&surv_id=92&dm=1&dmode=nm
DR,DR,142,CR,41,https://www.dhsprogram.com/customcf/legacy/data/download_dataset.cfm?Filename=DRCR41FL.zip&Tp=1&Ctry_Code=DR&surv_id=142&dm=1&dmode=nm
DR,DR,210,CR,4B,https://www.dhsprogram.com/customcf/legacy/data/download_dataset.cfm?Filename=DRCR4BFL.zip&Tp=1&Ctry_Code=DR&surv_id=210&dm=1&dmode=nm
DR,DR,291,CR,52,https://www.dhsprogram.com/customcf/legacy/data/download_dataset.cfm?Filename=DRCR52FL.zip&Tp=1&Ctry_Code=DR&surv_id=291&dm=1&dmode=nm
DR,DR,331,CR,5A,https://www.dhsprogram.com/customcf/legacy/data/download_dataset.cfm?Filename=DRCR5AFL.zip&Tp=1&Ctry_Code=DR&surv_id=331&dm=1&dmode=nm
DR,DR,439,CR,61,https://www.dhsprogram.com/customcf/legacy/data/download_dataset.cfm?Filename=DRCR61FL.zip&Tp=1&Ctry_Code=DR&surv_id=439&dm=1&dmode=nm
DR,DR,490,CR,6A,https://www.dhsprogram.com/customcf/legacy/data/download_dataset.cfm?Filename=DRCR6AFL.zip&Tp=1&Ctry_Code=DR&surv_id=490&dm=1&dmode=nm
DR,DR,5,HH,01,https://www.dhsprogram.com/customcf/legacy/data/download_dataset.cfm?Filename=DRHH01FL.zip&Tp=1&Ctry_Code=DR&surv_id=5&dm=1&dmode=nm
DR,DR,37,HR,21,https://www.dhsprogram.com/customcf/legacy/data/download_dataset.cfm?Filename=DRHR21FL.zip&Tp=1&Ctry_Code=DR&surv_id=37&dm=1&dmode=nm
DR,DR,92,HR,32,https://www.dhsprogram.com/customcf/legacy/data/download_dataset.cfm?Filename=DRHR32FL.zip&Tp=1&Ctry_Code=DR&surv_id=92&dm=1&dmode=nm
DR,DR,142,HR,41,https://www.dhsprogram.com/customcf/legacy/data/download_dataset.cfm?Filename=DRHR41FL.zip&Tp=1&Ctry_Code=DR&surv_id=142&dm=1&dmode=nm
DR,DR,210,HR,4B,https://www.dhsprogram.com/customcf/legacy/data/download_dataset.cfm?Filename=DRHR4BFL.zip&Tp=1&Ctry_Code=DR&surv_id=210&dm=1&dmode=nm
DR,DR,291,HR,52,https://www.dhsprogram.com/customcf/legacy/data/download_dataset.cfm?Filename=DRHR52FL.zip&Tp=1&Ctry_Code=DR&surv_id=291&dm=1&dmode=nm
DR,DR,331,HR,5A,https://www.dhsprogram.com/customcf/legacy/data/download_dataset.cfm?Filename=DRHR5AFL.zip&Tp=1&Ctry_Code=DR&surv_id=331&dm=1&dmode=nm
DR,DR,439,HR,61,https://www.dhsprogram.com/customcf/legacy/data/download_dataset.cfm?Filename=DRHR61FL.zip&Tp=1&Ctry_Code=DR&surv_id=439&dm=1&dmode=nm
DR,DR,490,HR,6A,https://www.dhsprogram.com/customcf/legacy/data/download_dataset.cfm?Filename=DRHR6AFL.zip&Tp=1&Ctry_Code=DR&surv_id=490&dm=1&dmode=nm
DR,DR,5,HW,01,https://www.dhsprogram.com/customcf/legacy/data/download_dataset.cfm?Filename=DRHW01FL.zip&Tp=1&Ctry_Code=DR&surv_id=5&dm=1&dmode=nm
DR,DR,37,HW,21,https://www.dhsprogram.com/customcf/legacy/data/download_dataset.cfm?Filename=DRHW21FL.zip&Tp=1&Ctry_Code=DR&surv_id=37&dm=1&dmode=nm
DR,DR,92,HW,32,https://www.dhsprogram.com/customcf/legacy/data/download_dataset.cfm?Filename=DRHW32FL.zip&Tp=1&Ctry_Code=DR&surv_id=92&dm=1&dmode=nm
DR,DR,210,HW,4A,https://www.dhsprogram.com/customcf/legacy/data/download_dataset.cfm?Filename=DRHW4AFL.zip&Tp=1&Ctry_Code=DR&surv_id=210&dm=1&dmode=nm
DR,DR,5,IR,01,https://www.dhsprogram.com/customcf/legacy/data/download_dataset.cfm?Filename=DRIR01FL.zip&Tp=1&Ctry_Code=DR&surv_id=5&dm=1&dmode=nm
DR,DR,37,IR,21,https://www.dhsprogram.com/customcf/legacy/data/download_dataset.cfm?Filename=DRIR21FL.zip&Tp=1&Ctry_Code=DR&surv_id=37&dm=1&dmode=nm
DR,DR,92,IR,32,https://www.dhsprogram.com/customcf/legacy/data/download_dataset.cfm?Filename=DRIR32FL.zip&Tp=1&Ctry_Code=DR&surv_id=92&dm=1&dmode=nm
DR,DR,142,IR,41,https://www.dhsprogram.com/customcf/legacy/data/download_dataset.cfm?Filename=DRIR41FL.zip&Tp=1&Ctry_Code=DR&surv_id=142&dm=1&dmode=nm
DR,DR,210,IR,4B,https://www.dhsprogram.com/customcf/legacy/data/download_dataset.cfm?Filename=DRIR4BFL.zip&Tp=1&Ctry_Code=DR&surv_id=210&dm=1&dmode=nm
DR,DR,291,IR,52,https://www.dhsprogram.com/customcf/legacy/data/download_dataset.cfm?Filename=DRIR52FL.zip&Tp=1&Ctry_Code=DR&surv_id=291&dm=1&dmode=nm
DR,DR,331,IR,5A,https://www.dhsprogram.com/customcf/legacy/data/download_dataset.cfm?Filename=DRIR5AFL.zip&Tp=1&Ctry_Code=DR&surv_id=331&dm=1&dmode=nm
DR,DR,439,IR,61,https://www.dhsprogram.com/customcf/legacy/data/download_dataset.cfm?Filename=DRIR61FL.zip&Tp=1&Ctry_Code=DR&surv_id=439&dm=1&dmode=nm
DR,DR,490,IR,6A,https://www.dhsprogram.com/customcf/legacy/data/download_dataset.cfm?Filename=DRIR6AFL.zip&Tp=1&Ctry_Code=DR&surv_id=490&dm=1&dmode=nm
DR,DR,5,KR,01,https://www.dhsprogram.com/customcf/legacy/data/download_dataset.cfm?Filename=DRKR01FL.zip&Tp=1&Ctry_Code=DR&surv_id=5&dm=1&dmode=nm
DR,DR,37,KR,21,https://www.dhsprogram.com/customcf/legacy/data/download_dataset.cfm?Filename=DRKR21FL.zip&Tp=1&Ctry_Code=DR&surv_id=37&dm=1&dmode=nm
DR,DR,92,KR,31,https://www.dhsprogram.com/customcf/legacy/data/download_dataset.cfm?Filename=DRKR31FL.zip&Tp=1&Ctry_Code=DR&surv_id=92&dm=1&dmode=nm
DR,DR,142,KR,41,https://www.dhsprogram.com/customcf/legacy/data/download_dataset.cfm?Filename=DRKR41FL.zip&Tp=1&Ctry_Code=DR&surv_id=142&dm=1&dmode=nm
DR,DR,210,KR,4B,https://www.dhsprogram.com/customcf/legacy/data/download_dataset.cfm?Filename=DRKR4BFL.zip&Tp=1&Ctry_Code=DR&surv_id=210&dm=1&dmode=nm
DR,DR,291,KR,52,https://www.dhsprogram.com/customcf/legacy/data/download_dataset.cfm?Filename=DRKR52FL.zip&Tp=1&Ctry_Code=DR&surv_id=291&dm=1&dmode=nm
DR,DR,331,KR,5A,https://www.dhsprogram.com/customcf/legacy/data/download_dataset.cfm?Filename=DRKR5AFL.zip&Tp=1&Ctry_Code=DR&surv_id=331&dm=1&dmode=nm
DR,DR,439,KR,61,https://www.dhsprogram.com/customcf/legacy/data/download_dataset.cfm?Filename=DRKR61FL.zip&Tp=1&Ctry_Code=DR&surv_id=439&dm=1&dmode=nm
DR,DR,490,KR,6A,https://www.dhsprogram.com/customcf/legacy/data/download_dataset.cfm?Filename=DRKR6AFL.zip&Tp=1&Ctry_Code=DR&surv_id=490&dm=1&dmode=nm
DR,DR,92,MR,31,https://www.dhsprogram.com/customcf/legacy/data/download_dataset.cfm?Filename=DRMR31FL.zip&Tp=1&Ctry_Code=DR&surv_id=92&dm=1&dmode=nm
DR,DR,142,MR,41,https://www.dhsprogram.com/customcf/legacy/data/download_dataset.cfm?Filename=DRMR41FL.zip&Tp=1&Ctry_Code=DR&surv_id=142&dm=1&dmode=nm
DR,DR,210,MR,4B,https://www.dhsprogram.com/customcf/legacy/data/download_dataset.cfm?Filename=DRMR4BFL.zip&Tp=1&Ctry_Code=DR&surv_id=210&dm=1&dmode=nm
DR,DR,291,MR,52,https://www.dhsprogram.com/customcf/legacy/data/download_dataset.cfm?Filename=DRMR52FL.zip&Tp=1&Ctry_Code=DR&surv_id=291&dm=1&dmode=nm
DR,DR,331,MR,5A,https://www.dhsprogram.com/customcf/legacy/data/download_dataset.cfm?Filename=DRMR5AFL.zip&Tp=1&Ctry_Code=DR&surv_id=331&dm=1&dmode=nm
DR,DR,439,MR,61,https://www.dhsprogram.com/customcf/legacy/data/download_dataset.cfm?Filename=DRMR61FL.zip&Tp=1&Ctry_Code=DR&surv_id=439&dm=1&dmode=nm
DR,DR,490,MR,6A,https://www.dhsprogram.com/customcf/legacy/data/download_dataset.cfm?Filename=DRMR6AFL.zip&Tp=1&Ctry_Code=DR&surv_id=490&dm=1&dmode=nm
DR,DR,37,PR,21,https://www.dhsprogram.com/customcf/legacy/data/download_dataset.cfm?Filename=DRPR21FL.zip&Tp=1&Ctry_Code=DR&surv_id=37&dm=1&dmode=nm
DR,DR,92,PR,32,https://www.dhsprogram.com/customcf/legacy/data/download_dataset.cfm?Filename=DRPR32FL.zip&Tp=1&Ctry_Code=DR&surv_id=92&dm=1&dmode=nm
DR,DR,142,PR,41,https://www.dhsprogram.com/customcf/legacy/data/download_dataset.cfm?Filename=DRPR41FL.zip&Tp=1&Ctry_Code=DR&surv_id=142&dm=1&dmode=nm
DR,DR,210,PR,4B,https://www.dhsprogram.com/customcf/legacy/data/download_dataset.cfm?Filename=DRPR4BFL.zip&Tp=1&Ctry_Code=DR&surv_id=210&dm=1&dmode=nm
DR,DR,291,PR,52,https://www.dhsprogram.com/customcf/legacy/data/download_dataset.cfm?Filename=DRPR52FL.zip&Tp=1&Ctry_Code=DR&surv_id=291&dm=1&dmode=nm
DR,DR,331,PR,5A,https://www.dhsprogram.com/customcf/legacy/data/download_dataset.cfm?Filename=DRPR5AFL.zip&Tp=1&Ctry_Code=DR&surv_id=331&dm=1&dmode=nm
DR,DR,439,PR,61,https://www.dhsprogram.com/customcf/legacy/data/download_dataset.cfm?Filename=DRPR61FL.zip&Tp=1&Ctry_Code=DR&surv_id=439&dm=1&dmode=nm
DR,DR,490,PR,6A,https://www.dhsprogram.com/customcf/legacy/data/download_dataset.cfm?Filename=DRPR6AFL.zip&Tp=1&Ctry_Code=DR&surv_id=490&dm=1&dmode=nm
DR,DR,5,SQ,01,https://www.dhsprogram.com/customcf/legacy/data/download_dataset.cfm?Filename=DRSQ01FL.zip&Tp=1&Ctry_Code=DR&surv_id=5&dm=1&dmode=nm
DR,DR,37,SQ,23,https://www.dhsprogram.com/customcf/legacy/data/download_dataset.cfm?Filename=DRSQ23FL.zip&Tp=1&Ctry_Code=DR&surv_id=37&dm=1&dmode=nm
DR,DR,92,WI,32,https://www.dhsprogram.com/customcf/legacy/data/download_dataset.cfm?Filename=DRWI32FL.zip&Tp=1&Ctry_Code=DR&surv_id=92&dm=1&dmode=nm
DR,DR,142,WI,41,https://www.dhsprogram.com/customcf/legacy/data/download_dataset.cfm?Filename=DRWI41FL.zip&Tp=1&Ctry_Code=DR&surv_id=142&dm=1&dmode=nm
DR,DR,210,WI,4A,https://www.dhsprogram.com/customcf/legacy/data/download_dataset.cfm?Filename=DRWI4AFL.zip&Tp=1&Ctry_Code=DR&surv_id=210&dm=1&dmode=nm
DR,DR,291,GE,52,https://www.dhsprogram.com/customcf/legacy/data/download_dataset.cfm?Filename=DRGE52FL.zip&Tp=2&Ctry_Code=DR&surv_id=291&dm=1&dmode=nm
DR,DR,439,GE,61,https://www.dhsprogram.com/customcf/legacy/data/download_dataset.cfm?Filename=DRGE61FL.zip&Tp=2&Ctry_Code=DR&surv_id=439&dm=1&dmode=nm
DR,DR,490,GE,6A,https://www.dhsprogram.com/customcf/legacy/data/download_dataset.cfm?Filename=DRGE6AFL.zip&Tp=2&Ctry_Code=DR&surv_id=490&dm=1&dmode=nm
EC,EC,15,BR,01,https://www.dhsprogram.com/customcf/legacy/data/download_dataset.cfm?Filename=ECBR01FL.zip&Tp=1&Ctry_Code=EC&surv_id=15&dm=1&dmode=nm
EC,EC,15,HH,01,https://www.dhsprogram.com/customcf/legacy/data/download_dataset.cfm?Filename=ECHH01FL.zip&Tp=1&Ctry_Code=EC&surv_id=15&dm=1&dmode=nm
EC,EC,15,IR,01,https://www.dhsprogram.com/customcf/legacy/data/download_dataset.cfm?Filename=ECIR01FL.zip&Tp=1&Ctry_Code=EC&surv_id=15&dm=1&dmode=nm
EC,EC,15,KR,01,https://www.dhsprogram.com/customcf/legacy/data/download_dataset.cfm?Filename=ECKR01FL.zip&Tp=1&Ctry_Code=EC&surv_id=15&dm=1&dmode=nm
EC,EC,15,SQ,01,https://www.dhsprogram.com/customcf/legacy/data/download_dataset.cfm?Filename=ECSQ01FL.zip&Tp=1&Ctry_Code=EC&surv_id=15&dm=1&dmode=nm
EG,EG,24,BR,01,https://www.dhsprogram.com/customcf/legacy/data/download_dataset.cfm?Filename=EGBR01FL.zip&Tp=1&Ctry_Code=EG&surv_id=24&dm=1&dmode=nm
EG,EG,45,BR,21,https://www.dhsprogram.com/customcf/legacy/data/download_dataset.cfm?Filename=EGBR21FL.zip&Tp=1&Ctry_Code=EG&surv_id=45&dm=1&dmode=nm
EG,EG,71,BR,33,https://www.dhsprogram.com/customcf/legacy/data/download_dataset.cfm?Filename=EGBR33FL.zip&Tp=1&Ctry_Code=EG&surv_id=71&dm=1&dmode=nm
EG,EG,145,BR,42,https://www.dhsprogram.com/customcf/legacy/data/download_dataset.cfm?Filename=EGBR42FL.zip&Tp=1&Ctry_Code=EG&surv_id=145&dm=1&dmode=nm
EG,EG,240,BR,4A,https://www.dhsprogram.com/customcf/legacy/data/download_dataset.cfm?Filename=EGBR4AFL.zip&Tp=1&Ctry_Code=EG&surv_id=240&dm=1&dmode=nm
EG,EG,272,BR,51,https://www.dhsprogram.com/customcf/legacy/data/download_dataset.cfm?Filename=EGBR51FL.zip&Tp=1&Ctry_Code=EG&surv_id=272&dm=1&dmode=nm
EG,EG,294,BR,5A,https://www.dhsprogram.com/customcf/legacy/data/download_dataset.cfm?Filename=EGBR5AFL.zip&Tp=1&Ctry_Code=EG&surv_id=294&dm=1&dmode=nm
EG,EG,397,BR,61,https://www.dhsprogram.com/customcf/legacy/data/download_dataset.cfm?Filename=EGBR61FL.zip&Tp=1&Ctry_Code=EG&surv_id=397&dm=1&dmode=nm
EG,EG,24,HH,02,https://www.dhsprogram.com/customcf/legacy/data/download_dataset.cfm?Filename=EGHH02FL.zip&Tp=1&Ctry_Code=EG&surv_id=24&dm=1&dmode=nm
EG,EG,108,HH,3A,https://www.dhsprogram.com/customcf/legacy/data/download_dataset.cfm?Filename=EGHH3AFL.zip&Tp=1&Ctry_Code=EG&surv_id=108&dm=1&dmode=nm
EG,EG,294,HH,5A,https://www.dhsprogram.com/customcf/legacy/data/download_dataset.cfm?Filename=EGHH5AFL.zip&Tp=1&Ctry_Code=EG&surv_id=294&dm=1&dmode=nm
EG,EG,480,HH,73,https://www.dhsprogram.com/customcf/legacy/data/download_dataset.cfm?Filename=EGHH73FL.zip&Tp=1&Ctry_Code=EG&surv_id=480&dm=1&dmode=nm
EG,EG,45,HR,21,https://www.dhsprogram.com/customcf/legacy/data/download_dataset.cfm?Filename=EGHR21FL.zip&Tp=1&Ctry_Code=EG&surv_id=45&dm=1&dmode=nm
EG,EG,71,HR,33,https://www.dhsprogram.com/customcf/legacy/data/download_dataset.cfm?Filename=EGHR33FL.zip&Tp=1&Ctry_Code=EG&surv_id=71&dm=1&dmode=nm
EG,EG,145,HR,42,https://www.dhsprogram.com/customcf/legacy/data/download_dataset.cfm?Filename=EGHR42FL.zip&Tp=1&Ctry_Code=EG&surv_id=145&dm=1&dmode=nm
EG,EG,240,HR,4A,https://www.dhsprogram.com/customcf/legacy/data/download_dataset.cfm?Filename=EGHR4AFL.zip&Tp=1&Ctry_Code=EG&surv_id=240&dm=1&dmode=nm
EG,EG,272,HR,51,https://www.dhsprogram.com/customcf/legacy/data/download_dataset.cfm?Filename=EGHR51FL.zip&Tp=1&Ctry_Code=EG&surv_id=272&dm=1&dmode=nm
EG,EG,294,HR,5A,https://www.dhsprogram.com/customcf/legacy/data/download_dataset.cfm?Filename=EGHR5AFL.zip&Tp=1&Ctry_Code=EG&surv_id=294&dm=1&dmode=nm
EG,EG,397,HR,61,https://www.dhsprogram.com/customcf/legacy/data/download_dataset.cfm?Filename=EGHR61FL.zip&Tp=1&Ctry_Code=EG&surv_id=397&dm=1&dmode=nm
EG,EG,24,HW,01,https://www.dhsprogram.com/customcf/legacy/data/download_dataset.cfm?Filename=EGHW01FL.zip&Tp=1&Ctry_Code=EG&surv_id=24&dm=1&dmode=nm
EG,EG,45,HW,21,https://www.dhsprogram.com/customcf/legacy/data/download_dataset.cfm?Filename=EGHW21FL.zip&Tp=1&Ctry_Code=EG&surv_id=45&dm=1&dmode=nm
EG,EG,71,HW,33,https://www.dhsprogram.com/customcf/legacy/data/download_dataset.cfm?Filename=EGHW33FL.zip&Tp=1&Ctry_Code=EG&surv_id=71&dm=1&dmode=nm
EG,EG,145,HW,41,https://www.dhsprogram.com/customcf/legacy/data/download_dataset.cfm?Filename=EGHW41FL.zip&Tp=1&Ctry_Code=EG&surv_id=145&dm=1&dmode=nm
EG,EG,240,HW,4A,https://www.dhsprogram.com/customcf/legacy/data/download_dataset.cfm?Filename=EGHW4AFL.zip&Tp=1&Ctry_Code=EG&surv_id=240&dm=1&dmode=nm
EG,EG,272,HW,51,https://www.dhsprogram.com/customcf/legacy/data/download_dataset.cfm?Filename=EGHW51FL.zip&Tp=1&Ctry_Code=EG&surv_id=272&dm=1&dmode=nm
EG,EG,108,IQ,3A,https://www.dhsprogram.com/customcf/legacy/data/download_dataset.cfm?Filename=EGIQ3AFL.zip&Tp=1&Ctry_Code=EG&surv_id=108&dm=1&dmode=nm
EG,EG,294,IQ,5A,https://www.dhsprogram.com/customcf/legacy/data/download_dataset.cfm?Filename=EGIQ5AFL.zip&Tp=1&Ctry_Code=EG&surv_id=294&dm=1&dmode=nm
EG,EG,480,IQ,73,https://www.dhsprogram.com/customcf/legacy/data/download_dataset.cfm?Filename=EGIQ73FL.zip&Tp=1&Ctry_Code=EG&surv_id=480&dm=1&dmode=nm
EG,EG,24,IR,01,https://www.dhsprogram.com/customcf/legacy/data/download_dataset.cfm?Filename=EGIR01FL.zip&Tp=1&Ctry_Code=EG&surv_id=24&dm=1&dmode=nm
EG,EG,45,IR,21,https://www.dhsprogram.com/customcf/legacy/data/download_dataset.cfm?Filename=EGIR21FL.zip&Tp=1&Ctry_Code=EG&surv_id=45&dm=1&dmode=nm
EG,EG,71,IR,33,https://www.dhsprogram.com/customcf/legacy/data/download_dataset.cfm?Filename=EGIR33FL.zip&Tp=1&Ctry_Code=EG&surv_id=71&dm=1&dmode=nm
EG,EG,145,IR,42,https://www.dhsprogram.com/customcf/legacy/data/download_dataset.cfm?Filename=EGIR42FL.zip&Tp=1&Ctry_Code=EG&surv_id=145&dm=1&dmode=nm
EG,EG,240,IR,4A,https://www.dhsprogram.com/customcf/legacy/data/download_dataset.cfm?Filename=EGIR4AFL.zip&Tp=1&Ctry_Code=EG&surv_id=240&dm=1&dmode=nm
EG,EG,272,IR,51,https://www.dhsprogram.com/customcf/legacy/data/download_dataset.cfm?Filename=EGIR51FL.zip&Tp=1&Ctry_Code=EG&surv_id=272&dm=1&dmode=nm
EG,EG,294,IR,5A,https://www.dhsprogram.com/customcf/legacy/data/download_dataset.cfm?Filename=EGIR5AFL.zip&Tp=1&Ctry_Code=EG&surv_id=294&dm=1&dmode=nm
EG,EG,397,IR,61,https://www.dhsprogram.com/customcf/legacy/data/download_dataset.cfm?Filename=EGIR61FL.zip&Tp=1&Ctry_Code=EG&surv_id=397&dm=1&dmode=nm
EG,EG,24,KR,01,https://www.dhsprogram.com/customcf/legacy/data/download_dataset.cfm?Filename=EGKR01FL.zip&Tp=1&Ctry_Code=EG&surv_id=24&dm=1&dmode=nm
EG,EG,45,KR,21,https://www.dhsprogram.com/customcf/legacy/data/download_dataset.cfm?Filename=EGKR21FL.zip&Tp=1&Ctry_Code=EG&surv_id=45&dm=1&dmode=nm
EG,EG,71,KR,33,https://www.dhsprogram.com/customcf/legacy/data/download_dataset.cfm?Filename=EGKR33FL.zip&Tp=1&Ctry_Code=EG&surv_id=71&dm=1&dmode=nm
EG,EG,145,KR,42,https://www.dhsprogram.com/customcf/legacy/data/download_dataset.cfm?Filename=EGKR42FL.zip&Tp=1&Ctry_Code=EG&surv_id=145&dm=1&dmode=nm
EG,EG,240,KR,4A,https://www.dhsprogram.com/customcf/legacy/data/download_dataset.cfm?Filename=EGKR4AFL.zip&Tp=1&Ctry_Code=EG&surv_id=240&dm=1&dmode=nm
EG,EG,272,KR,51,https://www.dhsprogram.com/customcf/legacy/data/download_dataset.cfm?Filename=EGKR51FL.zip&Tp=1&Ctry_Code=EG&surv_id=272&dm=1&dmode=nm
EG,EG,294,KR,5A,https://www.dhsprogram.com/customcf/legacy/data/download_dataset.cfm?Filename=EGKR5AFL.zip&Tp=1&Ctry_Code=EG&surv_id=294&dm=1&dmode=nm
EG,EG,397,KR,61,https://www.dhsprogram.com/customcf/legacy/data/download_dataset.cfm?Filename=EGKR61FL.zip&Tp=1&Ctry_Code=EG&surv_id=397&dm=1&dmode=nm
EG,EG,294,OD,5A,https://www.dhsprogram.com/customcf/legacy/data/download_dataset.cfm?Filename=EGOD5AFL.zip&Tp=1&Ctry_Code=EG&surv_id=294&dm=1&dmode=nm
EG,EG,45,PR,21,https://www.dhsprogram.com/customcf/legacy/data/download_dataset.cfm?Filename=EGPR21FL.zip&Tp=1&Ctry_Code=EG&surv_id=45&dm=1&dmode=nm
EG,EG,71,PR,33,https://www.dhsprogram.com/customcf/legacy/data/download_dataset.cfm?Filename=EGPR33FL.zip&Tp=1&Ctry_Code=EG&surv_id=71&dm=1&dmode=nm
EG,EG,145,PR,42,https://www.dhsprogram.com/customcf/legacy/data/download_dataset.cfm?Filename=EGPR42FL.zip&Tp=1&Ctry_Code=EG&surv_id=145&dm=1&dmode=nm
EG,EG,240,PR,4A,https://www.dhsprogram.com/customcf/legacy/data/download_dataset.cfm?Filename=EGPR4AFL.zip&Tp=1&Ctry_Code=EG&surv_id=240&dm=1&dmode=nm
EG,EG,272,PR,51,https://www.dhsprogram.com/customcf/legacy/data/download_dataset.cfm?Filename=EGPR51FL.zip&Tp=1&Ctry_Code=EG&surv_id=272&dm=1&dmode=nm
EG,EG,294,PR,5A,https://www.dhsprogram.com/customcf/legacy/data/download_dataset.cfm?Filename=EGPR5AFL.zip&Tp=1&Ctry_Code=EG&surv_id=294&dm=1&dmode=nm
EG,EG,397,PR,61,https://www.dhsprogram.com/customcf/legacy/data/download_dataset.cfm?Filename=EGPR61FL.zip&Tp=1&Ctry_Code=EG&surv_id=397&dm=1&dmode=nm
EG,EG,24,SQ,02,https://www.dhsprogram.com/customcf/legacy/data/download_dataset.cfm?Filename=EGSQ02FL.zip&Tp=1&Ctry_Code=EG&surv_id=24&dm=1&dmode=nm
EG,EG,71,WI,32,https://www.dhsprogram.com/customcf/legacy/data/download_dataset.cfm?Filename=EGWI32FL.zip&Tp=1&Ctry_Code=EG&surv_id=71&dm=1&dmode=nm
EG,EG,145,WI,41,https://www.dhsprogram.com/customcf/legacy/data/download_dataset.cfm?Filename=EGWI41FL.zip&Tp=1&Ctry_Code=EG&surv_id=145&dm=1&dmode=nm
EG,EG,240,WI,4A,https://www.dhsprogram.com/customcf/legacy/data/download_dataset.cfm?Filename=EGWI4AFL.zip&Tp=1&Ctry_Code=EG&surv_id=240&dm=1&dmode=nm
EG,EG,45,GE,22,https://www.dhsprogram.com/customcf/legacy/data/download_dataset.cfm?Filename=EGGE22FL.zip&Tp=2&Ctry_Code=EG&surv_id=45&dm=1&dmode=nm
EG,EG,71,GE,32,https://www.dhsprogram.com/customcf/legacy/data/download_dataset.cfm?Filename=EGGE32FL.zip&Tp=2&Ctry_Code=EG&surv_id=71&dm=1&dmode=nm
EG,EG,145,GE,42,https://www.dhsprogram.com/customcf/legacy/data/download_dataset.cfm?Filename=EGGE42FL.zip&Tp=2&Ctry_Code=EG&surv_id=145&dm=1&dmode=nm
EG,EG,240,GE,4B,https://www.dhsprogram.com/customcf/legacy/data/download_dataset.cfm?Filename=EGGE4BFL.zip&Tp=2&Ctry_Code=EG&surv_id=240&dm=1&dmode=nm
EG,EG,272,GE,52,https://www.dhsprogram.com/customcf/legacy/data/download_dataset.cfm?Filename=EGGE52FL.zip&Tp=2&Ctry_Code=EG&surv_id=272&dm=1&dmode=nm
EG,EG,294,GE,5D,https://www.dhsprogram.com/customcf/legacy/data/download_dataset.cfm?Filename=EGGE5DFL.zip&Tp=2&Ctry_Code=EG&surv_id=294&dm=1&dmode=nm
EG,EG,397,GE,61,https://www.dhsprogram.com/customcf/legacy/data/download_dataset.cfm?Filename=EGGE61FL.zip&Tp=2&Ctry_Code=EG&surv_id=397&dm=1&dmode=nm
ES,ES,1,BR,01,https://www.dhsprogram.com/customcf/legacy/data/download_dataset.cfm?Filename=ESBR01FL.zip&Tp=1&Ctry_Code=ES&surv_id=1&dm=1&dmode=nm
ES,ES,1,IR,01,https://www.dhsprogram.com/customcf/legacy/data/download_dataset.cfm?Filename=ESIR01FL.zip&Tp=1&Ctry_Code=ES&surv_id=1&dm=1&dmode=nm
SZ,SZ,259,BR,51,https://www.dhsprogram.com/customcf/legacy/data/download_dataset.cfm?Filename=SZBR51FL.zip&Tp=1&Ctry_Code=SZ&surv_id=259&dm=1&dmode=nm
SZ,SZ,259,CR,51,https://www.dhsprogram.com/customcf/legacy/data/download_dataset.cfm?Filename=SZCR51FL.zip&Tp=1&Ctry_Code=SZ&surv_id=259&dm=1&dmode=nm
SZ,SZ,259,HR,51,https://www.dhsprogram.com/customcf/legacy/data/download_dataset.cfm?Filename=SZHR51FL.zip&Tp=1&Ctry_Code=SZ&surv_id=259&dm=1&dmode=nm
SZ,SZ,259,IR,51,https://www.dhsprogram.com/customcf/legacy/data/download_dataset.cfm?Filename=SZIR51FL.zip&Tp=1&Ctry_Code=SZ&surv_id=259&dm=1&dmode=nm
SZ,SZ,259,KR,51,https://www.dhsprogram.com/customcf/legacy/data/download_dataset.cfm?Filename=SZKR51FL.zip&Tp=1&Ctry_Code=SZ&surv_id=259&dm=1&dmode=nm
SZ,SZ,259,MR,51,https://www.dhsprogram.com/customcf/legacy/data/download_dataset.cfm?Filename=SZMR51FL.zip&Tp=1&Ctry_Code=SZ&surv_id=259&dm=1&dmode=nm
SZ,SZ,259,PR,52,https://www.dhsprogram.com/customcf/legacy/data/download_dataset.cfm?Filename=SZPR52FL.zip&Tp=1&Ctry_Code=SZ&surv_id=259&dm=1&dmode=nm
SZ,SZ,259,GE,53,https://www.dhsprogram.com/customcf/legacy/data/download_dataset.cfm?Filename=SZGE53FL.zip&Tp=2&Ctry_Code=SZ&surv_id=259&dm=1&dmode=nm
ET,ET,147,BR,41,https://www.dhsprogram.com/customcf/legacy/data/download_dataset.cfm?Filename=ETBR41FL.zip&Tp=1&Ctry_Code=ET&surv_id=147&dm=1&dmode=nm
ET,ET,248,BR,51,https://www.dhsprogram.com/customcf/legacy/data/download_dataset.cfm?Filename=ETBR51FL.zip&Tp=1&Ctry_Code=ET&surv_id=248&dm=1&dmode=nm
ET,ET,359,BR,61,https://www.dhsprogram.com/customcf/legacy/data/download_dataset.cfm?Filename=ETBR61FL.zip&Tp=1&Ctry_Code=ET&surv_id=359&dm=1&dmode=nm
ET,ET,478,BR,71,https://www.dhsprogram.com/customcf/legacy/data/download_dataset.cfm?Filename=ETBR71FL.zip&Tp=1&Ctry_Code=ET&surv_id=478&dm=1&dmode=nm
ET,ET,551,BR,81,https://www.dhsprogram.com/customcf/legacy/data/download_dataset.cfm?Filename=ETBR81FL.zip&Tp=1&Ctry_Code=ET&surv_id=551&dm=1&dmode=nm
ET,ET,586,BR,8A,https://www.dhsprogram.com/customcf/legacy/data/download_dataset.cfm?Filename=ETBR8AFL.zip&Tp=1&Ctry_Code=ET&surv_id=586&dm=1&dmode=nm
ET,ET,147,CR,41,https://www.dhsprogram.com/customcf/legacy/data/download_dataset.cfm?Filename=ETCR41FL.zip&Tp=1&Ctry_Code=ET&surv_id=147&dm=1&dmode=nm
ET,ET,248,CR,51,https://www.dhsprogram.com/customcf/legacy/data/download_dataset.cfm?Filename=ETCR51FL.zip&Tp=1&Ctry_Code=ET&surv_id=248&dm=1&dmode=nm
ET,ET,359,CR,61,https://www.dhsprogram.com/customcf/legacy/data/download_dataset.cfm?Filename=ETCR61FL.zip&Tp=1&Ctry_Code=ET&surv_id=359&dm=1&dmode=nm
ET,ET,478,CR,71,https://www.dhsprogram.com/customcf/legacy/data/download_dataset.cfm?Filename=ETCR71FL.zip&Tp=1&Ctry_Code=ET&surv_id=478&dm=1&dmode=nm
ET,ET,586,CR,8A,https://www.dhsprogram.com/customcf/legacy/data/download_dataset.cfm?Filename=ETCR8AFL.zip&Tp=1&Ctry_Code=ET&surv_id=586&dm=1&dmode=nm
ET,ET,147,HR,41,https://www.dhsprogram.com/customcf/legacy/data/download_dataset.cfm?Filename=ETHR41FL.zip&Tp=1&Ctry_Code=ET&surv_id=147&dm=1&dmode=nm
ET,ET,248,HR,51,https://www.dhsprogram.com/customcf/legacy/data/download_dataset.cfm?Filename=ETHR51FL.zip&Tp=1&Ctry_Code=ET&surv_id=248&dm=1&dmode=nm
ET,ET,359,HR,61,https://www.dhsprogram.com/customcf/legacy/data/download_dataset.cfm?Filename=ETHR61FL.zip&Tp=1&Ctry_Code=ET&surv_id=359&dm=1&dmode=nm
ET,ET,478,HR,71,https://www.dhsprogram.com/customcf/legacy/data/download_dataset.cfm?Filename=ETHR71FL.zip&Tp=1&Ctry_Code=ET&surv_id=478&dm=1&dmode=nm
ET,ET,551,HR,81,https://www.dhsprogram.com/customcf/legacy/data/download_dataset.cfm?Filename=ETHR81FL.zip&Tp=1&Ctry_Code=ET&surv_id=551&dm=1&dmode=nm
ET,ET,586,HR,8A,https://www.dhsprogram.com/customcf/legacy/data/download_dataset.cfm?Filename=ETHR8AFL.zip&Tp=1&Ctry_Code=ET&surv_id=586&dm=1&dmode=nm
ET,ET,147,HW,41,https://www.dhsprogram.com/customcf/legacy/data/download_dataset.cfm?Filename=ETHW41FL.zip&Tp=1&Ctry_Code=ET&surv_id=147&dm=1&dmode=nm
ET,ET,248,HW,51,https://www.dhsprogram.com/customcf/legacy/data/download_dataset.cfm?Filename=ETHW51FL.zip&Tp=1&Ctry_Code=ET&surv_id=248&dm=1&dmode=nm
ET,ET,147,IR,41,https://www.dhsprogram.com/customcf/legacy/data/download_dataset.cfm?Filename=ETIR41FL.zip&Tp=1&Ctry_Code=ET&surv_id=147&dm=1&dmode=nm
ET,ET,248,IR,51,https://www.dhsprogram.com/customcf/legacy/data/download_dataset.cfm?Filename=ETIR51FL.zip&Tp=1&Ctry_Code=ET&surv_id=248&dm=1&dmode=nm
ET,ET,359,IR,61,https://www.dhsprogram.com/customcf/legacy/data/download_dataset.cfm?Filename=ETIR61FL.zip&Tp=1&Ctry_Code=ET&surv_id=359&dm=1&dmode=nm
ET,ET,478,IR,71,https://www.dhsprogram.com/customcf/legacy/data/download_dataset.cfm?Filename=ETIR71FL.zip&Tp=1&Ctry_Code=ET&surv_id=478&dm=1&dmode=nm
ET,ET,551,IR,81,https://www.dhsprogram.com/customcf/legacy/data/download_dataset.cfm?Filename=ETIR81FL.zip&Tp=1&Ctry_Code=ET&surv_id=551&dm=1&dmode=nm
ET,ET,586,IR,8A,https://www.dhsprogram.com/customcf/legacy/data/download_dataset.cfm?Filename=ETIR8AFL.zip&Tp=1&Ctry_Code=ET&surv_id=586&dm=1&dmode=nm
ET,ET,147,KR,41,https://www.dhsprogram.com/customcf/legacy/data/download_dataset.cfm?Filename=ETKR41FL.zip&Tp=1&Ctry_Code=ET&surv_id=147&dm=1&dmode=nm
ET,ET,248,KR,51,https://www.dhsprogram.com/customcf/legacy/data/download_dataset.cfm?Filename=ETKR51FL.zip&Tp=1&Ctry_Code=ET&surv_id=248&dm=1&dmode=nm
ET,ET,359,KR,61,https://www.dhsprogram.com/customcf/legacy/data/download_dataset.cfm?Filename=ETKR61FL.zip&Tp=1&Ctry_Code=ET&surv_id=359&dm=1&dmode=nm
ET,ET,478,KR,71,https://www.dhsprogram.com/customcf/legacy/data/download_dataset.cfm?Filename=ETKR71FL.zip&Tp=1&Ctry_Code=ET&surv_id=478&dm=1&dmode=nm
ET,ET,551,KR,81,https://www.dhsprogram.com/customcf/legacy/data/download_dataset.cfm?Filename=ETKR81FL.zip&Tp=1&Ctry_Code=ET&surv_id=551&dm=1&dmode=nm
ET,ET,586,KR,8A,https://www.dhsprogram.com/customcf/legacy/data/download_dataset.cfm?Filename=ETKR8AFL.zip&Tp=1&Ctry_Code=ET&surv_id=586&dm=1&dmode=nm
ET,ET,147,MR,41,https://www.dhsprogram.com/customcf/legacy/data/download_dataset.cfm?Filename=ETMR41FL.zip&Tp=1&Ctry_Code=ET&surv_id=147&dm=1&dmode=nm
ET,ET,248,MR,51,https://www.dhsprogram.com/customcf/legacy/data/download_dataset.cfm?Filename=ETMR51FL.zip&Tp=1&Ctry_Code=ET&surv_id=248&dm=1&dmode=nm
ET,ET,359,MR,61,https://www.dhsprogram.com/customcf/legacy/data/download_dataset.cfm?Filename=ETMR61FL.zip&Tp=1&Ctry_Code=ET&surv_id=359&dm=1&dmode=nm
ET,ET,478,MR,71,https://www.dhsprogram.com/customcf/legacy/data/download_dataset.cfm?Filename=ETMR71FL.zip&Tp=1&Ctry_Code=ET&surv_id=478&dm=1&dmode=nm
ET,ET,586,MR,8A,https://www.dhsprogram.com/customcf/legacy/data/download_dataset.cfm?Filename=ETMR8AFL.zip&Tp=1&Ctry_Code=ET&surv_id=586&dm=1&dmode=nm
ET,ET,147,PR,41,https://www.dhsprogram.com/customcf/legacy/data/download_dataset.cfm?Filename=ETPR41FL.zip&Tp=1&Ctry_Code=ET&surv_id=147&dm=1&dmode=nm
ET,ET,248,PR,51,https://www.dhsprogram.com/customcf/legacy/data/download_dataset.cfm?Filename=ETPR51FL.zip&Tp=1&Ctry_Code=ET&surv_id=248&dm=1&dmode=nm
ET,ET,359,PR,61,https://www.dhsprogram.com/customcf/legacy/data/download_dataset.cfm?Filename=ETPR61FL.zip&Tp=1&Ctry_Code=ET&surv_id=359&dm=1&dmode=nm
ET,ET,478,PR,71,https://www.dhsprogram.com/customcf/legacy/data/download_dataset.cfm?Filename=ETPR71FL.zip&Tp=1&Ctry_Code=ET&surv_id=478&dm=1&dmode=nm
ET,ET,551,PR,81,https://www.dhsprogram.com/customcf/legacy/data/download_dataset.cfm?Filename=ETPR81FL.zip&Tp=1&Ctry_Code=ET&surv_id=551&dm=1&dmode=nm
ET,ET,586,PR,8A,https://www.dhsprogram.com/customcf/legacy/data/download_dataset.cfm?Filename=ETPR8AFL.zip&Tp=1&Ctry_Code=ET&surv_id=586&dm=1&dmode=nm
ET,ET,147,WI,41,https://www.dhsprogram.com/customcf/legacy/data/download_dataset.cfm?Filename=ETWI41FL.zip&Tp=1&Ctry_Code=ET&surv_id=147&dm=1&dmode=nm
ET,ET,147,GE,42,https://www.dhsprogram.com/customcf/legacy/data/download_dataset.cfm?Filename=ETGE42FL.zip&Tp=2&Ctry_Code=ET&surv_id=147&dm=1&dmode=nm
ET,ET,248,GE,52,https://www.dhsprogram.com/customcf/legacy/data/download_dataset.cfm?Filename=ETGE52FL.zip&Tp=2&Ctry_Code=ET&surv_id=248&dm=1&dmode=nm
ET,ET,359,GE,61,https://www.dhsprogram.com/customcf/legacy/data/download_dataset.cfm?Filename=ETGE61FL.zip&Tp=2&Ctry_Code=ET&surv_id=359&dm=1&dmode=nm
ET,ET,478,GE,71,https://www.dhsprogram.com/customcf/legacy/data/download_dataset.cfm?Filename=ETGE71FL.zip&Tp=2&Ctry_Code=ET&surv_id=478&dm=1&dmode=nm
ET,ET,551,GE,81,https://www.dhsprogram.com/customcf/legacy/data/download_dataset.cfm?Filename=ETGE81FL.zip&Tp=2&Ctry_Code=ET&surv_id=551&dm=1&dmode=nm
ET,ET,586,GE,8A,https://www.dhsprogram.com/customcf/legacy/data/download_dataset.cfm?Filename=ETGE8AFL.zip&Tp=2&Ctry_Code=ET&surv_id=586&dm=1&dmode=nm
GA,GA,148,BR,41,https://www.dhsprogram.com/customcf/legacy/data/download_dataset.cfm?Filename=GABR41FL.zip&Tp=1&Ctry_Code=GA&surv_id=148&dm=1&dmode=nm
GA,GA,402,BR,61,https://www.dhsprogram.com/customcf/legacy/data/download_dataset.cfm?Filename=GABR61FL.zip&Tp=1&Ctry_Code=GA&surv_id=402&dm=1&dmode=nm
GA,GA,546,BR,71,https://www.dhsprogram.com/customcf/legacy/data/download_dataset.cfm?Filename=GABR71FL.zip&Tp=1&Ctry_Code=GA&surv_id=546&dm=1&dmode=nm
GA,GA,148,CR,41,https://www.dhsprogram.com/customcf/legacy/data/download_dataset.cfm?Filename=GACR41FL.zip&Tp=1&Ctry_Code=GA&surv_id=148&dm=1&dmode=nm
GA,GA,402,CR,61,https://www.dhsprogram.com/customcf/legacy/data/download_dataset.cfm?Filename=GACR61FL.zip&Tp=1&Ctry_Code=GA&surv_id=402&dm=1&dmode=nm
GA,GA,546,CR,71,https://www.dhsprogram.com/customcf/legacy/data/download_dataset.cfm?Filename=GACR71FL.zip&Tp=1&Ctry_Code=GA&surv_id=546&dm=1&dmode=nm
GA,GA,148,HR,41,https://www.dhsprogram.com/customcf/legacy/data/download_dataset.cfm?Filename=GAHR41FL.zip&Tp=1&Ctry_Code=GA&surv_id=148&dm=1&dmode=nm
GA,GA,402,HR,61,https://www.dhsprogram.com/customcf/legacy/data/download_dataset.cfm?Filename=GAHR61FL.zip&Tp=1&Ctry_Code=GA&surv_id=402&dm=1&dmode=nm
GA,GA,546,HR,71,https://www.dhsprogram.com/customcf/legacy/data/download_dataset.cfm?Filename=GAHR71FL.zip&Tp=1&Ctry_Code=GA&surv_id=546&dm=1&dmode=nm
GA,GA,148,HW,41,https://www.dhsprogram.com/customcf/legacy/data/download_dataset.cfm?Filename=GAHW41FL.zip&Tp=1&Ctry_Code=GA&surv_id=148&dm=1&dmode=nm
GA,GA,148,IR,41,https://www.dhsprogram.com/customcf/legacy/data/download_dataset.cfm?Filename=GAIR41FL.zip&Tp=1&Ctry_Code=GA&surv_id=148&dm=1&dmode=nm
GA,GA,402,IR,61,https://www.dhsprogram.com/customcf/legacy/data/download_dataset.cfm?Filename=GAIR61FL.zip&Tp=1&Ctry_Code=GA&surv_id=402&dm=1&dmode=nm
GA,GA,546,IR,71,https://www.dhsprogram.com/customcf/legacy/data/download_dataset.cfm?Filename=GAIR71FL.zip&Tp=1&Ctry_Code=GA&surv_id=546&dm=1&dmode=nm
GA,GA,148,KR,41,https://www.dhsprogram.com/customcf/legacy/data/download_dataset.cfm?Filename=GAKR41FL.zip&Tp=1&Ctry_Code=GA&surv_id=148&dm=1&dmode=nm
GA,GA,402,KR,61,https://www.dhsprogram.com/customcf/legacy/data/download_dataset.cfm?Filename=GAKR61FL.zip&Tp=1&Ctry_Code=GA&surv_id=402&dm=1&dmode=nm
GA,GA,546,KR,71,https://www.dhsprogram.com/customcf/legacy/data/download_dataset.cfm?Filename=GAKR71FL.zip&Tp=1&Ctry_Code=GA&surv_id=546&dm=1&dmode=nm
GA,GA,148,MR,41,https://www.dhsprogram.com/customcf/legacy/data/download_dataset.cfm?Filename=GAMR41FL.zip&Tp=1&Ctry_Code=GA&surv_id=148&dm=1&dmode=nm
GA,GA,402,MR,61,https://www.dhsprogram.com/customcf/legacy/data/download_dataset.cfm?Filename=GAMR61FL.zip&Tp=1&Ctry_Code=GA&surv_id=402&dm=1&dmode=nm
GA,GA,546,MR,71,https://www.dhsprogram.com/customcf/legacy/data/download_dataset.cfm?Filename=GAMR71FL.zip&Tp=1&Ctry_Code=GA&surv_id=546&dm=1&dmode=nm
GA,GA,148,PR,41,https://www.dhsprogram.com/customcf/legacy/data/download_dataset.cfm?Filename=GAPR41FL.zip&Tp=1&Ctry_Code=GA&surv_id=148&dm=1&dmode=nm
GA,GA,402,PR,61,https://www.dhsprogram.com/customcf/legacy/data/download_dataset.cfm?Filename=GAPR61FL.zip&Tp=1&Ctry_Code=GA&surv_id=402&dm=1&dmode=nm
GA,GA,546,PR,71,https://www.dhsprogram.com/customcf/legacy/data/download_dataset.cfm?Filename=GAPR71FL.zip&Tp=1&Ctry_Code=GA&surv_id=546&dm=1&dmode=nm
GA,GA,148,SQ,41,https://www.dhsprogram.com/customcf/legacy/data/download_dataset.cfm?Filename=GASQ41FL.zip&Tp=1&Ctry_Code=GA&surv_id=148&dm=1&dmode=nm
GA,GA,148,WI,41,https://www.dhsprogram.com/customcf/legacy/data/download_dataset.cfm?Filename=GAWI41FL.zip&Tp=1&Ctry_Code=GA&surv_id=148&dm=1&dmode=nm
GA,GA,402,GE,61,https://www.dhsprogram.com/customcf/legacy/data/download_dataset.cfm?Filename=GAGE61FL.zip&Tp=2&Ctry_Code=GA&surv_id=402&dm=1&dmode=nm
GA,GA,546,GE,71,https://www.dhsprogram.com/customcf/legacy/data/download_dataset.cfm?Filename=GAGE71FL.zip&Tp=2&Ctry_Code=GA&surv_id=546&dm=1&dmode=nm
GM,GM,425,BR,61,https://www.dhsprogram.com/customcf/legacy/data/download_dataset.cfm?Filename=GMBR61FL.zip&Tp=1&Ctry_Code=GM&surv_id=425&dm=1&dmode=nm
GM,GM,555,BR,81,https://www.dhsprogram.com/customcf/legacy/data/download_dataset.cfm?Filename=GMBR81FL.zip&Tp=1&Ctry_Code=GM&surv_id=555&dm=1&dmode=nm
GM,GM,425,CR,61,https://www.dhsprogram.com/customcf/legacy/data/download_dataset.cfm?Filename=GMCR61FL.zip&Tp=1&Ctry_Code=GM&surv_id=425&dm=1&dmode=nm
GM,GM,555,CR,81,https://www.dhsprogram.com/customcf/legacy/data/download_dataset.cfm?Filename=GMCR81FL.zip&Tp=1&Ctry_Code=GM&surv_id=555&dm=1&dmode=nm
GM,GM,425,HR,61,https://www.dhsprogram.com/customcf/legacy/data/download_dataset.cfm?Filename=GMHR61FL.zip&Tp=1&Ctry_Code=GM&surv_id=425&dm=1&dmode=nm
GM,GM,555,HR,81,https://www.dhsprogram.com/customcf/legacy/data/download_dataset.cfm?Filename=GMHR81FL.zip&Tp=1&Ctry_Code=GM&surv_id=555&dm=1&dmode=nm
GM,GM,425,IR,61,https://www.dhsprogram.com/customcf/legacy/data/download_dataset.cfm?Filename=GMIR61FL.zip&Tp=1&Ctry_Code=GM&surv_id=425&dm=1&dmode=nm
GM,GM,555,IR,81,https://www.dhsprogram.com/customcf/legacy/data/download_dataset.cfm?Filename=GMIR81FL.zip&Tp=1&Ctry_Code=GM&surv_id=555&dm=1&dmode=nm
GM,GM,425,KR,61,https://www.dhsprogram.com/customcf/legacy/data/download_dataset.cfm?Filename=GMKR61FL.zip&Tp=1&Ctry_Code=GM&surv_id=425&dm=1&dmode=nm
GM,GM,555,KR,81,https://www.dhsprogram.com/customcf/legacy/data/download_dataset.cfm?Filename=GMKR81FL.zip&Tp=1&Ctry_Code=GM&surv_id=555&dm=1&dmode=nm
GM,GM,425,MR,61,https://www.dhsprogram.com/customcf/legacy/data/download_dataset.cfm?Filename=GMMR61FL.zip&Tp=1&Ctry_Code=GM&surv_id=425&dm=1&dmode=nm
GM,GM,555,MR,81,https://www.dhsprogram.com/customcf/legacy/data/download_dataset.cfm?Filename=GMMR81FL.zip&Tp=1&Ctry_Code=GM&surv_id=555&dm=1&dmode=nm
GM,GM,425,PR,61,https://www.dhsprogram.com/customcf/legacy/data/download_dataset.cfm?Filename=GMPR61FL.zip&Tp=1&Ctry_Code=GM&surv_id=425&dm=1&dmode=nm
GM,GM,555,PR,81,https://www.dhsprogram.com/customcf/legacy/data/download_dataset.cfm?Filename=GMPR81FL.zip&Tp=1&Ctry_Code=GM&surv_id=555&dm=1&dmode=nm
GM,GM,555,GE,81,https://www.dhsprogram.com/customcf/legacy/data/download_dataset.cfm?Filename=GMGE81FL.zip&Tp=2&Ctry_Code=GM&surv_id=555&dm=1&dmode=nm
GH,GH,25,BR,02,https://www.dhsprogram.com/customcf/legacy/data/download_dataset.cfm?Filename=GHBR02FL.zip&Tp=1&Ctry_Code=GH&surv_id=25&dm=1&dmode=nm
GH,GH,58,BR,31,https://www.dhsprogram.com/customcf/legacy/data/download_dataset.cfm?Filename=GHBR31FL.zip&Tp=1&Ctry_Code=GH&surv_id=58&dm=1&dmode=nm
GH,GH,151,BR,41,https://www.dhsprogram.com/customcf/legacy/data/download_dataset.cfm?Filename=GHBR41FL.zip&Tp=1&Ctry_Code=GH&surv_id=151&dm=1&dmode=nm
GH,GH,235,BR,4B,https://www.dhsprogram.com/customcf/legacy/data/download_dataset.cfm?Filename=GHBR4BFL.zip&Tp=1&Ctry_Code=GH&surv_id=235&dm=1&dmode=nm
GH,GH,301,BR,5A,https://www.dhsprogram.com/customcf/legacy/data/download_dataset.cfm?Filename=GHBR5AFL.zip&Tp=1&Ctry_Code=GH&surv_id=301&dm=1&dmode=nm
GH,GH,437,BR,72,https://www.dhsprogram.com/customcf/legacy/data/download_dataset.cfm?Filename=GHBR72FL.zip&Tp=1&Ctry_Code=GH&surv_id=437&dm=1&dmode=nm
GH,GH,598,BR,8C,https://www.dhsprogram.com/customcf/legacy/data/download_dataset.cfm?Filename=GHBR8CFL.zip&Tp=1&Ctry_Code=GH&surv_id=598&dm=1&dmode=nm
GH,GH,58,CR,31,https://www.dhsprogram.com/customcf/legacy/data/download_dataset.cfm?Filename=GHCR31FL.zip&Tp=1&Ctry_Code=GH&surv_id=58&dm=1&dmode=nm
GH,GH,151,CR,41,https://www.dhsprogram.com/customcf/legacy/data/download_dataset.cfm?Filename=GHCR41FL.zip&Tp=1&Ctry_Code=GH&surv_id=151&dm=1&dmode=nm
GH,GH,235,CR,4B,https://www.dhsprogram.com/customcf/legacy/data/download_dataset.cfm?Filename=GHCR4BFL.zip&Tp=1&Ctry_Code=GH&surv_id=235&dm=1&dmode=nm
GH,GH,301,CR,5A,https://www.dhsprogram.com/customcf/legacy/data/download_dataset.cfm?Filename=GHCR5AFL.zip&Tp=1&Ctry_Code=GH&surv_id=301&dm=1&dmode=nm
GH,GH,437,CR,71,https://www.dhsprogram.com/customcf/legacy/data/download_dataset.cfm?Filename=GHCR71FL.zip&Tp=1&Ctry_Code=GH&surv_id=437&dm=1&dmode=nm
GH,GH,598,CR,8C,https://www.dhsprogram.com/customcf/legacy/data/download_dataset.cfm?Filename=GHCR8CFL.zip&Tp=1&Ctry_Code=GH&surv_id=598&dm=1&dmode=nm
GH,GH,25,HH,01,https://www.dhsprogram.com/customcf/legacy/data/download_dataset.cfm?Filename=GHHH01FL.zip&Tp=1&Ctry_Code=GH&surv_id=25&dm=1&dmode=nm
GH,GH,325,HH,51,https://www.dhsprogram.com/customcf/legacy/data/download_dataset.cfm?Filename=GHHH51FL.zip&Tp=1&Ctry_Code=GH&surv_id=325&dm=1&dmode=nm
GH,GH,506,HH,7J,https://www.dhsprogram.com/customcf/legacy/data/download_dataset.cfm?Filename=GHHH7JFL.zip&Tp=1&Ctry_Code=GH&surv_id=506&dm=1&dmode=nm
GH,GH,58,HR,31,https://www.dhsprogram.com/customcf/legacy/data/download_dataset.cfm?Filename=GHHR31FL.zip&Tp=1&Ctry_Code=GH&surv_id=58&dm=1&dmode=nm
GH,GH,151,HR,41,https://www.dhsprogram.com/customcf/legacy/data/download_dataset.cfm?Filename=GHHR41FL.zip&Tp=1&Ctry_Code=GH&surv_id=151&dm=1&dmode=nm
GH,GH,235,HR,4B,https://www.dhsprogram.com/customcf/legacy/data/download_dataset.cfm?Filename=GHHR4BFL.zip&Tp=1&Ctry_Code=GH&surv_id=235&dm=1&dmode=nm
GH,GH,301,HR,5A,https://www.dhsprogram.com/customcf/legacy/data/download_dataset.cfm?Filename=GHHR5AFL.zip&Tp=1&Ctry_Code=GH&surv_id=301&dm=1&dmode=nm
GH,GH,437,HR,72,https://www.dhsprogram.com/customcf/legacy/data/download_dataset.cfm?Filename=GHHR72FL.zip&Tp=1&Ctry_Code=GH&surv_id=437&dm=1&dmode=nm
GH,GH,516,HR,7B,https://www.dhsprogram.com/customcf/legacy/data/download_dataset.cfm?Filename=GHHR7BFL.zip&Tp=1&Ctry_Code=GH&surv_id=516&dm=1&dmode=nm
GH,GH,557,HR,82,https://www.dhsprogram.com/customcf/legacy/data/download_dataset.cfm?Filename=GHHR82FL.zip&Tp=1&Ctry_Code=GH&surv_id=557&dm=1&dmode=nm
GH,GH,598,HR,8C,https://www.dhsprogram.com/customcf/legacy/data/download_dataset.cfm?Filename=GHHR8CFL.zip&Tp=1&Ctry_Code=GH&surv_id=598&dm=1&dmode=nm
GH,GH,25,HW,02,https://www.dhsprogram.com/customcf/legacy/data/download_dataset.cfm?Filename=GHHW02FL.zip&Tp=1&Ctry_Code=GH&surv_id=25&dm=1&dmode=nm
GH,GH,58,HW,31,https://www.dhsprogram.com/customcf/legacy/data/download_dataset.cfm?Filename=GHHW31FL.zip&Tp=1&Ctry_Code=GH&surv_id=58&dm=1&dmode=nm
GH,GH,151,HW,41,https://www.dhsprogram.com/customcf/legacy/data/download_dataset.cfm?Filename=GHHW41FL.zip&Tp=1&Ctry_Code=GH&surv_id=151&dm=1&dmode=nm
GH,GH,235,HW,4A,https://www.dhsprogram.com/customcf/legacy/data/download_dataset.cfm?Filename=GHHW4AFL.zip&Tp=1&Ctry_Code=GH&surv_id=235&dm=1&dmode=nm
GH,GH,325,IQ,51,https://www.dhsprogram.com/customcf/legacy/data/download_dataset.cfm?Filename=GHIQ51FL.zip&Tp=1&Ctry_Code=GH&surv_id=325&dm=1&dmode=nm
GH,GH,506,IQ,7J,https://www.dhsprogram.com/customcf/legacy/data/download_dataset.cfm?Filename=GHIQ7JFL.zip&Tp=1&Ctry_Code=GH&surv_id=506&dm=1&dmode=nm
GH,GH,25,IR,02,https://www.dhsprogram.com/customcf/legacy/data/download_dataset.cfm?Filename=GHIR02FL.zip&Tp=1&Ctry_Code=GH&surv_id=25&dm=1&dmode=nm
GH,GH,58,IR,31,https://www.dhsprogram.com/customcf/legacy/data/download_dataset.cfm?Filename=GHIR31FL.zip&Tp=1&Ctry_Code=GH&surv_id=58&dm=1&dmode=nm
GH,GH,151,IR,41,https://www.dhsprogram.com/customcf/legacy/data/download_dataset.cfm?Filename=GHIR41FL.zip&Tp=1&Ctry_Code=GH&surv_id=151&dm=1&dmode=nm
GH,GH,235,IR,4B,https://www.dhsprogram.com/customcf/legacy/data/download_dataset.cfm?Filename=GHIR4BFL.zip&Tp=1&Ctry_Code=GH&surv_id=235&dm=1&dmode=nm
GH,GH,301,IR,5A,https://www.dhsprogram.com/customcf/legacy/data/download_dataset.cfm?Filename=GHIR5AFL.zip&Tp=1&Ctry_Code=GH&surv_id=301&dm=1&dmode=nm
GH,GH,437,IR,72,https://www.dhsprogram.com/customcf/legacy/data/download_dataset.cfm?Filename=GHIR72FL.zip&Tp=1&Ctry_Code=GH&surv_id=437&dm=1&dmode=nm
GH,GH,516,IR,7B,https://www.dhsprogram.com/customcf/legacy/data/download_dataset.cfm?Filename=GHIR7BFL.zip&Tp=1&Ctry_Code=GH&surv_id=516&dm=1&dmode=nm
GH,GH,557,IR,82,https://www.dhsprogram.com/customcf/legacy/data/download_dataset.cfm?Filename=GHIR82FL.zip&Tp=1&Ctry_Code=GH&surv_id=557&dm=1&dmode=nm
GH,GH,598,IR,8C,https://www.dhsprogram.com/customcf/legacy/data/download_dataset.cfm?Filename=GHIR8CFL.zip&Tp=1&Ctry_Code=GH&surv_id=598&dm=1&dmode=nm
GH,GH,25,KR,01,https://www.dhsprogram.com/customcf/legacy/data/download_dataset.cfm?Filename=GHKR01FL.zip&Tp=1&Ctry_Code=GH&surv_id=25&dm=1&dmode=nm
GH,GH,58,KR,31,https://www.dhsprogram.com/customcf/legacy/data/download_dataset.cfm?Filename=GHKR31FL.zip&Tp=1&Ctry_Code=GH&surv_id=58&dm=1&dmode=nm
GH,GH,151,KR,41,https://www.dhsprogram.com/customcf/legacy/data/download_dataset.cfm?Filename=GHKR41FL.zip&Tp=1&Ctry_Code=GH&surv_id=151&dm=1&dmode=nm
GH,GH,235,KR,4B,https://www.dhsprogram.com/customcf/legacy/data/download_dataset.cfm?Filename=GHKR4BFL.zip&Tp=1&Ctry_Code=GH&surv_id=235&dm=1&dmode=nm
GH,GH,301,KR,5A,https://www.dhsprogram.com/customcf/legacy/data/download_dataset.cfm?Filename=GHKR5AFL.zip&Tp=1&Ctry_Code=GH&surv_id=301&dm=1&dmode=nm
GH,GH,437,KR,72,https://www.dhsprogram.com/customcf/legacy/data/download_dataset.cfm?Filename=GHKR72FL.zip&Tp=1&Ctry_Code=GH&surv_id=437&dm=1&dmode=nm
GH,GH,516,KR,7B,https://www.dhsprogram.com/customcf/legacy/data/download_dataset.cfm?Filename=GHKR7BFL.zip&Tp=1&Ctry_Code=GH&surv_id=516&dm=1&dmode=nm
GH,GH,557,KR,82,https://www.dhsprogram.com/customcf/legacy/data/download_dataset.cfm?Filename=GHKR82FL.zip&Tp=1&Ctry_Code=GH&surv_id=557&dm=1&dmode=nm
GH,GH,598,KR,8C,https://www.dhsprogram.com/customcf/legacy/data/download_dataset.cfm?Filename=GHKR8CFL.zip&Tp=1&Ctry_Code=GH&surv_id=598&dm=1&dmode=nm
GH,GH,58,MR,31,https://www.dhsprogram.com/customcf/legacy/data/download_dataset.cfm?Filename=GHMR31FL.zip&Tp=1&Ctry_Code=GH&surv_id=58&dm=1&dmode=nm
GH,GH,151,MR,41,https://www.dhsprogram.com/customcf/legacy/data/download_dataset.cfm?Filename=GHMR41FL.zip&Tp=1&Ctry_Code=GH&surv_id=151&dm=1&dmode=nm
GH,GH,235,MR,4B,https://www.dhsprogram.com/customcf/legacy/data/download_dataset.cfm?Filename=GHMR4BFL.zip&Tp=1&Ctry_Code=GH&surv_id=235&dm=1&dmode=nm
GH,GH,301,MR,5A,https://www.dhsprogram.com/customcf/legacy/data/download_dataset.cfm?Filename=GHMR5AFL.zip&Tp=1&Ctry_Code=GH&surv_id=301&dm=1&dmode=nm
GH,GH,437,MR,71,https://www.dhsprogram.com/customcf/legacy/data/download_dataset.cfm?Filename=GHMR71FL.zip&Tp=1&Ctry_Code=GH&surv_id=437&dm=1&dmode=nm
GH,GH,598,MR,8C,https://www.dhsprogram.com/customcf/legacy/data/download_dataset.cfm?Filename=GHMR8CFL.zip&Tp=1&Ctry_Code=GH&surv_id=598&dm=1&dmode=nm
GH,GH,325,OD,51,https://www.dhsprogram.com/customcf/legacy/data/download_dataset.cfm?Filename=GHOD51FL.zip&Tp=1&Ctry_Code=GH&surv_id=325&dm=1&dmode=nm
GH,GH,58,PR,31,https://www.dhsprogram.com/customcf/legacy/data/download_dataset.cfm?Filename=GHPR31FL.zip&Tp=1&Ctry_Code=GH&surv_id=58&dm=1&dmode=nm
GH,GH,151,PR,41,https://www.dhsprogram.com/customcf/legacy/data/download_dataset.cfm?Filename=GHPR41FL.zip&Tp=1&Ctry_Code=GH&surv_id=151&dm=1&dmode=nm
GH,GH,235,PR,4B,https://www.dhsprogram.com/customcf/legacy/data/download_dataset.cfm?Filename=GHPR4BFL.zip&Tp=1&Ctry_Code=GH&surv_id=235&dm=1&dmode=nm
GH,GH,301,PR,5A,https://www.dhsprogram.com/customcf/legacy/data/download_dataset.cfm?Filename=GHPR5AFL.zip&Tp=1&Ctry_Code=GH&surv_id=301&dm=1&dmode=nm
GH,GH,437,PR,72,https://www.dhsprogram.com/customcf/legacy/data/download_dataset.cfm?Filename=GHPR72FL.zip&Tp=1&Ctry_Code=GH&surv_id=437&dm=1&dmode=nm
GH,GH,516,PR,7B,https://www.dhsprogram.com/customcf/legacy/data/download_dataset.cfm?Filename=GHPR7BFL.zip&Tp=1&Ctry_Code=GH&surv_id=516&dm=1&dmode=nm
GH,GH,557,PR,82,https://www.dhsprogram.com/customcf/legacy/data/download_dataset.cfm?Filename=GHPR82FL.zip&Tp=1&Ctry_Code=GH&surv_id=557&dm=1&dmode=nm
GH,GH,598,PR,8C,https://www.dhsprogram.com/customcf/legacy/data/download_dataset.cfm?Filename=GHPR8CFL.zip&Tp=1&Ctry_Code=GH&surv_id=598&dm=1&dmode=nm
GH,GH,325,VA,51,https://www.dhsprogram.com/customcf/legacy/data/download_dataset.cfm?Filename=GHVA51FL.zip&Tp=1&Ctry_Code=GH&surv_id=325&dm=1&dmode=nm
GH,GH,301,VA,5A,https://www.dhsprogram.com/customcf/legacy/data/download_dataset.cfm?Filename=GHVA5AFL.zip&Tp=1&Ctry_Code=GH&surv_id=301&dm=1&dmode=nm
GH,GH,506,VA,7I,https://www.dhsprogram.com/customcf/legacy/data/download_dataset.cfm?Filename=GHVA7IFL.zip&Tp=1&Ctry_Code=GH&surv_id=506&dm=1&dmode=nm
GH,GH,58,WI,31,https://www.dhsprogram.com/customcf/legacy/data/download_dataset.cfm?Filename=GHWI31FL.zip&Tp=1&Ctry_Code=GH&surv_id=58&dm=1&dmode=nm
GH,GH,151,WI,41,https://www.dhsprogram.com/customcf/legacy/data/download_dataset.cfm?Filename=GHWI41FL.zip&Tp=1&Ctry_Code=GH&surv_id=151&dm=1&dmode=nm
GH,GH,58,GE,33,https://www.dhsprogram.com/customcf/legacy/data/download_dataset.cfm?Filename=GHGE33FL.zip&Tp=2&Ctry_Code=GH&surv_id=58&dm=1&dmode=nm
GH,GH,151,GE,42,https://www.dhsprogram.com/customcf/legacy/data/download_dataset.cfm?Filename=GHGE42FL.zip&Tp=2&Ctry_Code=GH&surv_id=151&dm=1&dmode=nm
GH,GH,235,GE,4B,https://www.dhsprogram.com/customcf/legacy/data/download_dataset.cfm?Filename=GHGE4BFL.zip&Tp=2&Ctry_Code=GH&surv_id=235&dm=1&dmode=nm
GH,GH,301,GE,5A,https://www.dhsprogram.com/customcf/legacy/data/download_dataset.cfm?Filename=GHGE5AFL.zip&Tp=2&Ctry_Code=GH&surv_id=301&dm=1&dmode=nm
GH,GH,437,GE,71,https://www.dhsprogram.com/customcf/legacy/data/download_dataset.cfm?Filename=GHGE71FL.zip&Tp=2&Ctry_Code=GH&surv_id=437&dm=1&dmode=nm
GH,GH,516,GE,7A,https://www.dhsprogram.com/customcf/legacy/data/download_dataset.cfm?Filename=GHGE7AFL.zip&Tp=2&Ctry_Code=GH&surv_id=516&dm=1&dmode=nm
GH,GH,506,GE,7I,https://www.dhsprogram.com/customcf/legacy/data/download_dataset.cfm?Filename=GHGE7IFL.zip&Tp=2&Ctry_Code=GH&surv_id=506&dm=1&dmode=nm
GH,GH,557,GE,81,https://www.dhsprogram.com/customcf/legacy/data/download_dataset.cfm?Filename=GHGE81FL.zip&Tp=2&Ctry_Code=GH&surv_id=557&dm=1&dmode=nm
GH,GH,598,GE,8A,https://www.dhsprogram.com/customcf/legacy/data/download_dataset.cfm?Filename=GHGE8AFL.zip&Tp=2&Ctry_Code=GH&surv_id=598&dm=1&dmode=nm
GU,GU,9,BR,01,https://www.dhsprogram.com/customcf/legacy/data/download_dataset.cfm?Filename=GUBR01FL.zip&Tp=1&Ctry_Code=GU&surv_id=9&dm=1&dmode=nm
GU,GU,70,BR,34,https://www.dhsprogram.com/customcf/legacy/data/download_dataset.cfm?Filename=GUBR34FL.zip&Tp=1&Ctry_Code=GU&surv_id=70&dm=1&dmode=nm
GU,GU,152,BR,41,https://www.dhsprogram.com/customcf/legacy/data/download_dataset.cfm?Filename=GUBR41FL.zip&Tp=1&Ctry_Code=GU&surv_id=152&dm=1&dmode=nm
GU,GU,440,BR,71,https://www.dhsprogram.com/customcf/legacy/data/download_dataset.cfm?Filename=GUBR71FL.zip&Tp=1&Ctry_Code=GU&surv_id=440&dm=1&dmode=nm
GU,GU,9,HH,01,https://www.dhsprogram.com/customcf/legacy/data/download_dataset.cfm?Filename=GUHH01FL.zip&Tp=1&Ctry_Code=GU&surv_id=9&dm=1&dmode=nm
GU,GU,70,HR,34,https://www.dhsprogram.com/customcf/legacy/data/download_dataset.cfm?Filename=GUHR34FL.zip&Tp=1&Ctry_Code=GU&surv_id=70&dm=1&dmode=nm
GU,GU,152,HR,41,https://www.dhsprogram.com/customcf/legacy/data/download_dataset.cfm?Filename=GUHR41FL.zip&Tp=1&Ctry_Code=GU&surv_id=152&dm=1&dmode=nm
GU,GU,440,HR,71,https://www.dhsprogram.com/customcf/legacy/data/download_dataset.cfm?Filename=GUHR71FL.zip&Tp=1&Ctry_Code=GU&surv_id=440&dm=1&dmode=nm
GU,GU,9,HW,01,https://www.dhsprogram.com/customcf/legacy/data/download_dataset.cfm?Filename=GUHW01FL.zip&Tp=1&Ctry_Code=GU&surv_id=9&dm=1&dmode=nm
GU,GU,70,HW,34,https://www.dhsprogram.com/customcf/legacy/data/download_dataset.cfm?Filename=GUHW34FL.zip&Tp=1&Ctry_Code=GU&surv_id=70&dm=1&dmode=nm
GU,GU,152,HW,41,https://www.dhsprogram.com/customcf/legacy/data/download_dataset.cfm?Filename=GUHW41FL.zip&Tp=1&Ctry_Code=GU&surv_id=152&dm=1&dmode=nm
GU,GU,9,IR,01,https://www.dhsprogram.com/customcf/legacy/data/download_dataset.cfm?Filename=GUIR01FL.zip&Tp=1&Ctry_Code=GU&surv_id=9&dm=1&dmode=nm
GU,GU,70,IR,34,https://www.dhsprogram.com/customcf/legacy/data/download_dataset.cfm?Filename=GUIR34FL.zip&Tp=1&Ctry_Code=GU&surv_id=70&dm=1&dmode=nm
GU,GU,152,IR,41,https://www.dhsprogram.com/customcf/legacy/data/download_dataset.cfm?Filename=GUIR41FL.zip&Tp=1&Ctry_Code=GU&surv_id=152&dm=1&dmode=nm
GU,GU,440,IR,71,https://www.dhsprogram.com/customcf/legacy/data/download_dataset.cfm?Filename=GUIR71FL.zip&Tp=1&Ctry_Code=GU&surv_id=440&dm=1&dmode=nm
GU,GU,9,KR,01,https://www.dhsprogram.com/customcf/legacy/data/download_dataset.cfm?Filename=GUKR01FL.zip&Tp=1&Ctry_Code=GU&surv_id=9&dm=1&dmode=nm
GU,GU,70,KR,34,https://www.dhsprogram.com/customcf/legacy/data/download_dataset.cfm?Filename=GUKR34FL.zip&Tp=1&Ctry_Code=GU&surv_id=70&dm=1&dmode=nm
GU,GU,152,KR,41,https://www.dhsprogram.com/customcf/legacy/data/download_dataset.cfm?Filename=GUKR41FL.zip&Tp=1&Ctry_Code=GU&surv_id=152&dm=1&dmode=nm
GU,GU,440,KR,71,https://www.dhsprogram.com/customcf/legacy/data/download_dataset.cfm?Filename=GUKR71FL.zip&Tp=1&Ctry_Code=GU&surv_id=440&dm=1&dmode=nm
GU,GU,440,MR,71,https://www.dhsprogram.com/customcf/legacy/data/download_dataset.cfm?Filename=GUMR71FL.zip&Tp=1&Ctry_Code=GU&surv_id=440&dm=1&dmode=nm
GU,GU,70,PR,34,https://www.dhsprogram.com/customcf/legacy/data/download_dataset.cfm?Filename=GUPR34FL.zip&Tp=1&Ctry_Code=GU&surv_id=70&dm=1&dmode=nm
GU,GU,152,PR,41,https://www.dhsprogram.com/customcf/legacy/data/download_dataset.cfm?Filename=GUPR41FL.zip&Tp=1&Ctry_Code=GU&surv_id=152&dm=1&dmode=nm
GU,GU,440,PR,71,https://www.dhsprogram.com/customcf/legacy/data/download_dataset.cfm?Filename=GUPR71FL.zip&Tp=1&Ctry_Code=GU&surv_id=440&dm=1&dmode=nm
GU,GU,9,SQ,01,https://www.dhsprogram.com/customcf/legacy/data/download_dataset.cfm?Filename=GUSQ01FL.zip&Tp=1&Ctry_Code=GU&surv_id=9&dm=1&dmode=nm
GU,GU,70,WI,33,https://www.dhsprogram.com/customcf/legacy/data/download_dataset.cfm?Filename=GUWI33FL.zip&Tp=1&Ctry_Code=GU&surv_id=70&dm=1&dmode=nm
GU,GU,152,WI,42,https://www.dhsprogram.com/customcf/legacy/data/download_dataset.cfm?Filename=GUWI42FL.zip&Tp=1&Ctry_Code=GU&surv_id=152&dm=1&dmode=nm
GU,GU,440,GE,71,https://www.dhsprogram.com/customcf/legacy/data/download_dataset.cfm?Filename=GUGE71FL.zip&Tp=2&Ctry_Code=GU&surv_id=440&dm=1&dmode=nm
GN,GN,154,BR,41,https://www.dhsprogram.com/customcf/legacy/data/download_dataset.cfm?Filename=GNBR41FL.zip&Tp=1&Ctry_Code=GN&surv_id=154&dm=1&dmode=nm
GN,GN,249,BR,52,https://www.dhsprogram.com/customcf/legacy/data/download_dataset.cfm?Filename=GNBR52FL.zip&Tp=1&Ctry_Code=GN&surv_id=249&dm=1&dmode=nm
GN,GN,391,BR,62,https://www.dhsprogram.com/customcf/legacy/data/download_dataset.cfm?Filename=GNBR62FL.zip&Tp=1&Ctry_Code=GN&surv_id=391&dm=1&dmode=nm
GN,GN,539,BR,71,https://www.dhsprogram.com/customcf/legacy/data/download_dataset.cfm?Filename=GNBR71FL.zip&Tp=1&Ctry_Code=GN&surv_id=539&dm=1&dmode=nm
GN,GN,154,CR,41,https://www.dhsprogram.com/customcf/legacy/data/download_dataset.cfm?Filename=GNCR41FL.zip&Tp=1&Ctry_Code=GN&surv_id=154&dm=1&dmode=nm
GN,GN,249,CR,52,https://www.dhsprogram.com/customcf/legacy/data/download_dataset.cfm?Filename=GNCR52FL.zip&Tp=1&Ctry_Code=GN&surv_id=249&dm=1&dmode=nm
GN,GN,391,CR,62,https://www.dhsprogram.com/customcf/legacy/data/download_dataset.cfm?Filename=GNCR62FL.zip&Tp=1&Ctry_Code=GN&surv_id=391&dm=1&dmode=nm
GN,GN,539,CR,71,https://www.dhsprogram.com/customcf/legacy/data/download_dataset.cfm?Filename=GNCR71FL.zip&Tp=1&Ctry_Code=GN&surv_id=539&dm=1&dmode=nm
GN,GN,154,HR,41,https://www.dhsprogram.com/customcf/legacy/data/download_dataset.cfm?Filename=GNHR41FL.zip&Tp=1&Ctry_Code=GN&surv_id=154&dm=1&dmode=nm
GN,GN,249,HR,52,https://www.dhsprogram.com/customcf/legacy/data/download_dataset.cfm?Filename=GNHR52FL.zip&Tp=1&Ctry_Code=GN&surv_id=249&dm=1&dmode=nm
GN,GN,391,HR,62,https://www.dhsprogram.com/customcf/legacy/data/download_dataset.cfm?Filename=GNHR62FL.zip&Tp=1&Ctry_Code=GN&surv_id=391&dm=1&dmode=nm
GN,GN,539,HR,71,https://www.dhsprogram.com/customcf/legacy/data/download_dataset.cfm?Filename=GNHR71FL.zip&Tp=1&Ctry_Code=GN&surv_id=539&dm=1&dmode=nm
GN,GN,571,HR,82,https://www.dhsprogram.com/customcf/legacy/data/download_dataset.cfm?Filename=GNHR82FL.zip&Tp=1&Ctry_Code=GN&surv_id=571&dm=1&dmode=nm
GN,GN,154,HW,41,https://www.dhsprogram.com/customcf/legacy/data/download_dataset.cfm?Filename=GNHW41FL.zip&Tp=1&Ctry_Code=GN&surv_id=154&dm=1&dmode=nm
GN,GN,249,HW,51,https://www.dhsprogram.com/customcf/legacy/data/download_dataset.cfm?Filename=GNHW51FL.zip&Tp=1&Ctry_Code=GN&surv_id=249&dm=1&dmode=nm
GN,GN,154,IR,41,https://www.dhsprogram.com/customcf/legacy/data/download_dataset.cfm?Filename=GNIR41FL.zip&Tp=1&Ctry_Code=GN&surv_id=154&dm=1&dmode=nm
GN,GN,249,IR,52,https://www.dhsprogram.com/customcf/legacy/data/download_dataset.cfm?Filename=GNIR52FL.zip&Tp=1&Ctry_Code=GN&surv_id=249&dm=1&dmode=nm
GN,GN,391,IR,62,https://www.dhsprogram.com/customcf/legacy/data/download_dataset.cfm?Filename=GNIR62FL.zip&Tp=1&Ctry_Code=GN&surv_id=391&dm=1&dmode=nm
GN,GN,539,IR,71,https://www.dhsprogram.com/customcf/legacy/data/download_dataset.cfm?Filename=GNIR71FL.zip&Tp=1&Ctry_Code=GN&surv_id=539&dm=1&dmode=nm
GN,GN,571,IR,82,https://www.dhsprogram.com/customcf/legacy/data/download_dataset.cfm?Filename=GNIR82FL.zip&Tp=1&Ctry_Code=GN&surv_id=571&dm=1&dmode=nm
GN,GN,154,KR,41,https://www.dhsprogram.com/customcf/legacy/data/download_dataset.cfm?Filename=GNKR41FL.zip&Tp=1&Ctry_Code=GN&surv_id=154&dm=1&dmode=nm
GN,GN,249,KR,52,https://www.dhsprogram.com/customcf/legacy/data/download_dataset.cfm?Filename=GNKR52FL.zip&Tp=1&Ctry_Code=GN&surv_id=249&dm=1&dmode=nm
GN,GN,391,KR,62,https://www.dhsprogram.com/customcf/legacy/data/download_dataset.cfm?Filename=GNKR62FL.zip&Tp=1&Ctry_Code=GN&surv_id=391&dm=1&dmode=nm
GN,GN,539,KR,71,https://www.dhsprogram.com/customcf/legacy/data/download_dataset.cfm?Filename=GNKR71FL.zip&Tp=1&Ctry_Code=GN&surv_id=539&dm=1&dmode=nm
GN,GN,571,KR,82,https://www.dhsprogram.com/customcf/legacy/data/download_dataset.cfm?Filename=GNKR82FL.zip&Tp=1&Ctry_Code=GN&surv_id=571&dm=1&dmode=nm
GN,GN,154,MR,41,https://www.dhsprogram.com/customcf/legacy/data/download_dataset.cfm?Filename=GNMR41FL.zip&Tp=1&Ctry_Code=GN&surv_id=154&dm=1&dmode=nm
GN,GN,249,MR,52,https://www.dhsprogram.com/customcf/legacy/data/download_dataset.cfm?Filename=GNMR52FL.zip&Tp=1&Ctry_Code=GN&surv_id=249&dm=1&dmode=nm
GN,GN,391,MR,62,https://www.dhsprogram.com/customcf/legacy/data/download_dataset.cfm?Filename=GNMR62FL.zip&Tp=1&Ctry_Code=GN&surv_id=391&dm=1&dmode=nm
GN,GN,539,MR,71,https://www.dhsprogram.com/customcf/legacy/data/download_dataset.cfm?Filename=GNMR71FL.zip&Tp=1&Ctry_Code=GN&surv_id=539&dm=1&dmode=nm
GN,GN,154,PR,41,https://www.dhsprogram.com/customcf/legacy/data/download_dataset.cfm?Filename=GNPR41FL.zip&Tp=1&Ctry_Code=GN&surv_id=154&dm=1&dmode=nm
GN,GN,249,PR,53,https://www.dhsprogram.com/customcf/legacy/data/download_dataset.cfm?Filename=GNPR53FL.zip&Tp=1&Ctry_Code=GN&surv_id=249&dm=1&dmode=nm
GN,GN,391,PR,62,https://www.dhsprogram.com/customcf/legacy/data/download_dataset.cfm?Filename=GNPR62FL.zip&Tp=1&Ctry_Code=GN&surv_id=391&dm=1&dmode=nm
GN,GN,539,PR,71,https://www.dhsprogram.com/customcf/legacy/data/download_dataset.cfm?Filename=GNPR71FL.zip&Tp=1&Ctry_Code=GN&surv_id=539&dm=1&dmode=nm
GN,GN,571,PR,82,https://www.dhsprogram.com/customcf/legacy/data/download_dataset.cfm?Filename=GNPR82FL.zip&Tp=1&Ctry_Code=GN&surv_id=571&dm=1&dmode=nm
GN,GN,154,SQ,41,https://www.dhsprogram.com/customcf/legacy/data/download_dataset.cfm?Filename=GNSQ41FL.zip&Tp=1&Ctry_Code=GN&surv_id=154&dm=1&dmode=nm
GN,GN,154,WI,41,https://www.dhsprogram.com/customcf/legacy/data/download_dataset.cfm?Filename=GNWI41FL.zip&Tp=1&Ctry_Code=GN&surv_id=154&dm=1&dmode=nm
GN,GN,154,GE,42,https://www.dhsprogram.com/customcf/legacy/data/download_dataset.cfm?Filename=GNGE42FL.zip&Tp=2&Ctry_Code=GN&surv_id=154&dm=1&dmode=nm
GN,GN,249,GE,52,https://www.dhsprogram.com/customcf/legacy/data/download_dataset.cfm?Filename=GNGE52FL.zip&Tp=2&Ctry_Code=GN&surv_id=249&dm=1&dmode=nm
GN,GN,391,GE,61,https://www.dhsprogram.com/customcf/legacy/data/download_dataset.cfm?Filename=GNGE61FL.zip&Tp=2&Ctry_Code=GN&surv_id=391&dm=1&dmode=nm
GN,GN,539,GE,71,https://www.dhsprogram.com/customcf/legacy/data/download_dataset.cfm?Filename=GNGE71FL.zip&Tp=2&Ctry_Code=GN&surv_id=539&dm=1&dmode=nm
GN,GN,571,GE,81,https://www.dhsprogram.com/customcf/legacy/data/download_dataset.cfm?Filename=GNGE81FL.zip&Tp=2&Ctry_Code=GN&surv_id=571&dm=1&dmode=nm
GY,GY,243,BR,51,https://www.dhsprogram.com/customcf/legacy/data/download_dataset.cfm?Filename=GYBR51FL.zip&Tp=1&Ctry_Code=GY&surv_id=243&dm=1&dmode=nm
GY,GY,309,BR,5I,https://www.dhsprogram.com/customcf/legacy/data/download_dataset.cfm?Filename=GYBR5IFL.zip&Tp=1&Ctry_Code=GY&surv_id=309&dm=1&dmode=nm
GY,GY,309,CR,5I,https://www.dhsprogram.com/customcf/legacy/data/download_dataset.cfm?Filename=GYCR5IFL.zip&Tp=1&Ctry_Code=GY&surv_id=309&dm=1&dmode=nm
GY,GY,243,HR,51,https://www.dhsprogram.com/customcf/legacy/data/download_dataset.cfm?Filename=GYHR51FL.zip&Tp=1&Ctry_Code=GY&surv_id=243&dm=1&dmode=nm
GY,GY,309,HR,5I,https://www.dhsprogram.com/customcf/legacy/data/download_dataset.cfm?Filename=GYHR5IFL.zip&Tp=1&Ctry_Code=GY&surv_id=309&dm=1&dmode=nm
GY,GY,243,IR,51,https://www.dhsprogram.com/customcf/legacy/data/download_dataset.cfm?Filename=GYIR51FL.zip&Tp=1&Ctry_Code=GY&surv_id=243&dm=1&dmode=nm
GY,GY,309,IR,5I,https://www.dhsprogram.com/customcf/legacy/data/download_dataset.cfm?Filename=GYIR5IFL.zip&Tp=1&Ctry_Code=GY&surv_id=309&dm=1&dmode=nm
GY,GY,243,KR,51,https://www.dhsprogram.com/customcf/legacy/data/download_dataset.cfm?Filename=GYKR51FL.zip&Tp=1&Ctry_Code=GY&surv_id=243&dm=1&dmode=nm
GY,GY,309,KR,5I,https://www.dhsprogram.com/customcf/legacy/data/download_dataset.cfm?Filename=GYKR5IFL.zip&Tp=1&Ctry_Code=GY&surv_id=309&dm=1&dmode=nm
GY,GY,309,MR,5I,https://www.dhsprogram.com/customcf/legacy/data/download_dataset.cfm?Filename=GYMR5IFL.zip&Tp=1&Ctry_Code=GY&surv_id=309&dm=1&dmode=nm
GY,GY,243,PR,51,https://www.dhsprogram.com/customcf/legacy/data/download_dataset.cfm?Filename=GYPR51FL.zip&Tp=1&Ctry_Code=GY&surv_id=243&dm=1&dmode=nm
GY,GY,309,PR,5I,https://www.dhsprogram.com/customcf/legacy/data/download_dataset.cfm?Filename=GYPR5IFL.zip&Tp=1&Ctry_Code=GY&surv_id=309&dm=1&dmode=nm
GY,GY,309,GE,5J,https://www.dhsprogram.com/customcf/legacy/data/download_dataset.cfm?Filename=GYGE5JFL.zip&Tp=2&Ctry_Code=GY&surv_id=309&dm=1&dmode=nm
HT,HT,69,BR,31,https://www.dhsprogram.com/customcf/legacy/data/download_dataset.cfm?Filename=HTBR31FL.zip&Tp=1&Ctry_Code=HT&surv_id=69&dm=1&dmode=nm
HT,HT,155,BR,42,https://www.dhsprogram.com/customcf/legacy/data/download_dataset.cfm?Filename=HTBR42FL.zip&Tp=1&Ctry_Code=HT&surv_id=155&dm=1&dmode=nm
HT,HT,222,BR,52,https://www.dhsprogram.com/customcf/legacy/data/download_dataset.cfm?Filename=HTBR52FL.zip&Tp=1&Ctry_Code=HT&surv_id=222&dm=1&dmode=nm
HT,HT,368,BR,61,https://www.dhsprogram.com/customcf/legacy/data/download_dataset.cfm?Filename=HTBR61FL.zip&Tp=1&Ctry_Code=HT&surv_id=368&dm=1&dmode=nm
HT,HT,503,BR,71,https://www.dhsprogram.com/customcf/legacy/data/download_dataset.cfm?Filename=HTBR71FL.zip&Tp=1&Ctry_Code=HT&surv_id=503&dm=1&dmode=nm
HT,HT,69,CR,31,https://www.dhsprogram.com/customcf/legacy/data/download_dataset.cfm?Filename=HTCR31FL.zip&Tp=1&Ctry_Code=HT&surv_id=69&dm=1&dmode=nm
HT,HT,155,CR,42,https://www.dhsprogram.com/customcf/legacy/data/download_dataset.cfm?Filename=HTCR42FL.zip&Tp=1&Ctry_Code=HT&surv_id=155&dm=1&dmode=nm
HT,HT,222,CR,52,https://www.dhsprogram.com/customcf/legacy/data/download_dataset.cfm?Filename=HTCR52FL.zip&Tp=1&Ctry_Code=HT&surv_id=222&dm=1&dmode=nm
HT,HT,368,CR,61,https://www.dhsprogram.com/customcf/legacy/data/download_dataset.cfm?Filename=HTCR61FL.zip&Tp=1&Ctry_Code=HT&surv_id=368&dm=1&dmode=nm
HT,HT,503,CR,71,https://www.dhsprogram.com/customcf/legacy/data/download_dataset.cfm?Filename=HTCR71FL.zip&Tp=1&Ctry_Code=HT&surv_id=503&dm=1&dmode=nm
HT,HT,69,HR,31,https://www.dhsprogram.com/customcf/legacy/data/download_dataset.cfm?Filename=HTHR31FL.zip&Tp=1&Ctry_Code=HT&surv_id=69&dm=1&dmode=nm
HT,HT,155,HR,42,https://www.dhsprogram.com/customcf/legacy/data/download_dataset.cfm?Filename=HTHR42FL.zip&Tp=1&Ctry_Code=HT&surv_id=155&dm=1&dmode=nm
HT,HT,222,HR,52,https://www.dhsprogram.com/customcf/legacy/data/download_dataset.cfm?Filename=HTHR52FL.zip&Tp=1&Ctry_Code=HT&surv_id=222&dm=1&dmode=nm
HT,HT,368,HR,61,https://www.dhsprogram.com/customcf/legacy/data/download_dataset.cfm?Filename=HTHR61FL.zip&Tp=1&Ctry_Code=HT&surv_id=368&dm=1&dmode=nm
HT,HT,503,HR,71,https://www.dhsprogram.com/customcf/legacy/data/download_dataset.cfm?Filename=HTHR71FL.zip&Tp=1&Ctry_Code=HT&surv_id=503&dm=1&dmode=nm
HT,HT,69,HW,31,https://www.dhsprogram.com/customcf/legacy/data/download_dataset.cfm?Filename=HTHW31FL.zip&Tp=1&Ctry_Code=HT&surv_id=69&dm=1&dmode=nm
HT,HT,155,HW,42,https://www.dhsprogram.com/customcf/legacy/data/download_dataset.cfm?Filename=HTHW42FL.zip&Tp=1&Ctry_Code=HT&surv_id=155&dm=1&dmode=nm
HT,HT,222,HW,51,https://www.dhsprogram.com/customcf/legacy/data/download_dataset.cfm?Filename=HTHW51FL.zip&Tp=1&Ctry_Code=HT&surv_id=222&dm=1&dmode=nm
HT,HT,69,IR,31,https://www.dhsprogram.com/customcf/legacy/data/download_dataset.cfm?Filename=HTIR31FL.zip&Tp=1&Ctry_Code=HT&surv_id=69&dm=1&dmode=nm
HT,HT,155,IR,42,https://www.dhsprogram.com/customcf/legacy/data/download_dataset.cfm?Filename=HTIR42FL.zip&Tp=1&Ctry_Code=HT&surv_id=155&dm=1&dmode=nm
HT,HT,222,IR,52,https://www.dhsprogram.com/customcf/legacy/data/download_dataset.cfm?Filename=HTIR52FL.zip&Tp=1&Ctry_Code=HT&surv_id=222&dm=1&dmode=nm
HT,HT,368,IR,61,https://www.dhsprogram.com/customcf/legacy/data/download_dataset.cfm?Filename=HTIR61FL.zip&Tp=1&Ctry_Code=HT&surv_id=368&dm=1&dmode=nm
HT,HT,503,IR,71,https://www.dhsprogram.com/customcf/legacy/data/download_dataset.cfm?Filename=HTIR71FL.zip&Tp=1&Ctry_Code=HT&surv_id=503&dm=1&dmode=nm
HT,HT,69,KR,31,https://www.dhsprogram.com/customcf/legacy/data/download_dataset.cfm?Filename=HTKR31FL.zip&Tp=1&Ctry_Code=HT&surv_id=69&dm=1&dmode=nm
HT,HT,155,KR,42,https://www.dhsprogram.com/customcf/legacy/data/download_dataset.cfm?Filename=HTKR42FL.zip&Tp=1&Ctry_Code=HT&surv_id=155&dm=1&dmode=nm
HT,HT,222,KR,52,https://www.dhsprogram.com/customcf/legacy/data/download_dataset.cfm?Filename=HTKR52FL.zip&Tp=1&Ctry_Code=HT&surv_id=222&dm=1&dmode=nm
HT,HT,368,KR,61,https://www.dhsprogram.com/customcf/legacy/data/download_dataset.cfm?Filename=HTKR61FL.zip&Tp=1&Ctry_Code=HT&surv_id=368&dm=1&dmode=nm
HT,HT,503,KR,71,https://www.dhsprogram.com/customcf/legacy/data/download_dataset.cfm?Filename=HTKR71FL.zip&Tp=1&Ctry_Code=HT&surv_id=503&dm=1&dmode=nm
HT,HT,69,MR,31,https://www.dhsprogram.com/customcf/legacy/data/download_dataset.cfm?Filename=HTMR31FL.zip&Tp=1&Ctry_Code=HT&surv_id=69&dm=1&dmode=nm
HT,HT,155,MR,42,https://www.dhsprogram.com/customcf/legacy/data/download_dataset.cfm?Filename=HTMR42FL.zip&Tp=1&Ctry_Code=HT&surv_id=155&dm=1&dmode=nm
HT,HT,222,MR,52,https://www.dhsprogram.com/customcf/legacy/data/download_dataset.cfm?Filename=HTMR52FL.zip&Tp=1&Ctry_Code=HT&surv_id=222&dm=1&dmode=nm
HT,HT,368,MR,61,https://www.dhsprogram.com/customcf/legacy/data/download_dataset.cfm?Filename=HTMR61FL.zip&Tp=1&Ctry_Code=HT&surv_id=368&dm=1&dmode=nm
HT,HT,503,MR,71,https://www.dhsprogram.com/customcf/legacy/data/download_dataset.cfm?Filename=HTMR71FL.zip&Tp=1&Ctry_Code=HT&surv_id=503&dm=1&dmode=nm
HT,HT,69,PR,31,https://www.dhsprogram.com/customcf/legacy/data/download_dataset.cfm?Filename=HTPR31FL.zip&Tp=1&Ctry_Code=HT&surv_id=69&dm=1&dmode=nm
HT,HT,155,PR,42,https://www.dhsprogram.com/customcf/legacy/data/download_dataset.cfm?Filename=HTPR42FL.zip&Tp=1&Ctry_Code=HT&surv_id=155&dm=1&dmode=nm
HT,HT,222,PR,52,https://www.dhsprogram.com/customcf/legacy/data/download_dataset.cfm?Filename=HTPR52FL.zip&Tp=1&Ctry_Code=HT&surv_id=222&dm=1&dmode=nm
HT,HT,368,PR,61,https://www.dhsprogram.com/customcf/legacy/data/download_dataset.cfm?Filename=HTPR61FL.zip&Tp=1&Ctry_Code=HT&surv_id=368&dm=1&dmode=nm
HT,HT,503,PR,71,https://www.dhsprogram.com/customcf/legacy/data/download_dataset.cfm?Filename=HTPR71FL.zip&Tp=1&Ctry_Code=HT&surv_id=503&dm=1&dmode=nm
HT,HT,69,SQ,30,https://www.dhsprogram.com/customcf/legacy/data/download_dataset.cfm?Filename=HTSQ30FL.zip&Tp=1&Ctry_Code=HT&surv_id=69&dm=1&dmode=nm
HT,HT,155,SQ,41,https://www.dhsprogram.com/customcf/legacy/data/download_dataset.cfm?Filename=HTSQ41FL.zip&Tp=1&Ctry_Code=HT&surv_id=155&dm=1&dmode=nm
HT,HT,69,WI,31,https://www.dhsprogram.com/customcf/legacy/data/download_dataset.cfm?Filename=HTWI31FL.zip&Tp=1&Ctry_Code=HT&surv_id=69&dm=1&dmode=nm
HT,HT,155,WI,42,https://www.dhsprogram.com/customcf/legacy/data/download_dataset.cfm?Filename=HTWI42FL.zip&Tp=1&Ctry_Code=HT&surv_id=155&dm=1&dmode=nm
HT,HT,155,GE,42,https://www.dhsprogram.com/customcf/legacy/data/download_dataset.cfm?Filename=HTGE42FL.zip&Tp=2&Ctry_Code=HT&surv_id=155&dm=1&dmode=nm
HT,HT,222,GE,52,https://www.dhsprogram.com/customcf/legacy/data/download_dataset.cfm?Filename=HTGE52FL.zip&Tp=2&Ctry_Code=HT&surv_id=222&dm=1&dmode=nm
HT,HT,368,GE,61,https://www.dhsprogram.com/customcf/legacy/data/download_dataset.cfm?Filename=HTGE61FL.zip&Tp=2&Ctry_Code=HT&surv_id=368&dm=1&dmode=nm
HT,HT,503,GE,71,https://www.dhsprogram.com/customcf/legacy/data/download_dataset.cfm?Filename=HTGE71FL.zip&Tp=2&Ctry_Code=HT&surv_id=503&dm=1&dmode=nm
HN,HN,265,BR,52,https://www.dhsprogram.com/customcf/legacy/data/download_dataset.cfm?Filename=HNBR52FL.zip&Tp=1&Ctry_Code=HN&surv_id=265&dm=1&dmode=nm
HN,HN,369,BR,62,https://www.dhsprogram.com/customcf/legacy/data/download_dataset.cfm?Filename=HNBR62FL.zip&Tp=1&Ctry_Code=HN&surv_id=369&dm=1&dmode=nm
HN,HN,265,HR,52,https://www.dhsprogram.com/customcf/legacy/data/download_dataset.cfm?Filename=HNHR52FL.zip&Tp=1&Ctry_Code=HN&surv_id=265&dm=1&dmode=nm
HN,HN,369,HR,62,https://www.dhsprogram.com/customcf/legacy/data/download_dataset.cfm?Filename=HNHR62FL.zip&Tp=1&Ctry_Code=HN&surv_id=369&dm=1&dmode=nm
HN,HN,265,IR,52,https://www.dhsprogram.com/customcf/legacy/data/download_dataset.cfm?Filename=HNIR52FL.zip&Tp=1&Ctry_Code=HN&surv_id=265&dm=1&dmode=nm
HN,HN,369,IR,62,https://www.dhsprogram.com/customcf/legacy/data/download_dataset.cfm?Filename=HNIR62FL.zip&Tp=1&Ctry_Code=HN&surv_id=369&dm=1&dmode=nm
HN,HN,265,KR,52,https://www.dhsprogram.com/customcf/legacy/data/download_dataset.cfm?Filename=HNKR52FL.zip&Tp=1&Ctry_Code=HN&surv_id=265&dm=1&dmode=nm
HN,HN,369,KR,62,https://www.dhsprogram.com/customcf/legacy/data/download_dataset.cfm?Filename=HNKR62FL.zip&Tp=1&Ctry_Code=HN&surv_id=369&dm=1&dmode=nm
HN,HN,369,MR,62,https://www.dhsprogram.com/customcf/legacy/data/download_dataset.cfm?Filename=HNMR62FL.zip&Tp=1&Ctry_Code=HN&surv_id=369&dm=1&dmode=nm
HN,HN,265,PR,52,https://www.dhsprogram.com/customcf/legacy/data/download_dataset.cfm?Filename=HNPR52FL.zip&Tp=1&Ctry_Code=HN&surv_id=265&dm=1&dmode=nm
HN,HN,369,PR,62,https://www.dhsprogram.com/customcf/legacy/data/download_dataset.cfm?Filename=HNPR62FL.zip&Tp=1&Ctry_Code=HN&surv_id=369&dm=1&dmode=nm
HN,HN,369,GE,61,https://www.dhsprogram.com/customcf/legacy/data/download_dataset.cfm?Filename=HNGE61FL.zip&Tp=2&Ctry_Code=HN&surv_id=369&dm=1&dmode=nm
AP,IA,156,BR,42,https://www.dhsprogram.com/customcf/legacy/data/download_dataset.cfm?Filename=APBR42FL.zip&Tp=1&Ctry_Code=IA&surv_id=156&dm=1&dmode=nm
AP,IA,50,HH,21,https://www.dhsprogram.com/customcf/legacy/data/download_dataset.cfm?Filename=APHH21FL.zip&Tp=1&Ctry_Code=IA&surv_id=50&dm=1&dmode=nm
AP,IA,156,HR,42,https://www.dhsprogram.com/customcf/legacy/data/download_dataset.cfm?Filename=APHR42FL.zip&Tp=1&Ctry_Code=IA&surv_id=156&dm=1&dmode=nm
AP,IA,156,HW,42,https://www.dhsprogram.com/customcf/legacy/data/download_dataset.cfm?Filename=APHW42FL.zip&Tp=1&Ctry_Code=IA&surv_id=156&dm=1&dmode=nm
AP,IA,50,IQ,21,https://www.dhsprogram.com/customcf/legacy/data/download_dataset.cfm?Filename=APIQ21FL.zip&Tp=1&Ctry_Code=IA&surv_id=50&dm=1&dmode=nm
AP,IA,156,IR,42,https://www.dhsprogram.com/customcf/legacy/data/download_dataset.cfm?Filename=APIR42FL.zip&Tp=1&Ctry_Code=IA&surv_id=156&dm=1&dmode=nm
AP,IA,156,KR,42,https://www.dhsprogram.com/customcf/legacy/data/download_dataset.cfm?Filename=APKR42FL.zip&Tp=1&Ctry_Code=IA&surv_id=156&dm=1&dmode=nm
AP,IA,156,VR,42,https://www.dhsprogram.com/customcf/legacy/data/download_dataset.cfm?Filename=APVR42FL.zip&Tp=1&Ctry_Code=IA&surv_id=156&dm=1&dmode=nm
AR,IA,156,BR,42,https://www.dhsprogram.com/customcf/legacy/data/download_dataset.cfm?Filename=ARBR42FL.zip&Tp=1&Ctry_Code=IA&surv_id=156&dm=1&dmode=nm
AR,IA,50,HH,21,https://www.dhsprogram.com/customcf/legacy/data/download_dataset.cfm?Filename=ARHH21FL.zip&Tp=1&Ctry_Code=IA&surv_id=50&dm=1&dmode=nm
AR,IA,156,HR,42,https://www.dhsprogram.com/customcf/legacy/data/download_dataset.cfm?Filename=ARHR42FL.zip&Tp=1&Ctry_Code=IA&surv_id=156&dm=1&dmode=nm
AR,IA,156,HW,42,https://www.dhsprogram.com/customcf/legacy/data/download_dataset.cfm?Filename=ARHW42FL.zip&Tp=1&Ctry_Code=IA&surv_id=156&dm=1&dmode=nm
AR,IA,50,IQ,21,https://www.dhsprogram.com/customcf/legacy/data/download_dataset.cfm?Filename=ARIQ21FL.zip&Tp=1&Ctry_Code=IA&surv_id=50&dm=1&dmode=nm
AR,IA,156,IR,42,https://www.dhsprogram.com/customcf/legacy/data/download_dataset.cfm?Filename=ARIR42FL.zip&Tp=1&Ctry_Code=IA&surv_id=156&dm=1&dmode=nm
AR,IA,156,KR,42,https://www.dhsprogram.com/customcf/legacy/data/download_dataset.cfm?Filename=ARKR42FL.zip&Tp=1&Ctry_Code=IA&surv_id=156&dm=1&dmode=nm
AR,IA,156,VR,42,https://www.dhsprogram.com/customcf/legacy/data/download_dataset.cfm?Filename=ARVR42FL.zip&Tp=1&Ctry_Code=IA&surv_id=156&dm=1&dmode=nm
AS,IA,156,BR,42,https://www.dhsprogram.com/customcf/legacy/data/download_dataset.cfm?Filename=ASBR42FL.zip&Tp=1&Ctry_Code=IA&surv_id=156&dm=1&dmode=nm
AS,IA,50,HH,21,https://www.dhsprogram.com/customcf/legacy/data/download_dataset.cfm?Filename=ASHH21FL.zip&Tp=1&Ctry_Code=IA&surv_id=50&dm=1&dmode=nm
AS,IA,156,HR,42,https://www.dhsprogram.com/customcf/legacy/data/download_dataset.cfm?Filename=ASHR42FL.zip&Tp=1&Ctry_Code=IA&surv_id=156&dm=1&dmode=nm
AS,IA,156,HW,42,https://www.dhsprogram.com/customcf/legacy/data/download_dataset.cfm?Filename=ASHW42FL.zip&Tp=1&Ctry_Code=IA&surv_id=156&dm=1&dmode=nm
AS,IA,50,IQ,21,https://www.dhsprogram.com/customcf/legacy/data/download_dataset.cfm?Filename=ASIQ21FL.zip&Tp=1&Ctry_Code=IA&surv_id=50&dm=1&dmode=nm
AS,IA,156,IR,42,https://www.dhsprogram.com/customcf/legacy/data/download_dataset.cfm?Filename=ASIR42FL.zip&Tp=1&Ctry_Code=IA&surv_id=156&dm=1&dmode=nm
AS,IA,156,KR,42,https://www.dhsprogram.com/customcf/legacy/data/download_dataset.cfm?Filename=ASKR42FL.zip&Tp=1&Ctry_Code=IA&surv_id=156&dm=1&dmode=nm
AS,IA,156,VR,42,https://www.dhsprogram.com/customcf/legacy/data/download_dataset.cfm?Filename=ASVR42FL.zip&Tp=1&Ctry_Code=IA&surv_id=156&dm=1&dmode=nm
BH,IA,156,BR,42,https://www.dhsprogram.com/customcf/legacy/data/download_dataset.cfm?Filename=BHBR42FL.zip&Tp=1&Ctry_Code=IA&surv_id=156&dm=1&dmode=nm
BH,IA,50,HH,21,https://www.dhsprogram.com/customcf/legacy/data/download_dataset.cfm?Filename=BHHH21FL.zip&Tp=1&Ctry_Code=IA&surv_id=50&dm=1&dmode=nm
BH,IA,156,HR,42,https://www.dhsprogram.com/customcf/legacy/data/download_dataset.cfm?Filename=BHHR42FL.zip&Tp=1&Ctry_Code=IA&surv_id=156&dm=1&dmode=nm
BH,IA,156,HW,42,https://www.dhsprogram.com/customcf/legacy/data/download_dataset.cfm?Filename=BHHW42FL.zip&Tp=1&Ctry_Code=IA&surv_id=156&dm=1&dmode=nm
BH,IA,50,IQ,21,https://www.dhsprogram.com/customcf/legacy/data/download_dataset.cfm?Filename=BHIQ21FL.zip&Tp=1&Ctry_Code=IA&surv_id=50&dm=1&dmode=nm
BH,IA,156,IR,42,https://www.dhsprogram.com/customcf/legacy/data/download_dataset.cfm?Filename=BHIR42FL.zip&Tp=1&Ctry_Code=IA&surv_id=156&dm=1&dmode=nm
BH,IA,156,KR,42,https://www.dhsprogram.com/customcf/legacy/data/download_dataset.cfm?Filename=BHKR42FL.zip&Tp=1&Ctry_Code=IA&surv_id=156&dm=1&dmode=nm
BH,IA,156,VR,42,https://www.dhsprogram.com/customcf/legacy/data/download_dataset.cfm?Filename=BHVR42FL.zip&Tp=1&Ctry_Code=IA&surv_id=156&dm=1&dmode=nm
DL,IA,156,BR,42,https://www.dhsprogram.com/customcf/legacy/data/download_dataset.cfm?Filename=DLBR42FL.zip&Tp=1&Ctry_Code=IA&surv_id=156&dm=1&dmode=nm
DL,IA,50,HH,21,https://www.dhsprogram.com/customcf/legacy/data/download_dataset.cfm?Filename=DLHH21FL.zip&Tp=1&Ctry_Code=IA&surv_id=50&dm=1&dmode=nm
DL,IA,156,HR,42,https://www.dhsprogram.com/customcf/legacy/data/download_dataset.cfm?Filename=DLHR42FL.zip&Tp=1&Ctry_Code=IA&surv_id=156&dm=1&dmode=nm
DL,IA,156,HW,42,https://www.dhsprogram.com/customcf/legacy/data/download_dataset.cfm?Filename=DLHW42FL.zip&Tp=1&Ctry_Code=IA&surv_id=156&dm=1&dmode=nm
DL,IA,50,IQ,21,https://www.dhsprogram.com/customcf/legacy/data/download_dataset.cfm?Filename=DLIQ21FL.zip&Tp=1&Ctry_Code=IA&surv_id=50&dm=1&dmode=nm
DL,IA,156,IR,42,https://www.dhsprogram.com/customcf/legacy/data/download_dataset.cfm?Filename=DLIR42FL.zip&Tp=1&Ctry_Code=IA&surv_id=156&dm=1&dmode=nm
DL,IA,156,KR,42,https://www.dhsprogram.com/customcf/legacy/data/download_dataset.cfm?Filename=DLKR42FL.zip&Tp=1&Ctry_Code=IA&surv_id=156&dm=1&dmode=nm
DL,IA,156,VR,42,https://www.dhsprogram.com/customcf/legacy/data/download_dataset.cfm?Filename=DLVR42FL.zip&Tp=1&Ctry_Code=IA&surv_id=156&dm=1&dmode=nm
GJ,IA,156,BR,42,https://www.dhsprogram.com/customcf/legacy/data/download_dataset.cfm?Filename=GJBR42FL.zip&Tp=1&Ctry_Code=IA&surv_id=156&dm=1&dmode=nm
GJ,IA,50,HH,21,https://www.dhsprogram.com/customcf/legacy/data/download_dataset.cfm?Filename=GJHH21FL.zip&Tp=1&Ctry_Code=IA&surv_id=50&dm=1&dmode=nm
GJ,IA,156,HR,42,https://www.dhsprogram.com/customcf/legacy/data/download_dataset.cfm?Filename=GJHR42FL.zip&Tp=1&Ctry_Code=IA&surv_id=156&dm=1&dmode=nm
GJ,IA,156,HW,42,https://www.dhsprogram.com/customcf/legacy/data/download_dataset.cfm?Filename=GJHW42FL.zip&Tp=1&Ctry_Code=IA&surv_id=156&dm=1&dmode=nm
GJ,IA,50,IQ,21,https://www.dhsprogram.com/customcf/legacy/data/download_dataset.cfm?Filename=GJIQ21FL.zip&Tp=1&Ctry_Code=IA&surv_id=50&dm=1&dmode=nm
GJ,IA,156,IR,42,https://www.dhsprogram.com/customcf/legacy/data/download_dataset.cfm?Filename=GJIR42FL.zip&Tp=1&Ctry_Code=IA&surv_id=156&dm=1&dmode=nm
GJ,IA,156,KR,42,https://www.dhsprogram.com/customcf/legacy/data/download_dataset.cfm?Filename=GJKR42FL.zip&Tp=1&Ctry_Code=IA&surv_id=156&dm=1&dmode=nm
GJ,IA,156,VR,42,https://www.dhsprogram.com/customcf/legacy/data/download_dataset.cfm?Filename=GJVR42FL.zip&Tp=1&Ctry_Code=IA&surv_id=156&dm=1&dmode=nm
GO,IA,156,BR,42,https://www.dhsprogram.com/customcf/legacy/data/download_dataset.cfm?Filename=GOBR42FL.zip&Tp=1&Ctry_Code=IA&surv_id=156&dm=1&dmode=nm
GO,IA,50,HH,21,https://www.dhsprogram.com/customcf/legacy/data/download_dataset.cfm?Filename=GOHH21FL.zip&Tp=1&Ctry_Code=IA&surv_id=50&dm=1&dmode=nm
GO,IA,156,HR,42,https://www.dhsprogram.com/customcf/legacy/data/download_dataset.cfm?Filename=GOHR42FL.zip&Tp=1&Ctry_Code=IA&surv_id=156&dm=1&dmode=nm
GO,IA,156,HW,42,https://www.dhsprogram.com/customcf/legacy/data/download_dataset.cfm?Filename=GOHW42FL.zip&Tp=1&Ctry_Code=IA&surv_id=156&dm=1&dmode=nm
GO,IA,50,IQ,21,https://www.dhsprogram.com/customcf/legacy/data/download_dataset.cfm?Filename=GOIQ21FL.zip&Tp=1&Ctry_Code=IA&surv_id=50&dm=1&dmode=nm
GO,IA,156,IR,42,https://www.dhsprogram.com/customcf/legacy/data/download_dataset.cfm?Filename=GOIR42FL.zip&Tp=1&Ctry_Code=IA&surv_id=156&dm=1&dmode=nm
GO,IA,156,KR,42,https://www.dhsprogram.com/customcf/legacy/data/download_dataset.cfm?Filename=GOKR42FL.zip&Tp=1&Ctry_Code=IA&surv_id=156&dm=1&dmode=nm
GO,IA,156,VR,42,https://www.dhsprogram.com/customcf/legacy/data/download_dataset.cfm?Filename=GOVR42FL.zip&Tp=1&Ctry_Code=IA&surv_id=156&dm=1&dmode=nm
HP,IA,156,BR,42,https://www.dhsprogram.com/customcf/legacy/data/download_dataset.cfm?Filename=HPBR42FL.zip&Tp=1&Ctry_Code=IA&surv_id=156&dm=1&dmode=nm
HP,IA,50,HH,21,https://www.dhsprogram.com/customcf/legacy/data/download_dataset.cfm?Filename=HPHH21FL.zip&Tp=1&Ctry_Code=IA&surv_id=50&dm=1&dmode=nm
HP,IA,156,HR,42,https://www.dhsprogram.com/customcf/legacy/data/download_dataset.cfm?Filename=HPHR42FL.zip&Tp=1&Ctry_Code=IA&surv_id=156&dm=1&dmode=nm
HP,IA,156,HW,42,https://www.dhsprogram.com/customcf/legacy/data/download_dataset.cfm?Filename=HPHW42FL.zip&Tp=1&Ctry_Code=IA&surv_id=156&dm=1&dmode=nm
HP,IA,50,IQ,21,https://www.dhsprogram.com/customcf/legacy/data/download_dataset.cfm?Filename=HPIQ21FL.zip&Tp=1&Ctry_Code=IA&surv_id=50&dm=1&dmode=nm
HP,IA,156,IR,42,https://www.dhsprogram.com/customcf/legacy/data/download_dataset.cfm?Filename=HPIR42FL.zip&Tp=1&Ctry_Code=IA&surv_id=156&dm=1&dmode=nm
HP,IA,156,KR,42,https://www.dhsprogram.com/customcf/legacy/data/download_dataset.cfm?Filename=HPKR42FL.zip&Tp=1&Ctry_Code=IA&surv_id=156&dm=1&dmode=nm
HP,IA,156,VR,42,https://www.dhsprogram.com/customcf/legacy/data/download_dataset.cfm?Filename=HPVR42FL.zip&Tp=1&Ctry_Code=IA&surv_id=156&dm=1&dmode=nm
HR,IA,156,BR,42,https://www.dhsprogram.com/customcf/legacy/data/download_dataset.cfm?Filename=HRBR42FL.zip&Tp=1&Ctry_Code=IA&surv_id=156&dm=1&dmode=nm
HR,IA,50,HH,21,https://www.dhsprogram.com/customcf/legacy/data/download_dataset.cfm?Filename=HRHH21FL.zip&Tp=1&Ctry_Code=IA&surv_id=50&dm=1&dmode=nm
HR,IA,156,HR,42,https://www.dhsprogram.com/customcf/legacy/data/download_dataset.cfm?Filename=HRHR42FL.zip&Tp=1&Ctry_Code=IA&surv_id=156&dm=1&dmode=nm
HR,IA,156,HW,42,https://www.dhsprogram.com/customcf/legacy/data/download_dataset.cfm?Filename=HRHW42FL.zip&Tp=1&Ctry_Code=IA&surv_id=156&dm=1&dmode=nm
HR,IA,50,IQ,21,https://www.dhsprogram.com/customcf/legacy/data/download_dataset.cfm?Filename=HRIQ21FL.zip&Tp=1&Ctry_Code=IA&surv_id=50&dm=1&dmode=nm
HR,IA,156,IR,42,https://www.dhsprogram.com/customcf/legacy/data/download_dataset.cfm?Filename=HRIR42FL.zip&Tp=1&Ctry_Code=IA&surv_id=156&dm=1&dmode=nm
HR,IA,156,KR,42,https://www.dhsprogram.com/customcf/legacy/data/download_dataset.cfm?Filename=HRKR42FL.zip&Tp=1&Ctry_Code=IA&surv_id=156&dm=1&dmode=nm
HR,IA,156,VR,42,https://www.dhsprogram.com/customcf/legacy/data/download_dataset.cfm?Filename=HRVR42FL.zip&Tp=1&Ctry_Code=IA&surv_id=156&dm=1&dmode=nm
IA,IA,50,BR,23,https://www.dhsprogram.com/customcf/legacy/data/download_dataset.cfm?Filename=IABR23FL.zip&Tp=1&Ctry_Code=IA&surv_id=50&dm=1&dmode=nm
IA,IA,156,BR,42,https://www.dhsprogram.com/customcf/legacy/data/download_dataset.cfm?Filename=IABR42FL.zip&Tp=1&Ctry_Code=IA&surv_id=156&dm=1&dmode=nm
IA,IA,264,BR,52,https://www.dhsprogram.com/customcf/legacy/data/download_dataset.cfm?Filename=IABR52FL.zip&Tp=1&Ctry_Code=IA&surv_id=264&dm=1&dmode=nm
IA,IA,355,BR,74,https://www.dhsprogram.com/customcf/legacy/data/download_dataset.cfm?Filename=IABR74FL.zip&Tp=1&Ctry_Code=IA&surv_id=355&dm=1&dmode=cf
IA,IA,541,BR,7E,https://www.dhsprogram.com/customcf/legacy/data/download_dataset.cfm?Filename=IABR7EFL.zip&Tp=1&Ctry_Code=IA&surv_id=541&dm=1&dmode=nm
IA,IA,264,CR,52,https://www.dhsprogram.com/customcf/legacy/data/download_dataset.cfm?Filename=IACR52FL.zip&Tp=1&Ctry_Code=IA&surv_id=264&dm=1&dmode=nm
IA,IA,355,CR,74,https://www.dhsprogram.com/customcf/legacy/data/download_dataset.cfm?Filename=IACR74FL.zip&Tp=1&Ctry_Code=IA&surv_id=355&dm=1&dmode=cf
IA,IA,541,CR,7E,https://www.dhsprogram.com/customcf/legacy/data/download_dataset.cfm?Filename=IACR7EFL.zip&Tp=1&Ctry_Code=IA&surv_id=541&dm=1&dmode=nm
IA,IA,50,HH,21,https://www.dhsprogram.com/customcf/legacy/data/download_dataset.cfm?Filename=IAHH21FL.zip&Tp=1&Ctry_Code=IA&surv_id=50&dm=1&dmode=nm
IA,IA,50,HR,23,https://www.dhsprogram.com/customcf/legacy/data/download_dataset.cfm?Filename=IAHR23FL.zip&Tp=1&Ctry_Code=IA&surv_id=50&dm=1&dmode=nm
IA,IA,156,HR,42,https://www.dhsprogram.com/customcf/legacy/data/download_dataset.cfm?Filename=IAHR42FL.zip&Tp=1&Ctry_Code=IA&surv_id=156&dm=1&dmode=nm
IA,IA,264,HR,52,https://www.dhsprogram.com/customcf/legacy/data/download_dataset.cfm?Filename=IAHR52FL.zip&Tp=1&Ctry_Code=IA&surv_id=264&dm=1&dmode=nm
IA,IA,355,HR,74,https://www.dhsprogram.com/customcf/legacy/data/download_dataset.cfm?Filename=IAHR74FL.zip&Tp=1&Ctry_Code=IA&surv_id=355&dm=1&dmode=cf
IA,IA,541,HR,7E,https://www.dhsprogram.com/customcf/legacy/data/download_dataset.cfm?Filename=IAHR7EFL.zip&Tp=1&Ctry_Code=IA&surv_id=541&dm=1&dmode=nm
IA,IA,50,HW,22,https://www.dhsprogram.com/customcf/legacy/data/download_dataset.cfm?Filename=IAHW22FL.zip&Tp=1&Ctry_Code=IA&surv_id=50&dm=1&dmode=nm
IA,IA,156,HW,43,https://www.dhsprogram.com/customcf/legacy/data/download_dataset.cfm?Filename=IAHW43FL.zip&Tp=1&Ctry_Code=IA&surv_id=156&dm=1&dmode=nm
IA,IA,50,IQ,21,https://www.dhsprogram.com/customcf/legacy/data/download_dataset.cfm?Filename=IAIQ21FL.zip&Tp=1&Ctry_Code=IA&surv_id=50&dm=1&dmode=nm
IA,IA,50,IR,23,https://www.dhsprogram.com/customcf/legacy/data/download_dataset.cfm?Filename=IAIR23FL.zip&Tp=1&Ctry_Code=IA&surv_id=50&dm=1&dmode=nm
IA,IA,156,IR,42,https://www.dhsprogram.com/customcf/legacy/data/download_dataset.cfm?Filename=IAIR42FL.zip&Tp=1&Ctry_Code=IA&surv_id=156&dm=1&dmode=nm
IA,IA,264,IR,52,https://www.dhsprogram.com/customcf/legacy/data/download_dataset.cfm?Filename=IAIR52FL.zip&Tp=1&Ctry_Code=IA&surv_id=264&dm=1&dmode=nm
IA,IA,355,IR,74,https://www.dhsprogram.com/customcf/legacy/data/download_dataset.cfm?Filename=IAIR74FL.zip&Tp=1&Ctry_Code=IA&surv_id=355&dm=1&dmode=cf
IA,IA,541,IR,7E,https://www.dhsprogram.com/customcf/legacy/data/download_dataset.cfm?Filename=IAIR7EFL.zip&Tp=1&Ctry_Code=IA&surv_id=541&dm=1&dmode=nm
IA,IA,50,KR,23,https://www.dhsprogram.com/customcf/legacy/data/download_dataset.cfm?Filename=IAKR23FL.zip&Tp=1&Ctry_Code=IA&surv_id=50&dm=1&dmode=nm
IA,IA,156,KR,42,https://www.dhsprogram.com/customcf/legacy/data/download_dataset.cfm?Filename=IAKR42FL.zip&Tp=1&Ctry_Code=IA&surv_id=156&dm=1&dmode=nm
IA,IA,264,KR,52,https://www.dhsprogram.com/customcf/legacy/data/download_dataset.cfm?Filename=IAKR52FL.zip&Tp=1&Ctry_Code=IA&surv_id=264&dm=1&dmode=nm
IA,IA,355,KR,74,https://www.dhsprogram.com/customcf/legacy/data/download_dataset.cfm?Filename=IAKR74FL.zip&Tp=1&Ctry_Code=IA&surv_id=355&dm=1&dmode=cf
IA,IA,541,KR,7E,https://www.dhsprogram.com/customcf/legacy/data/download_dataset.cfm?Filename=IAKR7EFL.zip&Tp=1&Ctry_Code=IA&surv_id=541&dm=1&dmode=nm
IA,IA,264,MR,52,https://www.dhsprogram.com/customcf/legacy/data/download_dataset.cfm?Filename=IAMR52FL.zip&Tp=1&Ctry_Code=IA&surv_id=264&dm=1&dmode=nm
IA,IA,355,MR,74,https://www.dhsprogram.com/customcf/legacy/data/download_dataset.cfm?Filename=IAMR74FL.zip&Tp=1&Ctry_Code=IA&surv_id=355&dm=1&dmode=cf
IA,IA,541,MR,7E,https://www.dhsprogram.com/customcf/legacy/data/download_dataset.cfm?Filename=IAMR7EFL.zip&Tp=1&Ctry_Code=IA&surv_id=541&dm=1&dmode=nm
IA,IA,50,PR,23,https://www.dhsprogram.com/customcf/legacy/data/download_dataset.cfm?Filename=IAPR23FL.zip&Tp=1&Ctry_Code=IA&surv_id=50&dm=1&dmode=nm
IA,IA,156,PR,42,https://www.dhsprogram.com/customcf/legacy/data/download_dataset.cfm?Filename=IAPR42FL.zip&Tp=1&Ctry_Code=IA&surv_id=156&dm=1&dmode=nm
IA,IA,264,PR,52,https://www.dhsprogram.com/customcf/legacy/data/download_dataset.cfm?Filename=IAPR52FL.zip&Tp=1&Ctry_Code=IA&surv_id=264&dm=1&dmode=nm
IA,IA,355,PR,74,https://www.dhsprogram.com/customcf/legacy/data/download_dataset.cfm?Filename=IAPR74FL.zip&Tp=1&Ctry_Code=IA&surv_id=355&dm=1&dmode=cf
IA,IA,541,PR,7E,https://www.dhsprogram.com/customcf/legacy/data/download_dataset.cfm?Filename=IAPR7EFL.zip&Tp=1&Ctry_Code=IA&surv_id=541&dm=1&dmode=nm
IA,IA,50,SQ,21,https://www.dhsprogram.com/customcf/legacy/data/download_dataset.cfm?Filename=IASQ21FL.zip&Tp=1&Ctry_Code=IA&surv_id=50&dm=1&dmode=nm
IA,IA,156,VR,42,https://www.dhsprogram.com/customcf/legacy/data/download_dataset.cfm?Filename=IAVR42FL.zip&Tp=1&Ctry_Code=IA&surv_id=156&dm=1&dmode=nm
IA,IA,50,WI,22,https://www.dhsprogram.com/customcf/legacy/data/download_dataset.cfm?Filename=IAWI22FL.zip&Tp=1&Ctry_Code=IA&surv_id=50&dm=1&dmode=nm
IA,IA,156,WI,41,https://www.dhsprogram.com/customcf/legacy/data/download_dataset.cfm?Filename=IAWI41FL.zip&Tp=1&Ctry_Code=IA&surv_id=156&dm=1&dmode=nm
JM,IA,156,BR,42,https://www.dhsprogram.com/customcf/legacy/data/download_dataset.cfm?Filename=JMBR42FL.zip&Tp=1&Ctry_Code=IA&surv_id=156&dm=1&dmode=nm
JM,IA,50,HH,21,https://www.dhsprogram.com/customcf/legacy/data/download_dataset.cfm?Filename=JMHH21FL.zip&Tp=1&Ctry_Code=IA&surv_id=50&dm=1&dmode=nm
JM,IA,156,HR,42,https://www.dhsprogram.com/customcf/legacy/data/download_dataset.cfm?Filename=JMHR42FL.zip&Tp=1&Ctry_Code=IA&surv_id=156&dm=1&dmode=nm
JM,IA,156,HW,42,https://www.dhsprogram.com/customcf/legacy/data/download_dataset.cfm?Filename=JMHW42FL.zip&Tp=1&Ctry_Code=IA&surv_id=156&dm=1&dmode=nm
JM,IA,50,IQ,21,https://www.dhsprogram.com/customcf/legacy/data/download_dataset.cfm?Filename=JMIQ21FL.zip&Tp=1&Ctry_Code=IA&surv_id=50&dm=1&dmode=nm
JM,IA,156,IR,42,https://www.dhsprogram.com/customcf/legacy/data/download_dataset.cfm?Filename=JMIR42FL.zip&Tp=1&Ctry_Code=IA&surv_id=156&dm=1&dmode=nm
JM,IA,156,KR,42,https://www.dhsprogram.com/customcf/legacy/data/download_dataset.cfm?Filename=JMKR42FL.zip&Tp=1&Ctry_Code=IA&surv_id=156&dm=1&dmode=nm
JM,IA,156,VR,42,https://www.dhsprogram.com/customcf/legacy/data/download_dataset.cfm?Filename=JMVR42FL.zip&Tp=1&Ctry_Code=IA&surv_id=156&dm=1&dmode=nm
KA,IA,156,BR,42,https://www.dhsprogram.com/customcf/legacy/data/download_dataset.cfm?Filename=KABR42FL.zip&Tp=1&Ctry_Code=IA&surv_id=156&dm=1&dmode=nm
KA,IA,50,HH,21,https://www.dhsprogram.com/customcf/legacy/data/download_dataset.cfm?Filename=KAHH21FL.zip&Tp=1&Ctry_Code=IA&surv_id=50&dm=1&dmode=nm
KA,IA,156,HR,42,https://www.dhsprogram.com/customcf/legacy/data/download_dataset.cfm?Filename=KAHR42FL.zip&Tp=1&Ctry_Code=IA&surv_id=156&dm=1&dmode=nm
KA,IA,156,HW,42,https://www.dhsprogram.com/customcf/legacy/data/download_dataset.cfm?Filename=KAHW42FL.zip&Tp=1&Ctry_Code=IA&surv_id=156&dm=1&dmode=nm
KA,IA,50,IQ,21,https://www.dhsprogram.com/customcf/legacy/data/download_dataset.cfm?Filename=KAIQ21FL.zip&Tp=1&Ctry_Code=IA&surv_id=50&dm=1&dmode=nm
KA,IA,156,IR,42,https://www.dhsprogram.com/customcf/legacy/data/download_dataset.cfm?Filename=KAIR42FL.zip&Tp=1&Ctry_Code=IA&surv_id=156&dm=1&dmode=nm
KA,IA,156,KR,42,https://www.dhsprogram.com/customcf/legacy/data/download_dataset.cfm?Filename=KAKR42FL.zip&Tp=1&Ctry_Code=IA&surv_id=156&dm=1&dmode=nm
KA,IA,156,VR,42,https://www.dhsprogram.com/customcf/legacy/data/download_dataset.cfm?Filename=KAVR42FL.zip&Tp=1&Ctry_Code=IA&surv_id=156&dm=1&dmode=nm
KE,IA,156,BR,42,https://www.dhsprogram.com/customcf/legacy/data/download_dataset.cfm?Filename=KEBR42FL.zip&Tp=1&Ctry_Code=IA&surv_id=156&dm=1&dmode=nm
KE,IA,50,HH,21,https://www.dhsprogram.com/customcf/legacy/data/download_dataset.cfm?Filename=KEHH21FL.zip&Tp=1&Ctry_Code=IA&surv_id=50&dm=1&dmode=nm
KE,IA,156,HR,42,https://www.dhsprogram.com/customcf/legacy/data/download_dataset.cfm?Filename=KEHR42FL.zip&Tp=1&Ctry_Code=IA&surv_id=156&dm=1&dmode=nm
KE,IA,156,HW,42,https://www.dhsprogram.com/customcf/legacy/data/download_dataset.cfm?Filename=KEHW42FL.zip&Tp=1&Ctry_Code=IA&surv_id=156&dm=1&dmode=nm
KE,IA,50,IQ,21,https://www.dhsprogram.com/customcf/legacy/data/download_dataset.cfm?Filename=KEIQ21FL.zip&Tp=1&Ctry_Code=IA&surv_id=50&dm=1&dmode=nm
KE,IA,156,IR,42,https://www.dhsprogram.com/customcf/legacy/data/download_dataset.cfm?Filename=KEIR42FL.zip&Tp=1&Ctry_Code=IA&surv_id=156&dm=1&dmode=nm
KE,IA,156,KR,42,https://www.dhsprogram.com/customcf/legacy/data/download_dataset.cfm?Filename=KEKR42FL.zip&Tp=1&Ctry_Code=IA&surv_id=156&dm=1&dmode=nm
KE,IA,156,VR,42,https://www.dhsprogram.com/customcf/legacy/data/download_dataset.cfm?Filename=KEVR42FL.zip&Tp=1&Ctry_Code=IA&surv_id=156&dm=1&dmode=nm
MG,IA,156,BR,42,https://www.dhsprogram.com/customcf/legacy/data/download_dataset.cfm?Filename=MGBR42FL.zip&Tp=1&Ctry_Code=IA&surv_id=156&dm=1&dmode=nm
MG,IA,50,HH,21,https://www.dhsprogram.com/customcf/legacy/data/download_dataset.cfm?Filename=MGHH21FL.zip&Tp=1&Ctry_Code=IA&surv_id=50&dm=1&dmode=nm
MG,IA,156,HR,42,https://www.dhsprogram.com/customcf/legacy/data/download_dataset.cfm?Filename=MGHR42FL.zip&Tp=1&Ctry_Code=IA&surv_id=156&dm=1&dmode=nm
MG,IA,156,HW,42,https://www.dhsprogram.com/customcf/legacy/data/download_dataset.cfm?Filename=MGHW42FL.zip&Tp=1&Ctry_Code=IA&surv_id=156&dm=1&dmode=nm
MG,IA,50,IQ,21,https://www.dhsprogram.com/customcf/legacy/data/download_dataset.cfm?Filename=MGIQ21FL.zip&Tp=1&Ctry_Code=IA&surv_id=50&dm=1&dmode=nm
MG,IA,156,IR,42,https://www.dhsprogram.com/customcf/legacy/data/download_dataset.cfm?Filename=MGIR42FL.zip&Tp=1&Ctry_Code=IA&surv_id=156&dm=1&dmode=nm
MG,IA,156,KR,42,https://www.dhsprogram.com/customcf/legacy/data/download_dataset.cfm?Filename=MGKR42FL.zip&Tp=1&Ctry_Code=IA&surv_id=156&dm=1&dmode=nm
MG,IA,156,VR,42,https://www.dhsprogram.com/customcf/legacy/data/download_dataset.cfm?Filename=MGVR42FL.zip&Tp=1&Ctry_Code=IA&surv_id=156&dm=1&dmode=nm
MH,IA,156,BR,42,https://www.dhsprogram.com/customcf/legacy/data/download_dataset.cfm?Filename=MHBR42FL.zip&Tp=1&Ctry_Code=IA&surv_id=156&dm=1&dmode=nm
MH,IA,50,HH,21,https://www.dhsprogram.com/customcf/legacy/data/download_dataset.cfm?Filename=MHHH21FL.zip&Tp=1&Ctry_Code=IA&surv_id=50&dm=1&dmode=nm
MH,IA,156,HR,42,https://www.dhsprogram.com/customcf/legacy/data/download_dataset.cfm?Filename=MHHR42FL.zip&Tp=1&Ctry_Code=IA&surv_id=156&dm=1&dmode=nm
MH,IA,156,HW,42,https://www.dhsprogram.com/customcf/legacy/data/download_dataset.cfm?Filename=MHHW42FL.zip&Tp=1&Ctry_Code=IA&surv_id=156&dm=1&dmode=nm
MH,IA,50,IQ,21,https://www.dhsprogram.com/customcf/legacy/data/download_dataset.cfm?Filename=MHIQ21FL.zip&Tp=1&Ctry_Code=IA&surv_id=50&dm=1&dmode=nm
MH,IA,156,IR,42,https://www.dhsprogram.com/customcf/legacy/data/download_dataset.cfm?Filename=MHIR42FL.zip&Tp=1&Ctry_Code=IA&surv_id=156&dm=1&dmode=nm
MH,IA,156,KR,42,https://www.dhsprogram.com/customcf/legacy/data/download_dataset.cfm?Filename=MHKR42FL.zip&Tp=1&Ctry_Code=IA&surv_id=156&dm=1&dmode=nm
MH,IA,156,VR,42,https://www.dhsprogram.com/customcf/legacy/data/download_dataset.cfm?Filename=MHVR42FL.zip&Tp=1&Ctry_Code=IA&surv_id=156&dm=1&dmode=nm
MN,IA,156,BR,42,https://www.dhsprogram.com/customcf/legacy/data/download_dataset.cfm?Filename=MNBR42FL.zip&Tp=1&Ctry_Code=IA&surv_id=156&dm=1&dmode=nm
MN,IA,50,HH,21,https://www.dhsprogram.com/customcf/legacy/data/download_dataset.cfm?Filename=MNHH21FL.zip&Tp=1&Ctry_Code=IA&surv_id=50&dm=1&dmode=nm
MN,IA,156,HR,42,https://www.dhsprogram.com/customcf/legacy/data/download_dataset.cfm?Filename=MNHR42FL.zip&Tp=1&Ctry_Code=IA&surv_id=156&dm=1&dmode=nm
MN,IA,156,HW,42,https://www.dhsprogram.com/customcf/legacy/data/download_dataset.cfm?Filename=MNHW42FL.zip&Tp=1&Ctry_Code=IA&surv_id=156&dm=1&dmode=nm
MN,IA,50,IQ,21,https://www.dhsprogram.com/customcf/legacy/data/download_dataset.cfm?Filename=MNIQ21FL.zip&Tp=1&Ctry_Code=IA&surv_id=50&dm=1&dmode=nm
MN,IA,156,IR,42,https://www.dhsprogram.com/customcf/legacy/data/download_dataset.cfm?Filename=MNIR42FL.zip&Tp=1&Ctry_Code=IA&surv_id=156&dm=1&dmode=nm
MN,IA,156,KR,42,https://www.dhsprogram.com/customcf/legacy/data/download_dataset.cfm?Filename=MNKR42FL.zip&Tp=1&Ctry_Code=IA&surv_id=156&dm=1&dmode=nm
MN,IA,156,VR,42,https://www.dhsprogram.com/customcf/legacy/data/download_dataset.cfm?Filename=MNVR42FL.zip&Tp=1&Ctry_Code=IA&surv_id=156&dm=1&dmode=nm
MP,IA,156,BR,42,https://www.dhsprogram.com/customcf/legacy/data/download_dataset.cfm?Filename=MPBR42FL.zip&Tp=1&Ctry_Code=IA&surv_id=156&dm=1&dmode=nm
MP,IA,50,HH,21,https://www.dhsprogram.com/customcf/legacy/data/download_dataset.cfm?Filename=MPHH21FL.zip&Tp=1&Ctry_Code=IA&surv_id=50&dm=1&dmode=nm
MP,IA,156,HR,42,https://www.dhsprogram.com/customcf/legacy/data/download_dataset.cfm?Filename=MPHR42FL.zip&Tp=1&Ctry_Code=IA&surv_id=156&dm=1&dmode=nm
MP,IA,156,HW,42,https://www.dhsprogram.com/customcf/legacy/data/download_dataset.cfm?Filename=MPHW42FL.zip&Tp=1&Ctry_Code=IA&surv_id=156&dm=1&dmode=nm
MP,IA,50,IQ,21,https://www.dhsprogram.com/customcf/legacy/data/download_dataset.cfm?Filename=MPIQ21FL.zip&Tp=1&Ctry_Code=IA&surv_id=50&dm=1&dmode=nm
MP,IA,156,IR,42,https://www.dhsprogram.com/customcf/legacy/data/download_dataset.cfm?Filename=MPIR42FL.zip&Tp=1&Ctry_Code=IA&surv_id=156&dm=1&dmode=nm
MP,IA,156,KR,42,https://www.dhsprogram.com/customcf/legacy/data/download_dataset.cfm?Filename=MPKR42FL.zip&Tp=1&Ctry_Code=IA&surv_id=156&dm=1&dmode=nm
MP,IA,156,VR,42,https://www.dhsprogram.com/customcf/legacy/data/download_dataset.cfm?Filename=MPVR42FL.zip&Tp=1&Ctry_Code=IA&surv_id=156&dm=1&dmode=nm
MZ,IA,156,BR,42,https://www.dhsprogram.com/customcf/legacy/data/download_dataset.cfm?Filename=MZBR42FL.zip&Tp=1&Ctry_Code=IA&surv_id=156&dm=1&dmode=nm
MZ,IA,50,HH,21,https://www.dhsprogram.com/customcf/legacy/data/download_dataset.cfm?Filename=MZHH21FL.zip&Tp=1&Ctry_Code=IA&surv_id=50&dm=1&dmode=nm
MZ,IA,156,HR,42,https://www.dhsprogram.com/customcf/legacy/data/download_dataset.cfm?Filename=MZHR42FL.zip&Tp=1&Ctry_Code=IA&surv_id=156&dm=1&dmode=nm
MZ,IA,156,HW,42,https://www.dhsprogram.com/customcf/legacy/data/download_dataset.cfm?Filename=MZHW42FL.zip&Tp=1&Ctry_Code=IA&surv_id=156&dm=1&dmode=nm
MZ,IA,50,IQ,21,https://www.dhsprogram.com/customcf/legacy/data/download_dataset.cfm?Filename=MZIQ21FL.zip&Tp=1&Ctry_Code=IA&surv_id=50&dm=1&dmode=nm
MZ,IA,156,IR,42,https://www.dhsprogram.com/customcf/legacy/data/download_dataset.cfm?Filename=MZIR42FL.zip&Tp=1&Ctry_Code=IA&surv_id=156&dm=1&dmode=nm
MZ,IA,156,KR,42,https://www.dhsprogram.com/customcf/legacy/data/download_dataset.cfm?Filename=MZKR42FL.zip&Tp=1&Ctry_Code=IA&surv_id=156&dm=1&dmode=nm
MZ,IA,156,VR,42,https://www.dhsprogram.com/customcf/legacy/data/download_dataset.cfm?Filename=MZVR42FL.zip&Tp=1&Ctry_Code=IA&surv_id=156&dm=1&dmode=nm
NA,IA,156,BR,42,https://www.dhsprogram.com/customcf/legacy/data/download_dataset.cfm?Filename=NABR42FL.zip&Tp=1&Ctry_Code=IA&surv_id=156&dm=1&dmode=nm
NA,IA,50,HH,21,https://www.dhsprogram.com/customcf/legacy/data/download_dataset.cfm?Filename=NAHH21FL.zip&Tp=1&Ctry_Code=IA&surv_id=50&dm=1&dmode=nm
NA,IA,156,HR,42,https://www.dhsprogram.com/customcf/legacy/data/download_dataset.cfm?Filename=NAHR42FL.zip&Tp=1&Ctry_Code=IA&surv_id=156&dm=1&dmode=nm
NA,IA,156,HW,42,https://www.dhsprogram.com/customcf/legacy/data/download_dataset.cfm?Filename=NAHW42FL.zip&Tp=1&Ctry_Code=IA&surv_id=156&dm=1&dmode=nm
NA,IA,50,IQ,21,https://www.dhsprogram.com/customcf/legacy/data/download_dataset.cfm?Filename=NAIQ21FL.zip&Tp=1&Ctry_Code=IA&surv_id=50&dm=1&dmode=nm
NA,IA,156,IR,42,https://www.dhsprogram.com/customcf/legacy/data/download_dataset.cfm?Filename=NAIR42FL.zip&Tp=1&Ctry_Code=IA&surv_id=156&dm=1&dmode=nm
NA,IA,156,KR,42,https://www.dhsprogram.com/customcf/legacy/data/download_dataset.cfm?Filename=NAKR42FL.zip&Tp=1&Ctry_Code=IA&surv_id=156&dm=1&dmode=nm
NA,IA,156,VR,42,https://www.dhsprogram.com/customcf/legacy/data/download_dataset.cfm?Filename=NAVR42FL.zip&Tp=1&Ctry_Code=IA&surv_id=156&dm=1&dmode=nm
OR,IA,156,BR,42,https://www.dhsprogram.com/customcf/legacy/data/download_dataset.cfm?Filename=ORBR42FL.zip&Tp=1&Ctry_Code=IA&surv_id=156&dm=1&dmode=nm
OR,IA,50,HH,21,https://www.dhsprogram.com/customcf/legacy/data/download_dataset.cfm?Filename=ORHH21FL.zip&Tp=1&Ctry_Code=IA&surv_id=50&dm=1&dmode=nm
OR,IA,156,HR,42,https://www.dhsprogram.com/customcf/legacy/data/download_dataset.cfm?Filename=ORHR42FL.zip&Tp=1&Ctry_Code=IA&surv_id=156&dm=1&dmode=nm
OR,IA,156,HW,42,https://www.dhsprogram.com/customcf/legacy/data/download_dataset.cfm?Filename=ORHW42FL.zip&Tp=1&Ctry_Code=IA&surv_id=156&dm=1&dmode=nm
OR,IA,50,IQ,21,https://www.dhsprogram.com/customcf/legacy/data/download_dataset.cfm?Filename=ORIQ21FL.zip&Tp=1&Ctry_Code=IA&surv_id=50&dm=1&dmode=nm
OR,IA,156,IR,42,https://www.dhsprogram.com/customcf/legacy/data/download_dataset.cfm?Filename=ORIR42FL.zip&Tp=1&Ctry_Code=IA&surv_id=156&dm=1&dmode=nm
OR,IA,156,KR,42,https://www.dhsprogram.com/customcf/legacy/data/download_dataset.cfm?Filename=ORKR42FL.zip&Tp=1&Ctry_Code=IA&surv_id=156&dm=1&dmode=nm
OR,IA,156,VR,42,https://www.dhsprogram.com/customcf/legacy/data/download_dataset.cfm?Filename=ORVR42FL.zip&Tp=1&Ctry_Code=IA&surv_id=156&dm=1&dmode=nm
PJ,IA,156,BR,42,https://www.dhsprogram.com/customcf/legacy/data/download_dataset.cfm?Filename=PJBR42FL.zip&Tp=1&Ctry_Code=IA&surv_id=156&dm=1&dmode=nm
PJ,IA,50,HH,21,https://www.dhsprogram.com/customcf/legacy/data/download_dataset.cfm?Filename=PJHH21FL.zip&Tp=1&Ctry_Code=IA&surv_id=50&dm=1&dmode=nm
PJ,IA,156,HR,42,https://www.dhsprogram.com/customcf/legacy/data/download_dataset.cfm?Filename=PJHR42FL.zip&Tp=1&Ctry_Code=IA&surv_id=156&dm=1&dmode=nm
PJ,IA,156,HW,42,https://www.dhsprogram.com/customcf/legacy/data/download_dataset.cfm?Filename=PJHW42FL.zip&Tp=1&Ctry_Code=IA&surv_id=156&dm=1&dmode=nm
PJ,IA,50,IQ,21,https://www.dhsprogram.com/customcf/legacy/data/download_dataset.cfm?Filename=PJIQ21FL.zip&Tp=1&Ctry_Code=IA&surv_id=50&dm=1&dmode=nm
PJ,IA,156,IR,42,https://www.dhsprogram.com/customcf/legacy/data/download_dataset.cfm?Filename=PJIR42FL.zip&Tp=1&Ctry_Code=IA&surv_id=156&dm=1&dmode=nm
PJ,IA,156,KR,42,https://www.dhsprogram.com/customcf/legacy/data/download_dataset.cfm?Filename=PJKR42FL.zip&Tp=1&Ctry_Code=IA&surv_id=156&dm=1&dmode=nm
PJ,IA,156,VR,42,https://www.dhsprogram.com/customcf/legacy/data/download_dataset.cfm?Filename=PJVR42FL.zip&Tp=1&Ctry_Code=IA&surv_id=156&dm=1&dmode=nm
RJ,IA,156,BR,42,https://www.dhsprogram.com/customcf/legacy/data/download_dataset.cfm?Filename=RJBR42FL.zip&Tp=1&Ctry_Code=IA&surv_id=156&dm=1&dmode=nm
RJ,IA,50,HH,21,https://www.dhsprogram.com/customcf/legacy/data/download_dataset.cfm?Filename=RJHH21FL.zip&Tp=1&Ctry_Code=IA&surv_id=50&dm=1&dmode=nm
RJ,IA,156,HR,42,https://www.dhsprogram.com/customcf/legacy/data/download_dataset.cfm?Filename=RJHR42FL.zip&Tp=1&Ctry_Code=IA&surv_id=156&dm=1&dmode=nm
RJ,IA,156,HW,42,https://www.dhsprogram.com/customcf/legacy/data/download_dataset.cfm?Filename=RJHW42FL.zip&Tp=1&Ctry_Code=IA&surv_id=156&dm=1&dmode=nm
RJ,IA,50,IQ,21,https://www.dhsprogram.com/customcf/legacy/data/download_dataset.cfm?Filename=RJIQ21FL.zip&Tp=1&Ctry_Code=IA&surv_id=50&dm=1&dmode=nm
RJ,IA,156,IR,42,https://www.dhsprogram.com/customcf/legacy/data/download_dataset.cfm?Filename=RJIR42FL.zip&Tp=1&Ctry_Code=IA&surv_id=156&dm=1&dmode=nm
RJ,IA,156,KR,42,https://www.dhsprogram.com/customcf/legacy/data/download_dataset.cfm?Filename=RJKR42FL.zip&Tp=1&Ctry_Code=IA&surv_id=156&dm=1&dmode=nm
RJ,IA,156,VR,42,https://www.dhsprogram.com/customcf/legacy/data/download_dataset.cfm?Filename=RJVR42FL.zip&Tp=1&Ctry_Code=IA&surv_id=156&dm=1&dmode=nm
SK,IA,156,BR,42,https://www.dhsprogram.com/customcf/legacy/data/download_dataset.cfm?Filename=SKBR42FL.zip&Tp=1&Ctry_Code=IA&surv_id=156&dm=1&dmode=nm
SK,IA,156,HR,42,https://www.dhsprogram.com/customcf/legacy/data/download_dataset.cfm?Filename=SKHR42FL.zip&Tp=1&Ctry_Code=IA&surv_id=156&dm=1&dmode=nm
SK,IA,156,HW,42,https://www.dhsprogram.com/customcf/legacy/data/download_dataset.cfm?Filename=SKHW42FL.zip&Tp=1&Ctry_Code=IA&surv_id=156&dm=1&dmode=nm
SK,IA,156,IR,42,https://www.dhsprogram.com/customcf/legacy/data/download_dataset.cfm?Filename=SKIR42FL.zip&Tp=1&Ctry_Code=IA&surv_id=156&dm=1&dmode=nm
SK,IA,156,KR,42,https://www.dhsprogram.com/customcf/legacy/data/download_dataset.cfm?Filename=SKKR42FL.zip&Tp=1&Ctry_Code=IA&surv_id=156&dm=1&dmode=nm
SK,IA,156,VR,42,https://www.dhsprogram.com/customcf/legacy/data/download_dataset.cfm?Filename=SKVR42FL.zip&Tp=1&Ctry_Code=IA&surv_id=156&dm=1&dmode=nm
TN,IA,156,BR,42,https://www.dhsprogram.com/customcf/legacy/data/download_dataset.cfm?Filename=TNBR42FL.zip&Tp=1&Ctry_Code=IA&surv_id=156&dm=1&dmode=nm
TN,IA,50,HH,21,https://www.dhsprogram.com/customcf/legacy/data/download_dataset.cfm?Filename=TNHH21FL.zip&Tp=1&Ctry_Code=IA&surv_id=50&dm=1&dmode=nm
TN,IA,156,HR,42,https://www.dhsprogram.com/customcf/legacy/data/download_dataset.cfm?Filename=TNHR42FL.zip&Tp=1&Ctry_Code=IA&surv_id=156&dm=1&dmode=nm
TN,IA,156,HW,42,https://www.dhsprogram.com/customcf/legacy/data/download_dataset.cfm?Filename=TNHW42FL.zip&Tp=1&Ctry_Code=IA&surv_id=156&dm=1&dmode=nm
TN,IA,50,IQ,21,https://www.dhsprogram.com/customcf/legacy/data/download_dataset.cfm?Filename=TNIQ21FL.zip&Tp=1&Ctry_Code=IA&surv_id=50&dm=1&dmode=nm
TN,IA,156,IR,42,https://www.dhsprogram.com/customcf/legacy/data/download_dataset.cfm?Filename=TNIR42FL.zip&Tp=1&Ctry_Code=IA&surv_id=156&dm=1&dmode=nm
TN,IA,156,KR,42,https://www.dhsprogram.com/customcf/legacy/data/download_dataset.cfm?Filename=TNKR42FL.zip&Tp=1&Ctry_Code=IA&surv_id=156&dm=1&dmode=nm
TN,IA,156,VR,42,https://www.dhsprogram.com/customcf/legacy/data/download_dataset.cfm?Filename=TNVR42FL.zip&Tp=1&Ctry_Code=IA&surv_id=156&dm=1&dmode=nm
TR,IA,156,BR,42,https://www.dhsprogram.com/customcf/legacy/data/download_dataset.cfm?Filename=TRBR42FL.zip&Tp=1&Ctry_Code=IA&surv_id=156&dm=1&dmode=nm
TR,IA,50,HH,21,https://www.dhsprogram.com/customcf/legacy/data/download_dataset.cfm?Filename=TRHH21FL.zip&Tp=1&Ctry_Code=IA&surv_id=50&dm=1&dmode=nm
TR,IA,156,HR,42,https://www.dhsprogram.com/customcf/legacy/data/download_dataset.cfm?Filename=TRHR42FL.zip&Tp=1&Ctry_Code=IA&surv_id=156&dm=1&dmode=nm
TR,IA,156,HW,42,https://www.dhsprogram.com/customcf/legacy/data/download_dataset.cfm?Filename=TRHW42FL.zip&Tp=1&Ctry_Code=IA&surv_id=156&dm=1&dmode=nm
TR,IA,50,IQ,21,https://www.dhsprogram.com/customcf/legacy/data/download_dataset.cfm?Filename=TRIQ21FL.zip&Tp=1&Ctry_Code=IA&surv_id=50&dm=1&dmode=nm
TR,IA,156,IR,42,https://www.dhsprogram.com/customcf/legacy/data/download_dataset.cfm?Filename=TRIR42FL.zip&Tp=1&Ctry_Code=IA&surv_id=156&dm=1&dmode=nm
TR,IA,156,KR,42,https://www.dhsprogram.com/customcf/legacy/data/download_dataset.cfm?Filename=TRKR42FL.zip&Tp=1&Ctry_Code=IA&surv_id=156&dm=1&dmode=nm
TR,IA,156,VR,42,https://www.dhsprogram.com/customcf/legacy/data/download_dataset.cfm?Filename=TRVR42FL.zip&Tp=1&Ctry_Code=IA&surv_id=156&dm=1&dmode=nm
UP,IA,156,BR,42,https://www.dhsprogram.com/customcf/legacy/data/download_dataset.cfm?Filename=UPBR42FL.zip&Tp=1&Ctry_Code=IA&surv_id=156&dm=1&dmode=nm
UP,IA,50,HH,21,https://www.dhsprogram.com/customcf/legacy/data/download_dataset.cfm?Filename=UPHH21FL.zip&Tp=1&Ctry_Code=IA&surv_id=50&dm=1&dmode=nm
UP,IA,156,HR,42,https://www.dhsprogram.com/customcf/legacy/data/download_dataset.cfm?Filename=UPHR42FL.zip&Tp=1&Ctry_Code=IA&surv_id=156&dm=1&dmode=nm
UP,IA,156,HW,42,https://www.dhsprogram.com/customcf/legacy/data/download_dataset.cfm?Filename=UPHW42FL.zip&Tp=1&Ctry_Code=IA&surv_id=156&dm=1&dmode=nm
UP,IA,50,IQ,21,https://www.dhsprogram.com/customcf/legacy/data/download_dataset.cfm?Filename=UPIQ21FL.zip&Tp=1&Ctry_Code=IA&surv_id=50&dm=1&dmode=nm
UP,IA,156,IR,42,https://www.dhsprogram.com/customcf/legacy/data/download_dataset.cfm?Filename=UPIR42FL.zip&Tp=1&Ctry_Code=IA&surv_id=156&dm=1&dmode=nm
UP,IA,156,KR,42,https://www.dhsprogram.com/customcf/legacy/data/download_dataset.cfm?Filename=UPKR42FL.zip&Tp=1&Ctry_Code=IA&surv_id=156&dm=1&dmode=nm
UP,IA,156,VR,42,https://www.dhsprogram.com/customcf/legacy/data/download_dataset.cfm?Filename=UPVR42FL.zip&Tp=1&Ctry_Code=IA&surv_id=156&dm=1&dmode=nm
WB,IA,156,BR,42,https://www.dhsprogram.com/customcf/legacy/data/download_dataset.cfm?Filename=WBBR42FL.zip&Tp=1&Ctry_Code=IA&surv_id=156&dm=1&dmode=nm
WB,IA,50,HH,21,https://www.dhsprogram.com/customcf/legacy/data/download_dataset.cfm?Filename=WBHH21FL.zip&Tp=1&Ctry_Code=IA&surv_id=50&dm=1&dmode=nm
WB,IA,156,HR,42,https://www.dhsprogram.com/customcf/legacy/data/download_dataset.cfm?Filename=WBHR42FL.zip&Tp=1&Ctry_Code=IA&surv_id=156&dm=1&dmode=nm
WB,IA,156,HW,42,https://www.dhsprogram.com/customcf/legacy/data/download_dataset.cfm?Filename=WBHW42FL.zip&Tp=1&Ctry_Code=IA&surv_id=156&dm=1&dmode=nm
WB,IA,50,IQ,21,https://www.dhsprogram.com/customcf/legacy/data/download_dataset.cfm?Filename=WBIQ21FL.zip&Tp=1&Ctry_Code=IA&surv_id=50&dm=1&dmode=nm
WB,IA,156,IR,42,https://www.dhsprogram.com/customcf/legacy/data/download_dataset.cfm?Filename=WBIR42FL.zip&Tp=1&Ctry_Code=IA&surv_id=156&dm=1&dmode=nm
WB,IA,156,KR,42,https://www.dhsprogram.com/customcf/legacy/data/download_dataset.cfm?Filename=WBKR42FL.zip&Tp=1&Ctry_Code=IA&surv_id=156&dm=1&dmode=nm
WB,IA,156,VR,42,https://www.dhsprogram.com/customcf/legacy/data/download_dataset.cfm?Filename=WBVR42FL.zip&Tp=1&Ctry_Code=IA&surv_id=156&dm=1&dmode=nm
IA,IA,355,GE,71,https://www.dhsprogram.com/customcf/legacy/data/download_dataset.cfm?Filename=IAGE71FL.zip&Tp=2&Ctry_Code=IA&surv_id=355&dm=1&dmode=cf
IA,IA,541,GE,7A,https://www.dhsprogram.com/customcf/legacy/data/download_dataset.cfm?Filename=IAGE7AFL.zip&Tp=2&Ctry_Code=IA&surv_id=541&dm=1&dmode=nm
ID,ID,14,BR,01,https://www.dhsprogram.com/customcf/legacy/data/download_dataset.cfm?Filename=IDBR01FL.zip&Tp=1&Ctry_Code=ID&surv_id=14&dm=1&dmode=nm
ID,ID,35,BR,21,https://www.dhsprogram.com/customcf/legacy/data/download_dataset.cfm?Filename=IDBR21FL.zip&Tp=1&Ctry_Code=ID&surv_id=35&dm=1&dmode=nm
ID,ID,63,BR,31,https://www.dhsprogram.com/customcf/legacy/data/download_dataset.cfm?Filename=IDBR31FL.zip&Tp=1&Ctry_Code=ID&surv_id=63&dm=1&dmode=nm
ID,ID,95,BR,3A,https://www.dhsprogram.com/customcf/legacy/data/download_dataset.cfm?Filename=IDBR3AFL.zip&Tp=1&Ctry_Code=ID&surv_id=95&dm=1&dmode=nm
ID,ID,172,BR,42,https://www.dhsprogram.com/customcf/legacy/data/download_dataset.cfm?Filename=IDBR42FL.zip&Tp=1&Ctry_Code=ID&surv_id=172&dm=1&dmode=nm
ID,ID,297,BR,51,https://www.dhsprogram.com/customcf/legacy/data/download_dataset.cfm?Filename=IDBR51FL.zip&Tp=1&Ctry_Code=ID&surv_id=297&dm=1&dmode=nm
ID,ID,357,BR,63,https://www.dhsprogram.com/customcf/legacy/data/download_dataset.cfm?Filename=IDBR63FL.zip&Tp=1&Ctry_Code=ID&surv_id=357&dm=1&dmode=nm
ID,ID,522,BR,71,https://www.dhsprogram.com/customcf/legacy/data/download_dataset.cfm?Filename=IDBR71FL.zip&Tp=1&Ctry_Code=ID&surv_id=522&dm=1&dmode=nm
ID,ID,172,CR,42,https://www.dhsprogram.com/customcf/legacy/data/download_dataset.cfm?Filename=IDCR42FL.zip&Tp=1&Ctry_Code=ID&surv_id=172&dm=1&dmode=nm
ID,ID,297,CR,51,https://www.dhsprogram.com/customcf/legacy/data/download_dataset.cfm?Filename=IDCR51FL.zip&Tp=1&Ctry_Code=ID&surv_id=297&dm=1&dmode=nm
ID,ID,357,CR,63,https://www.dhsprogram.com/customcf/legacy/data/download_dataset.cfm?Filename=IDCR63FL.zip&Tp=1&Ctry_Code=ID&surv_id=357&dm=1&dmode=nm
ID,ID,522,CR,71,https://www.dhsprogram.com/customcf/legacy/data/download_dataset.cfm?Filename=IDCR71FL.zip&Tp=1&Ctry_Code=ID&surv_id=522&dm=1&dmode=nm
ID,ID,14,HH,01,https://www.dhsprogram.com/customcf/legacy/data/download_dataset.cfm?Filename=IDHH01FL.zip&Tp=1&Ctry_Code=ID&surv_id=14&dm=1&dmode=nm
ID,ID,35,HR,21,https://www.dhsprogram.com/customcf/legacy/data/download_dataset.cfm?Filename=IDHR21FL.zip&Tp=1&Ctry_Code=ID&surv_id=35&dm=1&dmode=nm
ID,ID,63,HR,31,https://www.dhsprogram.com/customcf/legacy/data/download_dataset.cfm?Filename=IDHR31FL.zip&Tp=1&Ctry_Code=ID&surv_id=63&dm=1&dmode=nm
ID,ID,95,HR,3A,https://www.dhsprogram.com/customcf/legacy/data/download_dataset.cfm?Filename=IDHR3AFL.zip&Tp=1&Ctry_Code=ID&surv_id=95&dm=1&dmode=nm
ID,ID,172,HR,42,https://www.dhsprogram.com/customcf/legacy/data/download_dataset.cfm?Filename=IDHR42FL.zip&Tp=1&Ctry_Code=ID&surv_id=172&dm=1&dmode=nm
ID,ID,297,HR,51,https://www.dhsprogram.com/customcf/legacy/data/download_dataset.cfm?Filename=IDHR51FL.zip&Tp=1&Ctry_Code=ID&surv_id=297&dm=1&dmode=nm
ID,ID,357,HR,63,https://www.dhsprogram.com/customcf/legacy/data/download_dataset.cfm?Filename=IDHR63FL.zip&Tp=1&Ctry_Code=ID&surv_id=357&dm=1&dmode=nm
ID,ID,522,HR,71,https://www.dhsprogram.com/customcf/legacy/data/download_dataset.cfm?Filename=IDHR71FL.zip&Tp=1&Ctry_Code=ID&surv_id=522&dm=1&dmode=nm
ID,ID,14,IR,01,https://www.dhsprogram.com/customcf/legacy/data/download_dataset.cfm?Filename=IDIR01FL.zip&Tp=1&Ctry_Code=ID&surv_id=14&dm=1&dmode=nm
ID,ID,35,IR,21,https://www.dhsprogram.com/customcf/legacy/data/download_dataset.cfm?Filename=IDIR21FL.zip&Tp=1&Ctry_Code=ID&surv_id=35&dm=1&dmode=nm
ID,ID,63,IR,31,https://www.dhsprogram.com/customcf/legacy/data/download_dataset.cfm?Filename=IDIR31FL.zip&Tp=1&Ctry_Code=ID&surv_id=63&dm=1&dmode=nm
ID,ID,95,IR,3A,https://www.dhsprogram.com/customcf/legacy/data/download_dataset.cfm?Filename=IDIR3AFL.zip&Tp=1&Ctry_Code=ID&surv_id=95&dm=1&dmode=nm
ID,ID,172,IR,42,https://www.dhsprogram.com/customcf/legacy/data/download_dataset.cfm?Filename=IDIR42FL.zip&Tp=1&Ctry_Code=ID&surv_id=172&dm=1&dmode=nm
ID,ID,297,IR,51,https://www.dhsprogram.com/customcf/legacy/data/download_dataset.cfm?Filename=IDIR51FL.zip&Tp=1&Ctry_Code=ID&surv_id=297&dm=1&dmode=nm
ID,ID,357,IR,63,https://www.dhsprogram.com/customcf/legacy/data/download_dataset.cfm?Filename=IDIR63FL.zip&Tp=1&Ctry_Code=ID&surv_id=357&dm=1&dmode=nm
ID,ID,522,IR,71,https://www.dhsprogram.com/customcf/legacy/data/download_dataset.cfm?Filename=IDIR71FL.zip&Tp=1&Ctry_Code=ID&surv_id=522&dm=1&dmode=nm
ID,ID,14,KR,01,https://www.dhsprogram.com/customcf/legacy/data/download_dataset.cfm?Filename=IDKR01FL.zip&Tp=1&Ctry_Code=ID&surv_id=14&dm=1&dmode=nm
ID,ID,35,KR,21,https://www.dhsprogram.com/customcf/legacy/data/download_dataset.cfm?Filename=IDKR21FL.zip&Tp=1&Ctry_Code=ID&surv_id=35&dm=1&dmode=nm
ID,ID,63,KR,31,https://www.dhsprogram.com/customcf/legacy/data/download_dataset.cfm?Filename=IDKR31FL.zip&Tp=1&Ctry_Code=ID&surv_id=63&dm=1&dmode=nm
ID,ID,95,KR,3A,https://www.dhsprogram.com/customcf/legacy/data/download_dataset.cfm?Filename=IDKR3AFL.zip&Tp=1&Ctry_Code=ID&surv_id=95&dm=1&dmode=nm
ID,ID,172,KR,42,https://www.dhsprogram.com/customcf/legacy/data/download_dataset.cfm?Filename=IDKR42FL.zip&Tp=1&Ctry_Code=ID&surv_id=172&dm=1&dmode=nm
ID,ID,297,KR,51,https://www.dhsprogram.com/customcf/legacy/data/download_dataset.cfm?Filename=IDKR51FL.zip&Tp=1&Ctry_Code=ID&surv_id=297&dm=1&dmode=nm
ID,ID,357,KR,63,https://www.dhsprogram.com/customcf/legacy/data/download_dataset.cfm?Filename=IDKR63FL.zip&Tp=1&Ctry_Code=ID&surv_id=357&dm=1&dmode=nm
ID,ID,522,KR,71,https://www.dhsprogram.com/customcf/legacy/data/download_dataset.cfm?Filename=IDKR71FL.zip&Tp=1&Ctry_Code=ID&surv_id=522&dm=1&dmode=nm
ID,ID,172,MR,42,https://www.dhsprogram.com/customcf/legacy/data/download_dataset.cfm?Filename=IDMR42FL.zip&Tp=1&Ctry_Code=ID&surv_id=172&dm=1&dmode=nm
ID,ID,297,MR,51,https://www.dhsprogram.com/customcf/legacy/data/download_dataset.cfm?Filename=IDMR51FL.zip&Tp=1&Ctry_Code=ID&surv_id=297&dm=1&dmode=nm
ID,ID,357,MR,63,https://www.dhsprogram.com/customcf/legacy/data/download_dataset.cfm?Filename=IDMR63FL.zip&Tp=1&Ctry_Code=ID&surv_id=357&dm=1&dmode=nm
ID,ID,522,MR,71,https://www.dhsprogram.com/customcf/legacy/data/download_dataset.cfm?Filename=IDMR71FL.zip&Tp=1&Ctry_Code=ID&surv_id=522&dm=1&dmode=nm
ID,ID,221,OD,4A,https://www.dhsprogram.com/customcf/legacy/data/download_dataset.cfm?Filename=IDOD4AFL.zip&Tp=1&Ctry_Code=ID&surv_id=221&dm=1&dmode=nm
ID,ID,335,OD,5A,https://www.dhsprogram.com/customcf/legacy/data/download_dataset.cfm?Filename=IDOD5AFL.zip&Tp=1&Ctry_Code=ID&surv_id=335&dm=1&dmode=nm
ID,ID,460,OD,6C,https://www.dhsprogram.com/customcf/legacy/data/download_dataset.cfm?Filename=IDOD6CFL.zip&Tp=1&Ctry_Code=ID&surv_id=460&dm=1&dmode=nm
ID,ID,544,OD,7A,https://www.dhsprogram.com/customcf/legacy/data/download_dataset.cfm?Filename=IDOD7AFL.zip&Tp=1&Ctry_Code=ID&surv_id=544&dm=1&dmode=nm
ID,ID,35,PR,21,https://www.dhsprogram.com/customcf/legacy/data/download_dataset.cfm?Filename=IDPR21FL.zip&Tp=1&Ctry_Code=ID&surv_id=35&dm=1&dmode=nm
ID,ID,63,PR,31,https://www.dhsprogram.com/customcf/legacy/data/download_dataset.cfm?Filename=IDPR31FL.zip&Tp=1&Ctry_Code=ID&surv_id=63&dm=1&dmode=nm
ID,ID,95,PR,3A,https://www.dhsprogram.com/customcf/legacy/data/download_dataset.cfm?Filename=IDPR3AFL.zip&Tp=1&Ctry_Code=ID&surv_id=95&dm=1&dmode=nm
ID,ID,172,PR,42,https://www.dhsprogram.com/customcf/legacy/data/download_dataset.cfm?Filename=IDPR42FL.zip&Tp=1&Ctry_Code=ID&surv_id=172&dm=1&dmode=nm
ID,ID,297,PR,52,https://www.dhsprogram.com/customcf/legacy/data/download_dataset.cfm?Filename=IDPR52FL.zip&Tp=1&Ctry_Code=ID&surv_id=297&dm=1&dmode=nm
ID,ID,357,PR,63,https://www.dhsprogram.com/customcf/legacy/data/download_dataset.cfm?Filename=IDPR63FL.zip&Tp=1&Ctry_Code=ID&surv_id=357&dm=1&dmode=nm
ID,ID,522,PR,71,https://www.dhsprogram.com/customcf/legacy/data/download_dataset.cfm?Filename=IDPR71FL.zip&Tp=1&Ctry_Code=ID&surv_id=522&dm=1&dmode=nm
ID,ID,63,SQ,37,https://www.dhsprogram.com/customcf/legacy/data/download_dataset.cfm?Filename=IDSQ37FL.zip&Tp=1&Ctry_Code=ID&surv_id=63&dm=1&dmode=nm
ID,ID,95,WI,3A,https://www.dhsprogram.com/customcf/legacy/data/download_dataset.cfm?Filename=IDWI3AFL.zip&Tp=1&Ctry_Code=ID&surv_id=95&dm=1&dmode=nm
ID,ID,172,GE,43,https://www.dhsprogram.com/customcf/legacy/data/download_dataset.cfm?Filename=IDGE43FL.zip&Tp=2&Ctry_Code=ID&surv_id=172&dm=1&dmode=nm
JO,JO,31,BR,21,https://www.dhsprogram.com/customcf/legacy/data/download_dataset.cfm?Filename=JOBR21FL.zip&Tp=1&Ctry_Code=JO&surv_id=31&dm=1&dmode=nm
JO,JO,96,BR,31,https://www.dhsprogram.com/customcf/legacy/data/download_dataset.cfm?Filename=JOBR31FL.zip&Tp=1&Ctry_Code=JO&surv_id=96&dm=1&dmode=nm
JO,JO,208,BR,42,https://www.dhsprogram.com/customcf/legacy/data/download_dataset.cfm?Filename=JOBR42FL.zip&Tp=1&Ctry_Code=JO&surv_id=208&dm=1&dmode=nm
JO,JO,295,BR,51,https://www.dhsprogram.com/customcf/legacy/data/download_dataset.cfm?Filename=JOBR51FL.zip&Tp=1&Ctry_Code=JO&surv_id=295&dm=1&dmode=nm
JO,JO,336,BR,61,https://www.dhsprogram.com/customcf/legacy/data/download_dataset.cfm?Filename=JOBR61FL.zip&Tp=1&Ctry_Code=JO&surv_id=336&dm=1&dmode=nm
JO,JO,403,BR,6C,https://www.dhsprogram.com/customcf/legacy/data/download_dataset.cfm?Filename=JOBR6CFL.zip&Tp=1&Ctry_Code=JO&surv_id=403&dm=1&dmode=nm
JO,JO,500,BR,74,https://www.dhsprogram.com/customcf/legacy/data/download_dataset.cfm?Filename=JOBR74FL.zip&Tp=1&Ctry_Code=JO&surv_id=500&dm=1&dmode=nm
JO,JO,596,BR,81,https://www.dhsprogram.com/customcf/legacy/data/download_dataset.cfm?Filename=JOBR81FL.zip&Tp=1&Ctry_Code=JO&surv_id=596&dm=1&dmode=nm
JO,JO,500,CR,74,https://www.dhsprogram.com/customcf/legacy/data/download_dataset.cfm?Filename=JOCR74FL.zip&Tp=1&Ctry_Code=JO&surv_id=500&dm=1&dmode=nm
JO,JO,596,CR,81,https://www.dhsprogram.com/customcf/legacy/data/download_dataset.cfm?Filename=JOCR81FL.zip&Tp=1&Ctry_Code=JO&surv_id=596&dm=1&dmode=nm
JO,JO,31,HR,21,https://www.dhsprogram.com/customcf/legacy/data/download_dataset.cfm?Filename=JOHR21FL.zip&Tp=1&Ctry_Code=JO&surv_id=31&dm=1&dmode=nm
JO,JO,96,HR,31,https://www.dhsprogram.com/customcf/legacy/data/download_dataset.cfm?Filename=JOHR31FL.zip&Tp=1&Ctry_Code=JO&surv_id=96&dm=1&dmode=nm
JO,JO,208,HR,42,https://www.dhsprogram.com/customcf/legacy/data/download_dataset.cfm?Filename=JOHR42FL.zip&Tp=1&Ctry_Code=JO&surv_id=208&dm=1&dmode=nm
JO,JO,295,HR,51,https://www.dhsprogram.com/customcf/legacy/data/download_dataset.cfm?Filename=JOHR51FL.zip&Tp=1&Ctry_Code=JO&surv_id=295&dm=1&dmode=nm
JO,JO,336,HR,61,https://www.dhsprogram.com/customcf/legacy/data/download_dataset.cfm?Filename=JOHR61FL.zip&Tp=1&Ctry_Code=JO&surv_id=336&dm=1&dmode=nm
JO,JO,403,HR,6C,https://www.dhsprogram.com/customcf/legacy/data/download_dataset.cfm?Filename=JOHR6CFL.zip&Tp=1&Ctry_Code=JO&surv_id=403&dm=1&dmode=nm
JO,JO,500,HR,74,https://www.dhsprogram.com/customcf/legacy/data/download_dataset.cfm?Filename=JOHR74FL.zip&Tp=1&Ctry_Code=JO&surv_id=500&dm=1&dmode=nm
JO,JO,596,HR,81,https://www.dhsprogram.com/customcf/legacy/data/download_dataset.cfm?Filename=JOHR81FL.zip&Tp=1&Ctry_Code=JO&surv_id=596&dm=1&dmode=nm
JO,JO,31,HW,21,https://www.dhsprogram.com/customcf/legacy/data/download_dataset.cfm?Filename=JOHW21FL.zip&Tp=1&Ctry_Code=JO&surv_id=31&dm=1&dmode=nm
JO,JO,96,HW,31,https://www.dhsprogram.com/customcf/legacy/data/download_dataset.cfm?Filename=JOHW31FL.zip&Tp=1&Ctry_Code=JO&surv_id=96&dm=1&dmode=nm
JO,JO,208,HW,42,https://www.dhsprogram.com/customcf/legacy/data/download_dataset.cfm?Filename=JOHW42FL.zip&Tp=1&Ctry_Code=JO&surv_id=208&dm=1&dmode=nm
JO,JO,31,IR,21,https://www.dhsprogram.com/customcf/legacy/data/download_dataset.cfm?Filename=JOIR21FL.zip&Tp=1&Ctry_Code=JO&surv_id=31&dm=1&dmode=nm
JO,JO,96,IR,31,https://www.dhsprogram.com/customcf/legacy/data/download_dataset.cfm?Filename=JOIR31FL.zip&Tp=1&Ctry_Code=JO&surv_id=96&dm=1&dmode=nm
JO,JO,208,IR,42,https://www.dhsprogram.com/customcf/legacy/data/download_dataset.cfm?Filename=JOIR42FL.zip&Tp=1&Ctry_Code=JO&surv_id=208&dm=1&dmode=nm
JO,JO,295,IR,51,https://www.dhsprogram.com/customcf/legacy/data/download_dataset.cfm?Filename=JOIR51FL.zip&Tp=1&Ctry_Code=JO&surv_id=295&dm=1&dmode=nm
JO,JO,336,IR,61,https://www.dhsprogram.com/customcf/legacy/data/download_dataset.cfm?Filename=JOIR61FL.zip&Tp=1&Ctry_Code=JO&surv_id=336&dm=1&dmode=nm
JO,JO,403,IR,6C,https://www.dhsprogram.com/customcf/legacy/data/download_dataset.cfm?Filename=JOIR6CFL.zip&Tp=1&Ctry_Code=JO&surv_id=403&dm=1&dmode=nm
JO,JO,500,IR,74,https://www.dhsprogram.com/customcf/legacy/data/download_dataset.cfm?Filename=JOIR74FL.zip&Tp=1&Ctry_Code=JO&surv_id=500&dm=1&dmode=nm
JO,JO,596,IR,81,https://www.dhsprogram.com/customcf/legacy/data/download_dataset.cfm?Filename=JOIR81FL.zip&Tp=1&Ctry_Code=JO&surv_id=596&dm=1&dmode=nm
JO,JO,31,KR,21,https://www.dhsprogram.com/customcf/legacy/data/download_dataset.cfm?Filename=JOKR21FL.zip&Tp=1&Ctry_Code=JO&surv_id=31&dm=1&dmode=nm
JO,JO,96,KR,31,https://www.dhsprogram.com/customcf/legacy/data/download_dataset.cfm?Filename=JOKR31FL.zip&Tp=1&Ctry_Code=JO&surv_id=96&dm=1&dmode=nm
JO,JO,208,KR,42,https://www.dhsprogram.com/customcf/legacy/data/download_dataset.cfm?Filename=JOKR42FL.zip&Tp=1&Ctry_Code=JO&surv_id=208&dm=1&dmode=nm
JO,JO,295,KR,51,https://www.dhsprogram.com/customcf/legacy/data/download_dataset.cfm?Filename=JOKR51FL.zip&Tp=1&Ctry_Code=JO&surv_id=295&dm=1&dmode=nm
JO,JO,336,KR,61,https://www.dhsprogram.com/customcf/legacy/data/download_dataset.cfm?Filename=JOKR61FL.zip&Tp=1&Ctry_Code=JO&surv_id=336&dm=1&dmode=nm
JO,JO,403,KR,6C,https://www.dhsprogram.com/customcf/legacy/data/download_dataset.cfm?Filename=JOKR6CFL.zip&Tp=1&Ctry_Code=JO&surv_id=403&dm=1&dmode=nm
JO,JO,500,KR,74,https://www.dhsprogram.com/customcf/legacy/data/download_dataset.cfm?Filename=JOKR74FL.zip&Tp=1&Ctry_Code=JO&surv_id=500&dm=1&dmode=nm
JO,JO,596,KR,81,https://www.dhsprogram.com/customcf/legacy/data/download_dataset.cfm?Filename=JOKR81FL.zip&Tp=1&Ctry_Code=JO&surv_id=596&dm=1&dmode=nm
JO,JO,500,MR,71,https://www.dhsprogram.com/customcf/legacy/data/download_dataset.cfm?Filename=JOMR71FL.zip&Tp=1&Ctry_Code=JO&surv_id=500&dm=1&dmode=nm
JO,JO,596,MR,81,https://www.dhsprogram.com/customcf/legacy/data/download_dataset.cfm?Filename=JOMR81FL.zip&Tp=1&Ctry_Code=JO&surv_id=596&dm=1&dmode=nm
JO,JO,31,PR,21,https://www.dhsprogram.com/customcf/legacy/data/download_dataset.cfm?Filename=JOPR21FL.zip&Tp=1&Ctry_Code=JO&surv_id=31&dm=1&dmode=nm
JO,JO,96,PR,31,https://www.dhsprogram.com/customcf/legacy/data/download_dataset.cfm?Filename=JOPR31FL.zip&Tp=1&Ctry_Code=JO&surv_id=96&dm=1&dmode=nm
JO,JO,208,PR,42,https://www.dhsprogram.com/customcf/legacy/data/download_dataset.cfm?Filename=JOPR42FL.zip&Tp=1&Ctry_Code=JO&surv_id=208&dm=1&dmode=nm
JO,JO,295,PR,51,https://www.dhsprogram.com/customcf/legacy/data/download_dataset.cfm?Filename=JOPR51FL.zip&Tp=1&Ctry_Code=JO&surv_id=295&dm=1&dmode=nm
JO,JO,336,PR,61,https://www.dhsprogram.com/customcf/legacy/data/download_dataset.cfm?Filename=JOPR61FL.zip&Tp=1&Ctry_Code=JO&surv_id=336&dm=1&dmode=nm
JO,JO,403,PR,6C,https://www.dhsprogram.com/customcf/legacy/data/download_dataset.cfm?Filename=JOPR6CFL.zip&Tp=1&Ctry_Code=JO&surv_id=403&dm=1&dmode=nm
JO,JO,500,PR,74,https://www.dhsprogram.com/customcf/legacy/data/download_dataset.cfm?Filename=JOPR74FL.zip&Tp=1&Ctry_Code=JO&surv_id=500&dm=1&dmode=nm
JO,JO,596,PR,81,https://www.dhsprogram.com/customcf/legacy/data/download_dataset.cfm?Filename=JOPR81FL.zip&Tp=1&Ctry_Code=JO&surv_id=596&dm=1&dmode=nm
JO,JO,31,SQ,22,https://www.dhsprogram.com/customcf/legacy/data/download_dataset.cfm?Filename=JOSQ22FL.zip&Tp=1&Ctry_Code=JO&surv_id=31&dm=1&dmode=nm
JO,JO,31,WI,21,https://www.dhsprogram.com/customcf/legacy/data/download_dataset.cfm?Filename=JOWI21FL.zip&Tp=1&Ctry_Code=JO&surv_id=31&dm=1&dmode=nm
JO,JO,96,WI,31,https://www.dhsprogram.com/customcf/legacy/data/download_dataset.cfm?Filename=JOWI31FL.zip&Tp=1&Ctry_Code=JO&surv_id=96&dm=1&dmode=nm
JO,JO,208,WI,41,https://www.dhsprogram.com/customcf/legacy/data/download_dataset.cfm?Filename=JOWI41FL.zip&Tp=1&Ctry_Code=JO&surv_id=208&dm=1&dmode=nm
JO,JO,208,GE,43,https://www.dhsprogram.com/customcf/legacy/data/download_dataset.cfm?Filename=JOGE43FL.zip&Tp=2&Ctry_Code=JO&surv_id=208&dm=1&dmode=nm
JO,JO,295,GE,52,https://www.dhsprogram.com/customcf/legacy/data/download_dataset.cfm?Filename=JOGE52FL.zip&Tp=2&Ctry_Code=JO&surv_id=295&dm=1&dmode=nm
JO,JO,403,GE,6A,https://www.dhsprogram.com/customcf/legacy/data/download_dataset.cfm?Filename=JOGE6AFL.zip&Tp=2&Ctry_Code=JO&surv_id=403&dm=1&dmode=nm
JO,JO,500,GE,71,https://www.dhsprogram.com/customcf/legacy/data/download_dataset.cfm?Filename=JOGE71FL.zip&Tp=2&Ctry_Code=JO&surv_id=500&dm=1&dmode=nm
JO,JO,596,GE,81,https://www.dhsprogram.com/customcf/legacy/data/download_dataset.cfm?Filename=JOGE81FL.zip&Tp=2&Ctry_Code=JO&surv_id=596&dm=1&dmode=nm
KK,KK,74,BR,31,https://www.dhsprogram.com/customcf/legacy/data/download_dataset.cfm?Filename=KKBR31FL.zip&Tp=1&Ctry_Code=KK&surv_id=74&dm=1&dmode=nm
KK,KK,157,BR,42,https://www.dhsprogram.com/customcf/legacy/data/download_dataset.cfm?Filename=KKBR42FL.zip&Tp=1&Ctry_Code=KK&surv_id=157&dm=1&dmode=nm
KK,KK,157,CR,42,https://www.dhsprogram.com/customcf/legacy/data/download_dataset.cfm?Filename=KKCR42FL.zip&Tp=1&Ctry_Code=KK&surv_id=157&dm=1&dmode=nm
KK,KK,74,HR,31,https://www.dhsprogram.com/customcf/legacy/data/download_dataset.cfm?Filename=KKHR31FL.zip&Tp=1&Ctry_Code=KK&surv_id=74&dm=1&dmode=nm
KK,KK,157,HR,42,https://www.dhsprogram.com/customcf/legacy/data/download_dataset.cfm?Filename=KKHR42FL.zip&Tp=1&Ctry_Code=KK&surv_id=157&dm=1&dmode=nm
KK,KK,74,HW,31,https://www.dhsprogram.com/customcf/legacy/data/download_dataset.cfm?Filename=KKHW31FL.zip&Tp=1&Ctry_Code=KK&surv_id=74&dm=1&dmode=nm
KK,KK,157,HW,41,https://www.dhsprogram.com/customcf/legacy/data/download_dataset.cfm?Filename=KKHW41FL.zip&Tp=1&Ctry_Code=KK&surv_id=157&dm=1&dmode=nm
KK,KK,74,IR,31,https://www.dhsprogram.com/customcf/legacy/data/download_dataset.cfm?Filename=KKIR31FL.zip&Tp=1&Ctry_Code=KK&surv_id=74&dm=1&dmode=nm
KK,KK,157,IR,42,https://www.dhsprogram.com/customcf/legacy/data/download_dataset.cfm?Filename=KKIR42FL.zip&Tp=1&Ctry_Code=KK&surv_id=157&dm=1&dmode=nm
KK,KK,74,KR,31,https://www.dhsprogram.com/customcf/legacy/data/download_dataset.cfm?Filename=KKKR31FL.zip&Tp=1&Ctry_Code=KK&surv_id=74&dm=1&dmode=nm
KK,KK,157,KR,42,https://www.dhsprogram.com/customcf/legacy/data/download_dataset.cfm?Filename=KKKR42FL.zip&Tp=1&Ctry_Code=KK&surv_id=157&dm=1&dmode=nm
KK,KK,157,MR,41,https://www.dhsprogram.com/customcf/legacy/data/download_dataset.cfm?Filename=KKMR41FL.zip&Tp=1&Ctry_Code=KK&surv_id=157&dm=1&dmode=nm
KK,KK,74,PR,31,https://www.dhsprogram.com/customcf/legacy/data/download_dataset.cfm?Filename=KKPR31FL.zip&Tp=1&Ctry_Code=KK&surv_id=74&dm=1&dmode=nm
KK,KK,157,PR,42,https://www.dhsprogram.com/customcf/legacy/data/download_dataset.cfm?Filename=KKPR42FL.zip&Tp=1&Ctry_Code=KK&surv_id=157&dm=1&dmode=nm
KK,KK,74,WI,31,https://www.dhsprogram.com/customcf/legacy/data/download_dataset.cfm?Filename=KKWI31FL.zip&Tp=1&Ctry_Code=KK&surv_id=74&dm=1&dmode=nm
KK,KK,157,WI,42,https://www.dhsprogram.com/customcf/legacy/data/download_dataset.cfm?Filename=KKWI42FL.zip&Tp=1&Ctry_Code=KK&surv_id=157&dm=1&dmode=nm
KE,KE,20,BR,03,https://www.dhsprogram.com/customcf/legacy/data/download_dataset.cfm?Filename=KEBR03FL.zip&Tp=1&Ctry_Code=KE&surv_id=20&dm=1&dmode=nm
KE,KE,56,BR,33,https://www.dhsprogram.com/customcf/legacy/data/download_dataset.cfm?Filename=KEBR33FL.zip&Tp=1&Ctry_Code=KE&surv_id=56&dm=1&dmode=nm
KE,KE,115,BR,3A,https://www.dhsprogram.com/customcf/legacy/data/download_dataset.cfm?Filename=KEBR3AFL.zip&Tp=1&Ctry_Code=KE&surv_id=115&dm=1&dmode=nm
KE,KE,216,BR,42,https://www.dhsprogram.com/customcf/legacy/data/download_dataset.cfm?Filename=KEBR42FL.zip&Tp=1&Ctry_Code=KE&surv_id=216&dm=1&dmode=nm
KE,KE,300,BR,52,https://www.dhsprogram.com/customcf/legacy/data/download_dataset.cfm?Filename=KEBR52FL.zip&Tp=1&Ctry_Code=KE&surv_id=300&dm=1&dmode=nm
KE,KE,451,BR,72,https://www.dhsprogram.com/customcf/legacy/data/download_dataset.cfm?Filename=KEBR72FL.zip&Tp=1&Ctry_Code=KE&surv_id=451&dm=1&dmode=nm
KE,KE,566,BR,8C,https://www.dhsprogram.com/customcf/legacy/data/download_dataset.cfm?Filename=KEBR8CFL.zip&Tp=1&Ctry_Code=KE&surv_id=566&dm=1&dmode=nm
KE,KE,56,CR,32,https://www.dhsprogram.com/customcf/legacy/data/download_dataset.cfm?Filename=KECR32FL.zip&Tp=1&Ctry_Code=KE&surv_id=56&dm=1&dmode=nm
KE,KE,115,CR,3A,https://www.dhsprogram.com/customcf/legacy/data/download_dataset.cfm?Filename=KECR3AFL.zip&Tp=1&Ctry_Code=KE&surv_id=115&dm=1&dmode=nm
KE,KE,216,CR,42,https://www.dhsprogram.com/customcf/legacy/data/download_dataset.cfm?Filename=KECR42FL.zip&Tp=1&Ctry_Code=KE&surv_id=216&dm=1&dmode=nm
KE,KE,300,CR,52,https://www.dhsprogram.com/customcf/legacy/data/download_dataset.cfm?Filename=KECR52FL.zip&Tp=1&Ctry_Code=KE&surv_id=300&dm=1&dmode=nm
KE,KE,451,CR,72,https://www.dhsprogram.com/customcf/legacy/data/download_dataset.cfm?Filename=KECR72FL.zip&Tp=1&Ctry_Code=KE&surv_id=451&dm=1&dmode=nm
KE,KE,566,CR,8C,https://www.dhsprogram.com/customcf/legacy/data/download_dataset.cfm?Filename=KECR8CFL.zip&Tp=1&Ctry_Code=KE&surv_id=566&dm=1&dmode=nm
KE,KE,20,HH,01,https://www.dhsprogram.com/customcf/legacy/data/download_dataset.cfm?Filename=KEHH01FL.zip&Tp=1&Ctry_Code=KE&surv_id=20&dm=1&dmode=nm
KE,KE,56,HR,33,https://www.dhsprogram.com/customcf/legacy/data/download_dataset.cfm?Filename=KEHR33FL.zip&Tp=1&Ctry_Code=KE&surv_id=56&dm=1&dmode=nm
KE,KE,115,HR,3A,https://www.dhsprogram.com/customcf/legacy/data/download_dataset.cfm?Filename=KEHR3AFL.zip&Tp=1&Ctry_Code=KE&surv_id=115&dm=1&dmode=nm
KE,KE,216,HR,42,https://www.dhsprogram.com/customcf/legacy/data/download_dataset.cfm?Filename=KEHR42FL.zip&Tp=1&Ctry_Code=KE&surv_id=216&dm=1&dmode=nm
KE,KE,300,HR,52,https://www.dhsprogram.com/customcf/legacy/data/download_dataset.cfm?Filename=KEHR52FL.zip&Tp=1&Ctry_Code=KE&surv_id=300&dm=1&dmode=nm
KE,KE,451,HR,72,https://www.dhsprogram.com/customcf/legacy/data/download_dataset.cfm?Filename=KEHR72FL.zip&Tp=1&Ctry_Code=KE&surv_id=451&dm=1&dmode=nm
KE,KE,493,HR,7A,https://www.dhsprogram.com/customcf/legacy/data/download_dataset.cfm?Filename=KEHR7AFL.zip&Tp=1&Ctry_Code=KE&surv_id=493&dm=1&dmode=nm
KE,KE,579,HR,81,https://www.dhsprogram.com/customcf/legacy/data/download_dataset.cfm?Filename=KEHR81FL.zip&Tp=1&Ctry_Code=KE&surv_id=579&dm=1&dmode=nm
KE,KE,566,HR,8C,https://www.dhsprogram.com/customcf/legacy/data/download_dataset.cfm?Filename=KEHR8CFL.zip&Tp=1&Ctry_Code=KE&surv_id=566&dm=1&dmode=nm
KE,KE,56,HW,33,https://www.dhsprogram.com/customcf/legacy/data/download_dataset.cfm?Filename=KEHW33FL.zip&Tp=1&Ctry_Code=KE&surv_id=56&dm=1&dmode=nm
KE,KE,115,HW,3A,https://www.dhsprogram.com/customcf/legacy/data/download_dataset.cfm?Filename=KEHW3AFL.zip&Tp=1&Ctry_Code=KE&surv_id=115&dm=1&dmode=nm
KE,KE,216,HW,41,https://www.dhsprogram.com/customcf/legacy/data/download_dataset.cfm?Filename=KEHW41FL.zip&Tp=1&Ctry_Code=KE&surv_id=216&dm=1&dmode=nm
KE,KE,20,IR,03,https://www.dhsprogram.com/customcf/legacy/data/download_dataset.cfm?Filename=KEIR03FL.zip&Tp=1&Ctry_Code=KE&surv_id=20&dm=1&dmode=nm
KE,KE,56,IR,33,https://www.dhsprogram.com/customcf/legacy/data/download_dataset.cfm?Filename=KEIR33FL.zip&Tp=1&Ctry_Code=KE&surv_id=56&dm=1&dmode=nm
KE,KE,115,IR,3A,https://www.dhsprogram.com/customcf/legacy/data/download_dataset.cfm?Filename=KEIR3AFL.zip&Tp=1&Ctry_Code=KE&surv_id=115&dm=1&dmode=nm
KE,KE,216,IR,42,https://www.dhsprogram.com/customcf/legacy/data/download_dataset.cfm?Filename=KEIR42FL.zip&Tp=1&Ctry_Code=KE&surv_id=216&dm=1&dmode=nm
KE,KE,300,IR,52,https://www.dhsprogram.com/customcf/legacy/data/download_dataset.cfm?Filename=KEIR52FL.zip&Tp=1&Ctry_Code=KE&surv_id=300&dm=1&dmode=nm
KE,KE,451,IR,72,https://www.dhsprogram.com/customcf/legacy/data/download_dataset.cfm?Filename=KEIR72FL.zip&Tp=1&Ctry_Code=KE&surv_id=451&dm=1&dmode=nm
KE,KE,493,IR,7A,https://www.dhsprogram.com/customcf/legacy/data/download_dataset.cfm?Filename=KEIR7AFL.zip&Tp=1&Ctry_Code=KE&surv_id=493&dm=1&dmode=nm
KE,KE,579,IR,81,https://www.dhsprogram.com/customcf/legacy/data/download_dataset.cfm?Filename=KEIR81FL.zip&Tp=1&Ctry_Code=KE&surv_id=579&dm=1&dmode=nm
KE,KE,566,IR,8C,https://www.dhsprogram.com/customcf/legacy/data/download_dataset.cfm?Filename=KEIR8CFL.zip&Tp=1&Ctry_Code=KE&surv_id=566&dm=1&dmode=nm
KE,KE,20,KR,01,https://www.dhsprogram.com/customcf/legacy/data/download_dataset.cfm?Filename=KEKR01FL.zip&Tp=1&Ctry_Code=KE&surv_id=20&dm=1&dmode=nm
KE,KE,56,KR,31,https://www.dhsprogram.com/customcf/legacy/data/download_dataset.cfm?Filename=KEKR31FL.zip&Tp=1&Ctry_Code=KE&surv_id=56&dm=1&dmode=nm
KE,KE,115,KR,3A,https://www.dhsprogram.com/customcf/legacy/data/download_dataset.cfm?Filename=KEKR3AFL.zip&Tp=1&Ctry_Code=KE&surv_id=115&dm=1&dmode=nm
KE,KE,216,KR,42,https://www.dhsprogram.com/customcf/legacy/data/download_dataset.cfm?Filename=KEKR42FL.zip&Tp=1&Ctry_Code=KE&surv_id=216&dm=1&dmode=nm
KE,KE,300,KR,52,https://www.dhsprogram.com/customcf/legacy/data/download_dataset.cfm?Filename=KEKR52FL.zip&Tp=1&Ctry_Code=KE&surv_id=300&dm=1&dmode=nm
KE,KE,451,KR,72,https://www.dhsprogram.com/customcf/legacy/data/download_dataset.cfm?Filename=KEKR72FL.zip&Tp=1&Ctry_Code=KE&surv_id=451&dm=1&dmode=nm
KE,KE,493,KR,7A,https://www.dhsprogram.com/customcf/legacy/data/download_dataset.cfm?Filename=KEKR7AFL.zip&Tp=1&Ctry_Code=KE&surv_id=493&dm=1&dmode=nm
KE,KE,579,KR,81,https://www.dhsprogram.com/customcf/legacy/data/download_dataset.cfm?Filename=KEKR81FL.zip&Tp=1&Ctry_Code=KE&surv_id=579&dm=1&dmode=nm
KE,KE,566,KR,8C,https://www.dhsprogram.com/customcf/legacy/data/download_dataset.cfm?Filename=KEKR8CFL.zip&Tp=1&Ctry_Code=KE&surv_id=566&dm=1&dmode=nm
KE,KE,56,MR,32,https://www.dhsprogram.com/customcf/legacy/data/download_dataset.cfm?Filename=KEMR32FL.zip&Tp=1&Ctry_Code=KE&surv_id=56&dm=1&dmode=nm
KE,KE,115,MR,3A,https://www.dhsprogram.com/customcf/legacy/data/download_dataset.cfm?Filename=KEMR3AFL.zip&Tp=1&Ctry_Code=KE&surv_id=115&dm=1&dmode=nm
KE,KE,216,MR,42,https://www.dhsprogram.com/customcf/legacy/data/download_dataset.cfm?Filename=KEMR42FL.zip&Tp=1&Ctry_Code=KE&surv_id=216&dm=1&dmode=nm
KE,KE,300,MR,52,https://www.dhsprogram.com/customcf/legacy/data/download_dataset.cfm?Filename=KEMR52FL.zip&Tp=1&Ctry_Code=KE&surv_id=300&dm=1&dmode=nm
KE,KE,451,MR,72,https://www.dhsprogram.com/customcf/legacy/data/download_dataset.cfm?Filename=KEMR72FL.zip&Tp=1&Ctry_Code=KE&surv_id=451&dm=1&dmode=nm
KE,KE,566,MR,8C,https://www.dhsprogram.com/customcf/legacy/data/download_dataset.cfm?Filename=KEMR8CFL.zip&Tp=1&Ctry_Code=KE&surv_id=566&dm=1&dmode=nm
KE,KE,56,PR,33,https://www.dhsprogram.com/customcf/legacy/data/download_dataset.cfm?Filename=KEPR33FL.zip&Tp=1&Ctry_Code=KE&surv_id=56&dm=1&dmode=nm
KE,KE,115,PR,3A,https://www.dhsprogram.com/customcf/legacy/data/download_dataset.cfm?Filename=KEPR3AFL.zip&Tp=1&Ctry_Code=KE&surv_id=115&dm=1&dmode=nm
KE,KE,216,PR,42,https://www.dhsprogram.com/customcf/legacy/data/download_dataset.cfm?Filename=KEPR42FL.zip&Tp=1&Ctry_Code=KE&surv_id=216&dm=1&dmode=nm
KE,KE,300,PR,52,https://www.dhsprogram.com/customcf/legacy/data/download_dataset.cfm?Filename=KEPR52FL.zip&Tp=1&Ctry_Code=KE&surv_id=300&dm=1&dmode=nm
KE,KE,451,PR,72,https://www.dhsprogram.com/customcf/legacy/data/download_dataset.cfm?Filename=KEPR72FL.zip&Tp=1&Ctry_Code=KE&surv_id=451&dm=1&dmode=nm
KE,KE,493,PR,7A,https://www.dhsprogram.com/customcf/legacy/data/download_dataset.cfm?Filename=KEPR7AFL.zip&Tp=1&Ctry_Code=KE&surv_id=493&dm=1&dmode=nm
KE,KE,579,PR,81,https://www.dhsprogram.com/customcf/legacy/data/download_dataset.cfm?Filename=KEPR81FL.zip&Tp=1&Ctry_Code=KE&surv_id=579&dm=1&dmode=nm
KE,KE,566,PR,8C,https://www.dhsprogram.com/customcf/legacy/data/download_dataset.cfm?Filename=KEPR8CFL.zip&Tp=1&Ctry_Code=KE&surv_id=566&dm=1&dmode=nm
KE,KE,56,SQ,30,https://www.dhsprogram.com/customcf/legacy/data/download_dataset.cfm?Filename=KESQ30FL.zip&Tp=1&Ctry_Code=KE&surv_id=56&dm=1&dmode=nm
KE,KE,56,WI,31,https://www.dhsprogram.com/customcf/legacy/data/download_dataset.cfm?Filename=KEWI31FL.zip&Tp=1&Ctry_Code=KE&surv_id=56&dm=1&dmode=nm
KE,KE,115,WI,3A,https://www.dhsprogram.com/customcf/legacy/data/download_dataset.cfm?Filename=KEWI3AFL.zip&Tp=1&Ctry_Code=KE&surv_id=115&dm=1&dmode=nm
KE,KE,216,GE,43,https://www.dhsprogram.com/customcf/legacy/data/download_dataset.cfm?Filename=KEGE43FL.zip&Tp=2&Ctry_Code=KE&surv_id=216&dm=1&dmode=nm
KE,KE,300,GE,52,https://www.dhsprogram.com/customcf/legacy/data/download_dataset.cfm?Filename=KEGE52FL.zip&Tp=2&Ctry_Code=KE&surv_id=300&dm=1&dmode=nm
KE,KE,451,GE,71,https://www.dhsprogram.com/customcf/legacy/data/download_dataset.cfm?Filename=KEGE71FL.zip&Tp=2&Ctry_Code=KE&surv_id=451&dm=1&dmode=nm
KE,KE,493,GE,7A,https://www.dhsprogram.com/customcf/legacy/data/download_dataset.cfm?Filename=KEGE7AFL.zip&Tp=2&Ctry_Code=KE&surv_id=493&dm=1&dmode=nm
KE,KE,579,GE,81,https://www.dhsprogram.com/customcf/legacy/data/download_dataset.cfm?Filename=KEGE81FL.zip&Tp=2&Ctry_Code=KE&surv_id=579&dm=1&dmode=nm
KE,KE,566,GE,8A,https://www.dhsprogram.com/customcf/legacy/data/download_dataset.cfm?Filename=KEGE8AFL.zip&Tp=2&Ctry_Code=KE&surv_id=566&dm=1&dmode=nm
KY,KY,109,BR,31,https://www.dhsprogram.com/customcf/legacy/data/download_dataset.cfm?Filename=KYBR31FL.zip&Tp=1&Ctry_Code=KY&surv_id=109&dm=1&dmode=nm
KY,KY,383,BR,61,https://www.dhsprogram.com/customcf/legacy/data/download_dataset.cfm?Filename=KYBR61FL.zip&Tp=1&Ctry_Code=KY&surv_id=383&dm=1&dmode=nm
KY,KY,383,CR,61,https://www.dhsprogram.com/customcf/legacy/data/download_dataset.cfm?Filename=KYCR61FL.zip&Tp=1&Ctry_Code=KY&surv_id=383&dm=1&dmode=nm
KY,KY,109,HR,31,https://www.dhsprogram.com/customcf/legacy/data/download_dataset.cfm?Filename=KYHR31FL.zip&Tp=1&Ctry_Code=KY&surv_id=109&dm=1&dmode=nm
KY,KY,383,HR,61,https://www.dhsprogram.com/customcf/legacy/data/download_dataset.cfm?Filename=KYHR61FL.zip&Tp=1&Ctry_Code=KY&surv_id=383&dm=1&dmode=nm
KY,KY,109,HW,31,https://www.dhsprogram.com/customcf/legacy/data/download_dataset.cfm?Filename=KYHW31FL.zip&Tp=1&Ctry_Code=KY&surv_id=109&dm=1&dmode=nm
KY,KY,109,IR,31,https://www.dhsprogram.com/customcf/legacy/data/download_dataset.cfm?Filename=KYIR31FL.zip&Tp=1&Ctry_Code=KY&surv_id=109&dm=1&dmode=nm
KY,KY,383,IR,61,https://www.dhsprogram.com/customcf/legacy/data/download_dataset.cfm?Filename=KYIR61FL.zip&Tp=1&Ctry_Code=KY&surv_id=383&dm=1&dmode=nm
KY,KY,109,KR,31,https://www.dhsprogram.com/customcf/legacy/data/download_dataset.cfm?Filename=KYKR31FL.zip&Tp=1&Ctry_Code=KY&surv_id=109&dm=1&dmode=nm
KY,KY,383,KR,61,https://www.dhsprogram.com/customcf/legacy/data/download_dataset.cfm?Filename=KYKR61FL.zip&Tp=1&Ctry_Code=KY&surv_id=383&dm=1&dmode=nm
KY,KY,383,MR,61,https://www.dhsprogram.com/customcf/legacy/data/download_dataset.cfm?Filename=KYMR61FL.zip&Tp=1&Ctry_Code=KY&surv_id=383&dm=1&dmode=nm
KY,KY,109,PR,31,https://www.dhsprogram.com/customcf/legacy/data/download_dataset.cfm?Filename=KYPR31FL.zip&Tp=1&Ctry_Code=KY&surv_id=109&dm=1&dmode=nm
KY,KY,383,PR,61,https://www.dhsprogram.com/customcf/legacy/data/download_dataset.cfm?Filename=KYPR61FL.zip&Tp=1&Ctry_Code=KY&surv_id=383&dm=1&dmode=nm
KY,KY,109,WI,31,https://www.dhsprogram.com/customcf/legacy/data/download_dataset.cfm?Filename=KYWI31FL.zip&Tp=1&Ctry_Code=KY&surv_id=109&dm=1&dmode=nm
KY,KY,383,GE,61,https://www.dhsprogram.com/customcf/legacy/data/download_dataset.cfm?Filename=KYGE61FL.zip&Tp=2&Ctry_Code=KY&surv_id=383&dm=1&dmode=nm
LS,LS,256,BR,41,https://www.dhsprogram.com/customcf/legacy/data/download_dataset.cfm?Filename=LSBR41FL.zip&Tp=1&Ctry_Code=LS&surv_id=256&dm=1&dmode=nm
LS,LS,317,BR,61,https://www.dhsprogram.com/customcf/legacy/data/download_dataset.cfm?Filename=LSBR61FL.zip&Tp=1&Ctry_Code=LS&surv_id=317&dm=1&dmode=nm
LS,LS,462,BR,71,https://www.dhsprogram.com/customcf/legacy/data/download_dataset.cfm?Filename=LSBR71FL.zip&Tp=1&Ctry_Code=LS&surv_id=462&dm=1&dmode=nm
LS,LS,572,BR,81,https://www.dhsprogram.com/customcf/legacy/data/download_dataset.cfm?Filename=LSBR81FL.zip&Tp=1&Ctry_Code=LS&surv_id=572&dm=1&dmode=nm
LS,LS,256,CR,41,https://www.dhsprogram.com/customcf/legacy/data/download_dataset.cfm?Filename=LSCR41FL.zip&Tp=1&Ctry_Code=LS&surv_id=256&dm=1&dmode=nm
LS,LS,317,CR,61,https://www.dhsprogram.com/customcf/legacy/data/download_dataset.cfm?Filename=LSCR61FL.zip&Tp=1&Ctry_Code=LS&surv_id=317&dm=1&dmode=nm
LS,LS,462,CR,71,https://www.dhsprogram.com/customcf/legacy/data/download_dataset.cfm?Filename=LSCR71FL.zip&Tp=1&Ctry_Code=LS&surv_id=462&dm=1&dmode=nm
LS,LS,572,CR,81,https://www.dhsprogram.com/customcf/legacy/data/download_dataset.cfm?Filename=LSCR81FL.zip&Tp=1&Ctry_Code=LS&surv_id=572&dm=1&dmode=nm
LS,LS,256,HR,41,https://www.dhsprogram.com/customcf/legacy/data/download_dataset.cfm?Filename=LSHR41FL.zip&Tp=1&Ctry_Code=LS&surv_id=256&dm=1&dmode=nm
LS,LS,317,HR,61,https://www.dhsprogram.com/customcf/legacy/data/download_dataset.cfm?Filename=LSHR61FL.zip&Tp=1&Ctry_Code=LS&surv_id=317&dm=1&dmode=nm
LS,LS,462,HR,71,https://www.dhsprogram.com/customcf/legacy/data/download_dataset.cfm?Filename=LSHR71FL.zip&Tp=1&Ctry_Code=LS&surv_id=462&dm=1&dmode=nm
LS,LS,572,HR,81,https://www.dhsprogram.com/customcf/legacy/data/download_dataset.cfm?Filename=LSHR81FL.zip&Tp=1&Ctry_Code=LS&surv_id=572&dm=1&dmode=nm
LS,LS,256,HW,41,https://www.dhsprogram.com/customcf/legacy/data/download_dataset.cfm?Filename=LSHW41FL.zip&Tp=1&Ctry_Code=LS&surv_id=256&dm=1&dmode=nm
LS,LS,256,IR,41,https://www.dhsprogram.com/customcf/legacy/data/download_dataset.cfm?Filename=LSIR41FL.zip&Tp=1&Ctry_Code=LS&surv_id=256&dm=1&dmode=nm
LS,LS,317,IR,61,https://www.dhsprogram.com/customcf/legacy/data/download_dataset.cfm?Filename=LSIR61FL.zip&Tp=1&Ctry_Code=LS&surv_id=317&dm=1&dmode=nm
LS,LS,462,IR,71,https://www.dhsprogram.com/customcf/legacy/data/download_dataset.cfm?Filename=LSIR71FL.zip&Tp=1&Ctry_Code=LS&surv_id=462&dm=1&dmode=nm
LS,LS,572,IR,81,https://www.dhsprogram.com/customcf/legacy/data/download_dataset.cfm?Filename=LSIR81FL.zip&Tp=1&Ctry_Code=LS&surv_id=572&dm=1&dmode=nm
LS,LS,256,KR,41,https://www.dhsprogram.com/customcf/legacy/data/download_dataset.cfm?Filename=LSKR41FL.zip&Tp=1&Ctry_Code=LS&surv_id=256&dm=1&dmode=nm
LS,LS,317,KR,61,https://www.dhsprogram.com/customcf/legacy/data/download_dataset.cfm?Filename=LSKR61FL.zip&Tp=1&Ctry_Code=LS&surv_id=317&dm=1&dmode=nm
LS,LS,462,KR,71,https://www.dhsprogram.com/customcf/legacy/data/download_dataset.cfm?Filename=LSKR71FL.zip&Tp=1&Ctry_Code=LS&surv_id=462&dm=1&dmode=nm
LS,LS,572,KR,81,https://www.dhsprogram.com/customcf/legacy/data/download_dataset.cfm?Filename=LSKR81FL.zip&Tp=1&Ctry_Code=LS&surv_id=572&dm=1&dmode=nm
LS,LS,256,MR,41,https://www.dhsprogram.com/customcf/legacy/data/download_dataset.cfm?Filename=LSMR41FL.zip&Tp=1&Ctry_Code=LS&surv_id=256&dm=1&dmode=nm
LS,LS,317,MR,61,https://www.dhsprogram.com/customcf/legacy/data/download_dataset.cfm?Filename=LSMR61FL.zip&Tp=1&Ctry_Code=LS&surv_id=317&dm=1&dmode=nm
LS,LS,462,MR,71,https://www.dhsprogram.com/customcf/legacy/data/download_dataset.cfm?Filename=LSMR71FL.zip&Tp=1&Ctry_Code=LS&surv_id=462&dm=1&dmode=nm
LS,LS,572,MR,81,https://www.dhsprogram.com/customcf/legacy/data/download_dataset.cfm?Filename=LSMR81FL.zip&Tp=1&Ctry_Code=LS&surv_id=572&dm=1&dmode=nm
LS,LS,256,PR,41,https://www.dhsprogram.com/customcf/legacy/data/download_dataset.cfm?Filename=LSPR41FL.zip&Tp=1&Ctry_Code=LS&surv_id=256&dm=1&dmode=nm
LS,LS,317,PR,61,https://www.dhsprogram.com/customcf/legacy/data/download_dataset.cfm?Filename=LSPR61FL.zip&Tp=1&Ctry_Code=LS&surv_id=317&dm=1&dmode=nm
LS,LS,462,PR,71,https://www.dhsprogram.com/customcf/legacy/data/download_dataset.cfm?Filename=LSPR71FL.zip&Tp=1&Ctry_Code=LS&surv_id=462&dm=1&dmode=nm
LS,LS,572,PR,81,https://www.dhsprogram.com/customcf/legacy/data/download_dataset.cfm?Filename=LSPR81FL.zip&Tp=1&Ctry_Code=LS&surv_id=572&dm=1&dmode=nm
LS,LS,256,GE,42,https://www.dhsprogram.com/customcf/legacy/data/download_dataset.cfm?Filename=LSGE42FL.zip&Tp=2&Ctry_Code=LS&surv_id=256&dm=1&dmode=nm
LS,LS,317,GE,62,https://www.dhsprogram.com/customcf/legacy/data/download_dataset.cfm?Filename=LSGE62FL.zip&Tp=2&Ctry_Code=LS&surv_id=317&dm=1&dmode=nm
LS,LS,462,GE,71,https://www.dhsprogram.com/customcf/legacy/data/download_dataset.cfm?Filename=LSGE71FL.zip&Tp=2&Ctry_Code=LS&surv_id=462&dm=1&dmode=nm
LS,LS,572,GE,81,https://www.dhsprogram.com/customcf/legacy/data/download_dataset.cfm?Filename=LSGE81FL.zip&Tp=2&Ctry_Code=LS&surv_id=572&dm=1&dmode=nm
LB,LB,7,BR,01,https://www.dhsprogram.com/customcf/legacy/data/download_dataset.cfm?Filename=LBBR01FL.zip&Tp=1&Ctry_Code=LB&surv_id=7&dm=1&dmode=nm
LB,LB,271,BR,51,https://www.dhsprogram.com/customcf/legacy/data/download_dataset.cfm?Filename=LBBR51FL.zip&Tp=1&Ctry_Code=LB&surv_id=271&dm=1&dmode=nm
LB,LB,330,BR,5A,https://www.dhsprogram.com/customcf/legacy/data/download_dataset.cfm?Filename=LBBR5AFL.zip&Tp=1&Ctry_Code=LB&surv_id=330&dm=1&dmode=nm
LB,LB,435,BR,6A,https://www.dhsprogram.com/customcf/legacy/data/download_dataset.cfm?Filename=LBBR6AFL.zip&Tp=1&Ctry_Code=LB&surv_id=435&dm=1&dmode=nm
LB,LB,537,BR,7A,https://www.dhsprogram.com/customcf/legacy/data/download_dataset.cfm?Filename=LBBR7AFL.zip&Tp=1&Ctry_Code=LB&surv_id=537&dm=1&dmode=nm
LB,LB,271,CR,51,https://www.dhsprogram.com/customcf/legacy/data/download_dataset.cfm?Filename=LBCR51FL.zip&Tp=1&Ctry_Code=LB&surv_id=271&dm=1&dmode=nm
LB,LB,435,CR,6A,https://www.dhsprogram.com/customcf/legacy/data/download_dataset.cfm?Filename=LBCR6AFL.zip&Tp=1&Ctry_Code=LB&surv_id=435&dm=1&dmode=nm
LB,LB,537,CR,7A,https://www.dhsprogram.com/customcf/legacy/data/download_dataset.cfm?Filename=LBCR7AFL.zip&Tp=1&Ctry_Code=LB&surv_id=537&dm=1&dmode=nm
LB,LB,7,HH,01,https://www.dhsprogram.com/customcf/legacy/data/download_dataset.cfm?Filename=LBHH01FL.zip&Tp=1&Ctry_Code=LB&surv_id=7&dm=1&dmode=nm
LB,LB,271,HR,51,https://www.dhsprogram.com/customcf/legacy/data/download_dataset.cfm?Filename=LBHR51FL.zip&Tp=1&Ctry_Code=LB&surv_id=271&dm=1&dmode=nm
LB,LB,330,HR,5A,https://www.dhsprogram.com/customcf/legacy/data/download_dataset.cfm?Filename=LBHR5AFL.zip&Tp=1&Ctry_Code=LB&surv_id=330&dm=1&dmode=nm
LB,LB,361,HR,61,https://www.dhsprogram.com/customcf/legacy/data/download_dataset.cfm?Filename=LBHR61FL.zip&Tp=1&Ctry_Code=LB&surv_id=361&dm=1&dmode=nm
LB,LB,435,HR,6A,https://www.dhsprogram.com/customcf/legacy/data/download_dataset.cfm?Filename=LBHR6AFL.zip&Tp=1&Ctry_Code=LB&surv_id=435&dm=1&dmode=nm
LB,LB,509,HR,71,https://www.dhsprogram.com/customcf/legacy/data/download_dataset.cfm?Filename=LBHR71FL.zip&Tp=1&Ctry_Code=LB&surv_id=509&dm=1&dmode=nm
LB,LB,537,HR,7A,https://www.dhsprogram.com/customcf/legacy/data/download_dataset.cfm?Filename=LBHR7AFL.zip&Tp=1&Ctry_Code=LB&surv_id=537&dm=1&dmode=nm
LB,LB,573,HR,81,https://www.dhsprogram.com/customcf/legacy/data/download_dataset.cfm?Filename=LBHR81FL.zip&Tp=1&Ctry_Code=LB&surv_id=573&dm=1&dmode=nm
LB,LB,7,IR,01,https://www.dhsprogram.com/customcf/legacy/data/download_dataset.cfm?Filename=LBIR01FL.zip&Tp=1&Ctry_Code=LB&surv_id=7&dm=1&dmode=nm
LB,LB,271,IR,51,https://www.dhsprogram.com/customcf/legacy/data/download_dataset.cfm?Filename=LBIR51FL.zip&Tp=1&Ctry_Code=LB&surv_id=271&dm=1&dmode=nm
LB,LB,330,IR,5A,https://www.dhsprogram.com/customcf/legacy/data/download_dataset.cfm?Filename=LBIR5AFL.zip&Tp=1&Ctry_Code=LB&surv_id=330&dm=1&dmode=nm
LB,LB,361,IR,61,https://www.dhsprogram.com/customcf/legacy/data/download_dataset.cfm?Filename=LBIR61FL.zip&Tp=1&Ctry_Code=LB&surv_id=361&dm=1&dmode=nm
LB,LB,435,IR,6A,https://www.dhsprogram.com/customcf/legacy/data/download_dataset.cfm?Filename=LBIR6AFL.zip&Tp=1&Ctry_Code=LB&surv_id=435&dm=1&dmode=nm
LB,LB,509,IR,71,https://www.dhsprogram.com/customcf/legacy/data/download_dataset.cfm?Filename=LBIR71FL.zip&Tp=1&Ctry_Code=LB&surv_id=509&dm=1&dmode=nm
LB,LB,537,IR,7A,https://www.dhsprogram.com/customcf/legacy/data/download_dataset.cfm?Filename=LBIR7AFL.zip&Tp=1&Ctry_Code=LB&surv_id=537&dm=1&dmode=nm
LB,LB,573,IR,81,https://www.dhsprogram.com/customcf/legacy/data/download_dataset.cfm?Filename=LBIR81FL.zip&Tp=1&Ctry_Code=LB&surv_id=573&dm=1&dmode=nm
LB,LB,7,KR,01,https://www.dhsprogram.com/customcf/legacy/data/download_dataset.cfm?Filename=LBKR01FL.zip&Tp=1&Ctry_Code=LB&surv_id=7&dm=1&dmode=nm
LB,LB,271,KR,51,https://www.dhsprogram.com/customcf/legacy/data/download_dataset.cfm?Filename=LBKR51FL.zip&Tp=1&Ctry_Code=LB&surv_id=271&dm=1&dmode=nm
LB,LB,330,KR,5A,https://www.dhsprogram.com/customcf/legacy/data/download_dataset.cfm?Filename=LBKR5AFL.zip&Tp=1&Ctry_Code=LB&surv_id=330&dm=1&dmode=nm
LB,LB,361,KR,61,https://www.dhsprogram.com/customcf/legacy/data/download_dataset.cfm?Filename=LBKR61FL.zip&Tp=1&Ctry_Code=LB&surv_id=361&dm=1&dmode=nm
LB,LB,435,KR,6A,https://www.dhsprogram.com/customcf/legacy/data/download_dataset.cfm?Filename=LBKR6AFL.zip&Tp=1&Ctry_Code=LB&surv_id=435&dm=1&dmode=nm
LB,LB,509,KR,71,https://www.dhsprogram.com/customcf/legacy/data/download_dataset.cfm?Filename=LBKR71FL.zip&Tp=1&Ctry_Code=LB&surv_id=509&dm=1&dmode=nm
LB,LB,537,KR,7A,https://www.dhsprogram.com/customcf/legacy/data/download_dataset.cfm?Filename=LBKR7AFL.zip&Tp=1&Ctry_Code=LB&surv_id=537&dm=1&dmode=nm
LB,LB,573,KR,81,https://www.dhsprogram.com/customcf/legacy/data/download_dataset.cfm?Filename=LBKR81FL.zip&Tp=1&Ctry_Code=LB&surv_id=573&dm=1&dmode=nm
LB,LB,271,MR,51,https://www.dhsprogram.com/customcf/legacy/data/download_dataset.cfm?Filename=LBMR51FL.zip&Tp=1&Ctry_Code=LB&surv_id=271&dm=1&dmode=nm
LB,LB,435,MR,6A,https://www.dhsprogram.com/customcf/legacy/data/download_dataset.cfm?Filename=LBMR6AFL.zip&Tp=1&Ctry_Code=LB&surv_id=435&dm=1&dmode=nm
LB,LB,537,MR,7A,https://www.dhsprogram.com/customcf/legacy/data/download_dataset.cfm?Filename=LBMR7AFL.zip&Tp=1&Ctry_Code=LB&surv_id=537&dm=1&dmode=nm
LB,LB,271,PR,51,https://www.dhsprogram.com/customcf/legacy/data/download_dataset.cfm?Filename=LBPR51FL.zip&Tp=1&Ctry_Code=LB&surv_id=271&dm=1&dmode=nm
LB,LB,330,PR,5A,https://www.dhsprogram.com/customcf/legacy/data/download_dataset.cfm?Filename=LBPR5AFL.zip&Tp=1&Ctry_Code=LB&surv_id=330&dm=1&dmode=nm
LB,LB,361,PR,61,https://www.dhsprogram.com/customcf/legacy/data/download_dataset.cfm?Filename=LBPR61FL.zip&Tp=1&Ctry_Code=LB&surv_id=361&dm=1&dmode=nm
LB,LB,435,PR,6A,https://www.dhsprogram.com/customcf/legacy/data/download_dataset.cfm?Filename=LBPR6AFL.zip&Tp=1&Ctry_Code=LB&surv_id=435&dm=1&dmode=nm
LB,LB,509,PR,71,https://www.dhsprogram.com/customcf/legacy/data/download_dataset.cfm?Filename=LBPR71FL.zip&Tp=1&Ctry_Code=LB&surv_id=509&dm=1&dmode=nm
LB,LB,537,PR,7A,https://www.dhsprogram.com/customcf/legacy/data/download_dataset.cfm?Filename=LBPR7AFL.zip&Tp=1&Ctry_Code=LB&surv_id=537&dm=1&dmode=nm
LB,LB,573,PR,81,https://www.dhsprogram.com/customcf/legacy/data/download_dataset.cfm?Filename=LBPR81FL.zip&Tp=1&Ctry_Code=LB&surv_id=573&dm=1&dmode=nm
LB,LB,7,GE,03,https://www.dhsprogram.com/customcf/legacy/data/download_dataset.cfm?Filename=LBGE03FL.zip&Tp=2&Ctry_Code=LB&surv_id=7&dm=1&dmode=nm
LB,LB,271,GE,52,https://www.dhsprogram.com/customcf/legacy/data/download_dataset.cfm?Filename=LBGE52FL.zip&Tp=2&Ctry_Code=LB&surv_id=271&dm=1&dmode=nm
LB,LB,330,GE,5C,https://www.dhsprogram.com/customcf/legacy/data/download_dataset.cfm?Filename=LBGE5CFL.zip&Tp=2&Ctry_Code=LB&surv_id=330&dm=1&dmode=nm
LB,LB,361,GE,61,https://www.dhsprogram.com/customcf/legacy/data/download_dataset.cfm?Filename=LBGE61FL.zip&Tp=2&Ctry_Code=LB&surv_id=361&dm=1&dmode=nm
LB,LB,435,GE,6A,https://www.dhsprogram.com/customcf/legacy/data/download_dataset.cfm?Filename=LBGE6AFL.zip&Tp=2&Ctry_Code=LB&surv_id=435&dm=1&dmode=nm
LB,LB,509,GE,71,https://www.dhsprogram.com/customcf/legacy/data/download_dataset.cfm?Filename=LBGE71FL.zip&Tp=2&Ctry_Code=LB&surv_id=509&dm=1&dmode=nm
LB,LB,537,GE,7A,https://www.dhsprogram.com/customcf/legacy/data/download_dataset.cfm?Filename=LBGE7AFL.zip&Tp=2&Ctry_Code=LB&surv_id=537&dm=1&dmode=nm
LB,LB,573,GE,81,https://www.dhsprogram.com/customcf/legacy/data/download_dataset.cfm?Filename=LBGE81FL.zip&Tp=2&Ctry_Code=LB&surv_id=573&dm=1&dmode=nm
MD,MD,49,BR,21,https://www.dhsprogram.com/customcf/legacy/data/download_dataset.cfm?Filename=MDBR21FL.zip&Tp=1&Ctry_Code=MD&surv_id=49&dm=1&dmode=nm
MD,MD,110,BR,31,https://www.dhsprogram.com/customcf/legacy/data/download_dataset.cfm?Filename=MDBR31FL.zip&Tp=1&Ctry_Code=MD&surv_id=110&dm=1&dmode=nm
MD,MD,207,BR,42,https://www.dhsprogram.com/customcf/legacy/data/download_dataset.cfm?Filename=MDBR42FL.zip&Tp=1&Ctry_Code=MD&surv_id=207&dm=1&dmode=nm
MD,MD,296,BR,51,https://www.dhsprogram.com/customcf/legacy/data/download_dataset.cfm?Filename=MDBR51FL.zip&Tp=1&Ctry_Code=MD&surv_id=296&dm=1&dmode=nm
MD,MD,560,BR,81,https://www.dhsprogram.com/customcf/legacy/data/download_dataset.cfm?Filename=MDBR81FL.zip&Tp=1&Ctry_Code=MD&surv_id=560&dm=1&dmode=nm
MD,MD,207,CR,42,https://www.dhsprogram.com/customcf/legacy/data/download_dataset.cfm?Filename=MDCR42FL.zip&Tp=1&Ctry_Code=MD&surv_id=207&dm=1&dmode=nm
MD,MD,296,CR,51,https://www.dhsprogram.com/customcf/legacy/data/download_dataset.cfm?Filename=MDCR51FL.zip&Tp=1&Ctry_Code=MD&surv_id=296&dm=1&dmode=nm
MD,MD,560,CR,81,https://www.dhsprogram.com/customcf/legacy/data/download_dataset.cfm?Filename=MDCR81FL.zip&Tp=1&Ctry_Code=MD&surv_id=560&dm=1&dmode=nm
MD,MD,49,HR,21,https://www.dhsprogram.com/customcf/legacy/data/download_dataset.cfm?Filename=MDHR21FL.zip&Tp=1&Ctry_Code=MD&surv_id=49&dm=1&dmode=nm
MD,MD,110,HR,31,https://www.dhsprogram.com/customcf/legacy/data/download_dataset.cfm?Filename=MDHR31FL.zip&Tp=1&Ctry_Code=MD&surv_id=110&dm=1&dmode=nm
MD,MD,207,HR,42,https://www.dhsprogram.com/customcf/legacy/data/download_dataset.cfm?Filename=MDHR42FL.zip&Tp=1&Ctry_Code=MD&surv_id=207&dm=1&dmode=nm
MD,MD,296,HR,51,https://www.dhsprogram.com/customcf/legacy/data/download_dataset.cfm?Filename=MDHR51FL.zip&Tp=1&Ctry_Code=MD&surv_id=296&dm=1&dmode=nm
MD,MD,396,HR,61,https://www.dhsprogram.com/customcf/legacy/data/download_dataset.cfm?Filename=MDHR61FL.zip&Tp=1&Ctry_Code=MD&surv_id=396&dm=1&dmode=nm
MD,MD,456,HR,6A,https://www.dhsprogram.com/customcf/legacy/data/download_dataset.cfm?Filename=MDHR6AFL.zip&Tp=1&Ctry_Code=MD&surv_id=456&dm=1&dmode=nm
MD,MD,505,HR,71,https://www.dhsprogram.com/customcf/legacy/data/download_dataset.cfm?Filename=MDHR71FL.zip&Tp=1&Ctry_Code=MD&surv_id=505&dm=1&dmode=nm
MD,MD,560,HR,81,https://www.dhsprogram.com/customcf/legacy/data/download_dataset.cfm?Filename=MDHR81FL.zip&Tp=1&Ctry_Code=MD&surv_id=560&dm=1&dmode=nm
MD,MD,49,HW,21,https://www.dhsprogram.com/customcf/legacy/data/download_dataset.cfm?Filename=MDHW21FL.zip&Tp=1&Ctry_Code=MD&surv_id=49&dm=1&dmode=nm
MD,MD,110,HW,31,https://www.dhsprogram.com/customcf/legacy/data/download_dataset.cfm?Filename=MDHW31FL.zip&Tp=1&Ctry_Code=MD&surv_id=110&dm=1&dmode=nm
MD,MD,207,HW,41,https://www.dhsprogram.com/customcf/legacy/data/download_dataset.cfm?Filename=MDHW41FL.zip&Tp=1&Ctry_Code=MD&surv_id=207&dm=1&dmode=nm
MD,MD,49,IR,21,https://www.dhsprogram.com/customcf/legacy/data/download_dataset.cfm?Filename=MDIR21FL.zip&Tp=1&Ctry_Code=MD&surv_id=49&dm=1&dmode=nm
MD,MD,110,IR,31,https://www.dhsprogram.com/customcf/legacy/data/download_dataset.cfm?Filename=MDIR31FL.zip&Tp=1&Ctry_Code=MD&surv_id=110&dm=1&dmode=nm
MD,MD,207,IR,42,https://www.dhsprogram.com/customcf/legacy/data/download_dataset.cfm?Filename=MDIR42FL.zip&Tp=1&Ctry_Code=MD&surv_id=207&dm=1&dmode=nm
MD,MD,296,IR,51,https://www.dhsprogram.com/customcf/legacy/data/download_dataset.cfm?Filename=MDIR51FL.zip&Tp=1&Ctry_Code=MD&surv_id=296&dm=1&dmode=nm
MD,MD,396,IR,61,https://www.dhsprogram.com/customcf/legacy/data/download_dataset.cfm?Filename=MDIR61FL.zip&Tp=1&Ctry_Code=MD&surv_id=396&dm=1&dmode=nm
MD,MD,456,IR,6A,https://www.dhsprogram.com/customcf/legacy/data/download_dataset.cfm?Filename=MDIR6AFL.zip&Tp=1&Ctry_Code=MD&surv_id=456&dm=1&dmode=nm
MD,MD,505,IR,71,https://www.dhsprogram.com/customcf/legacy/data/download_dataset.cfm?Filename=MDIR71FL.zip&Tp=1&Ctry_Code=MD&surv_id=505&dm=1&dmode=nm
MD,MD,560,IR,81,https://www.dhsprogram.com/customcf/legacy/data/download_dataset.cfm?Filename=MDIR81FL.zip&Tp=1&Ctry_Code=MD&surv_id=560&dm=1&dmode=nm
MD,MD,49,KR,21,https://www.dhsprogram.com/customcf/legacy/data/download_dataset.cfm?Filename=MDKR21FL.zip&Tp=1&Ctry_Code=MD&surv_id=49&dm=1&dmode=nm
MD,MD,110,KR,31,https://www.dhsprogram.com/customcf/legacy/data/download_dataset.cfm?Filename=MDKR31FL.zip&Tp=1&Ctry_Code=MD&surv_id=110&dm=1&dmode=nm
MD,MD,207,KR,42,https://www.dhsprogram.com/customcf/legacy/data/download_dataset.cfm?Filename=MDKR42FL.zip&Tp=1&Ctry_Code=MD&surv_id=207&dm=1&dmode=nm
MD,MD,296,KR,51,https://www.dhsprogram.com/customcf/legacy/data/download_dataset.cfm?Filename=MDKR51FL.zip&Tp=1&Ctry_Code=MD&surv_id=296&dm=1&dmode=nm
MD,MD,396,KR,61,https://www.dhsprogram.com/customcf/legacy/data/download_dataset.cfm?Filename=MDKR61FL.zip&Tp=1&Ctry_Code=MD&surv_id=396&dm=1&dmode=nm
MD,MD,456,KR,6A,https://www.dhsprogram.com/customcf/legacy/data/download_dataset.cfm?Filename=MDKR6AFL.zip&Tp=1&Ctry_Code=MD&surv_id=456&dm=1&dmode=nm
MD,MD,505,KR,71,https://www.dhsprogram.com/customcf/legacy/data/download_dataset.cfm?Filename=MDKR71FL.zip&Tp=1&Ctry_Code=MD&surv_id=505&dm=1&dmode=nm
MD,MD,560,KR,81,https://www.dhsprogram.com/customcf/legacy/data/download_dataset.cfm?Filename=MDKR81FL.zip&Tp=1&Ctry_Code=MD&surv_id=560&dm=1&dmode=nm
MD,MD,207,MR,42,https://www.dhsprogram.com/customcf/legacy/data/download_dataset.cfm?Filename=MDMR42FL.zip&Tp=1&Ctry_Code=MD&surv_id=207&dm=1&dmode=nm
MD,MD,296,MR,51,https://www.dhsprogram.com/customcf/legacy/data/download_dataset.cfm?Filename=MDMR51FL.zip&Tp=1&Ctry_Code=MD&surv_id=296&dm=1&dmode=nm
MD,MD,560,MR,81,https://www.dhsprogram.com/customcf/legacy/data/download_dataset.cfm?Filename=MDMR81FL.zip&Tp=1&Ctry_Code=MD&surv_id=560&dm=1&dmode=nm
MD,MD,49,PR,21,https://www.dhsprogram.com/customcf/legacy/data/download_dataset.cfm?Filename=MDPR21FL.zip&Tp=1&Ctry_Code=MD&surv_id=49&dm=1&dmode=nm
MD,MD,110,PR,31,https://www.dhsprogram.com/customcf/legacy/data/download_dataset.cfm?Filename=MDPR31FL.zip&Tp=1&Ctry_Code=MD&surv_id=110&dm=1&dmode=nm
MD,MD,207,PR,42,https://www.dhsprogram.com/customcf/legacy/data/download_dataset.cfm?Filename=MDPR42FL.zip&Tp=1&Ctry_Code=MD&surv_id=207&dm=1&dmode=nm
MD,MD,296,PR,51,https://www.dhsprogram.com/customcf/legacy/data/download_dataset.cfm?Filename=MDPR51FL.zip&Tp=1&Ctry_Code=MD&surv_id=296&dm=1&dmode=nm
MD,MD,396,PR,61,https://www.dhsprogram.com/customcf/legacy/data/download_dataset.cfm?Filename=MDPR61FL.zip&Tp=1&Ctry_Code=MD&surv_id=396&dm=1&dmode=nm
MD,MD,456,PR,6A,https://www.dhsprogram.com/customcf/legacy/data/download_dataset.cfm?Filename=MDPR6AFL.zip&Tp=1&Ctry_Code=MD&surv_id=456&dm=1&dmode=nm
MD,MD,505,PR,71,https://www.dhsprogram.com/customcf/legacy/data/download_dataset.cfm?Filename=MDPR71FL.zip&Tp=1&Ctry_Code=MD&surv_id=505&dm=1&dmode=nm
MD,MD,560,PR,81,https://www.dhsprogram.com/customcf/legacy/data/download_dataset.cfm?Filename=MDPR81FL.zip&Tp=1&Ctry_Code=MD&surv_id=560&dm=1&dmode=nm
MD,MD,49,SQ,21,https://www.dhsprogram.com/customcf/legacy/data/download_dataset.cfm?Filename=MDSQ21FL.zip&Tp=1&Ctry_Code=MD&surv_id=49&dm=1&dmode=nm
MD,MD,110,WI,31,https://www.dhsprogram.com/customcf/legacy/data/download_dataset.cfm?Filename=MDWI31FL.zip&Tp=1&Ctry_Code=MD&surv_id=110&dm=1&dmode=nm
MD,MD,110,GE,32,https://www.dhsprogram.com/customcf/legacy/data/download_dataset.cfm?Filename=MDGE32FL.zip&Tp=2&Ctry_Code=MD&surv_id=110&dm=1&dmode=nm
MD,MD,296,GE,53,https://www.dhsprogram.com/customcf/legacy/data/download_dataset.cfm?Filename=MDGE53FL.zip&Tp=2&Ctry_Code=MD&surv_id=296&dm=1&dmode=nm
MD,MD,396,GE,61,https://www.dhsprogram.com/customcf/legacy/data/download_dataset.cfm?Filename=MDGE61FL.zip&Tp=2&Ctry_Code=MD&surv_id=396&dm=1&dmode=nm
MD,MD,456,GE,6A,https://www.dhsprogram.com/customcf/legacy/data/download_dataset.cfm?Filename=MDGE6AFL.zip&Tp=2&Ctry_Code=MD&surv_id=456&dm=1&dmode=nm
MD,MD,505,GE,71,https://www.dhsprogram.com/customcf/legacy/data/download_dataset.cfm?Filename=MDGE71FL.zip&Tp=2&Ctry_Code=MD&surv_id=505&dm=1&dmode=nm
MD,MD,560,GE,81,https://www.dhsprogram.com/customcf/legacy/data/download_dataset.cfm?Filename=MDGE81FL.zip&Tp=2&Ctry_Code=MD&surv_id=560&dm=1&dmode=nm
MW,MW,52,BR,22,https://www.dhsprogram.com/customcf/legacy/data/download_dataset.cfm?Filename=MWBR22FL.zip&Tp=1&Ctry_Code=MW&surv_id=52&dm=1&dmode=nm
MW,MW,158,BR,41,https://www.dhsprogram.com/customcf/legacy/data/download_dataset.cfm?Filename=MWBR41FL.zip&Tp=1&Ctry_Code=MW&surv_id=158&dm=1&dmode=nm
MW,MW,251,BR,4E,https://www.dhsprogram.com/customcf/legacy/data/download_dataset.cfm?Filename=MWBR4EFL.zip&Tp=1&Ctry_Code=MW&surv_id=251&dm=1&dmode=nm
MW,MW,333,BR,61,https://www.dhsprogram.com/customcf/legacy/data/download_dataset.cfm?Filename=MWBR61FL.zip&Tp=1&Ctry_Code=MW&surv_id=333&dm=1&dmode=nm
MW,MW,483,BR,7A,https://www.dhsprogram.com/customcf/legacy/data/download_dataset.cfm?Filename=MWBR7AFL.zip&Tp=1&Ctry_Code=MW&surv_id=483&dm=1&dmode=nm
MW,MW,592,BR,81,https://www.dhsprogram.com/customcf/legacy/data/download_dataset.cfm?Filename=MWBR81FL.zip&Tp=1&Ctry_Code=MW&surv_id=592&dm=1&dmode=nm
MW,MW,52,CR,21,https://www.dhsprogram.com/customcf/legacy/data/download_dataset.cfm?Filename=MWCR21FL.zip&Tp=1&Ctry_Code=MW&surv_id=52&dm=1&dmode=nm
MW,MW,158,CR,41,https://www.dhsprogram.com/customcf/legacy/data/download_dataset.cfm?Filename=MWCR41FL.zip&Tp=1&Ctry_Code=MW&surv_id=158&dm=1&dmode=nm
MW,MW,251,CR,4E,https://www.dhsprogram.com/customcf/legacy/data/download_dataset.cfm?Filename=MWCR4EFL.zip&Tp=1&Ctry_Code=MW&surv_id=251&dm=1&dmode=nm
MW,MW,333,CR,61,https://www.dhsprogram.com/customcf/legacy/data/download_dataset.cfm?Filename=MWCR61FL.zip&Tp=1&Ctry_Code=MW&surv_id=333&dm=1&dmode=nm
MW,MW,483,CR,7A,https://www.dhsprogram.com/customcf/legacy/data/download_dataset.cfm?Filename=MWCR7AFL.zip&Tp=1&Ctry_Code=MW&surv_id=483&dm=1&dmode=nm
MW,MW,592,CR,81,https://www.dhsprogram.com/customcf/legacy/data/download_dataset.cfm?Filename=MWCR81FL.zip&Tp=1&Ctry_Code=MW&surv_id=592&dm=1&dmode=nm
MW,MW,84,HH,34,https://www.dhsprogram.com/customcf/legacy/data/download_dataset.cfm?Filename=MWHH34FL.zip&Tp=1&Ctry_Code=MW&surv_id=84&dm=1&dmode=nm
MW,MW,52,HR,22,https://www.dhsprogram.com/customcf/legacy/data/download_dataset.cfm?Filename=MWHR22FL.zip&Tp=1&Ctry_Code=MW&surv_id=52&dm=1&dmode=nm
MW,MW,158,HR,41,https://www.dhsprogram.com/customcf/legacy/data/download_dataset.cfm?Filename=MWHR41FL.zip&Tp=1&Ctry_Code=MW&surv_id=158&dm=1&dmode=nm
MW,MW,251,HR,4E,https://www.dhsprogram.com/customcf/legacy/data/download_dataset.cfm?Filename=MWHR4EFL.zip&Tp=1&Ctry_Code=MW&surv_id=251&dm=1&dmode=nm
MW,MW,333,HR,61,https://www.dhsprogram.com/customcf/legacy/data/download_dataset.cfm?Filename=MWHR61FL.zip&Tp=1&Ctry_Code=MW&surv_id=333&dm=1&dmode=nm
MW,MW,432,HR,6A,https://www.dhsprogram.com/customcf/legacy/data/download_dataset.cfm?Filename=MWHR6AFL.zip&Tp=1&Ctry_Code=MW&surv_id=432&dm=1&dmode=nm
MW,MW,473,HR,72,https://www.dhsprogram.com/customcf/legacy/data/download_dataset.cfm?Filename=MWHR72FL.zip&Tp=1&Ctry_Code=MW&surv_id=473&dm=1&dmode=nm
MW,MW,483,HR,7A,https://www.dhsprogram.com/customcf/legacy/data/download_dataset.cfm?Filename=MWHR7AFL.zip&Tp=1&Ctry_Code=MW&surv_id=483&dm=1&dmode=nm
MW,MW,512,HR,7I,https://www.dhsprogram.com/customcf/legacy/data/download_dataset.cfm?Filename=MWHR7IFL.zip&Tp=1&Ctry_Code=MW&surv_id=512&dm=1&dmode=nm
MW,MW,592,HR,81,https://www.dhsprogram.com/customcf/legacy/data/download_dataset.cfm?Filename=MWHR81FL.zip&Tp=1&Ctry_Code=MW&surv_id=592&dm=1&dmode=nm
MW,MW,52,HW,22,https://www.dhsprogram.com/customcf/legacy/data/download_dataset.cfm?Filename=MWHW22FL.zip&Tp=1&Ctry_Code=MW&surv_id=52&dm=1&dmode=nm
MW,MW,158,HW,41,https://www.dhsprogram.com/customcf/legacy/data/download_dataset.cfm?Filename=MWHW41FL.zip&Tp=1&Ctry_Code=MW&surv_id=158&dm=1&dmode=nm
MW,MW,251,HW,4C,https://www.dhsprogram.com/customcf/legacy/data/download_dataset.cfm?Filename=MWHW4CFL.zip&Tp=1&Ctry_Code=MW&surv_id=251&dm=1&dmode=nm
MW,MW,84,IQ,34,https://www.dhsprogram.com/customcf/legacy/data/download_dataset.cfm?Filename=MWIQ34FL.zip&Tp=1&Ctry_Code=MW&surv_id=84&dm=1&dmode=nm
MW,MW,52,IR,22,https://www.dhsprogram.com/customcf/legacy/data/download_dataset.cfm?Filename=MWIR22FL.zip&Tp=1&Ctry_Code=MW&surv_id=52&dm=1&dmode=nm
MW,MW,158,IR,41,https://www.dhsprogram.com/customcf/legacy/data/download_dataset.cfm?Filename=MWIR41FL.zip&Tp=1&Ctry_Code=MW&surv_id=158&dm=1&dmode=nm
MW,MW,251,IR,4E,https://www.dhsprogram.com/customcf/legacy/data/download_dataset.cfm?Filename=MWIR4EFL.zip&Tp=1&Ctry_Code=MW&surv_id=251&dm=1&dmode=nm
MW,MW,333,IR,61,https://www.dhsprogram.com/customcf/legacy/data/download_dataset.cfm?Filename=MWIR61FL.zip&Tp=1&Ctry_Code=MW&surv_id=333&dm=1&dmode=nm
MW,MW,432,IR,6A,https://www.dhsprogram.com/customcf/legacy/data/download_dataset.cfm?Filename=MWIR6AFL.zip&Tp=1&Ctry_Code=MW&surv_id=432&dm=1&dmode=nm
MW,MW,473,IR,72,https://www.dhsprogram.com/customcf/legacy/data/download_dataset.cfm?Filename=MWIR72FL.zip&Tp=1&Ctry_Code=MW&surv_id=473&dm=1&dmode=nm
MW,MW,483,IR,7A,https://www.dhsprogram.com/customcf/legacy/data/download_dataset.cfm?Filename=MWIR7AFL.zip&Tp=1&Ctry_Code=MW&surv_id=483&dm=1&dmode=nm
MW,MW,512,IR,7I,https://www.dhsprogram.com/customcf/legacy/data/download_dataset.cfm?Filename=MWIR7IFL.zip&Tp=1&Ctry_Code=MW&surv_id=512&dm=1&dmode=nm
MW,MW,592,IR,81,https://www.dhsprogram.com/customcf/legacy/data/download_dataset.cfm?Filename=MWIR81FL.zip&Tp=1&Ctry_Code=MW&surv_id=592&dm=1&dmode=nm
MW,MW,52,KR,21,https://www.dhsprogram.com/customcf/legacy/data/download_dataset.cfm?Filename=MWKR21FL.zip&Tp=1&Ctry_Code=MW&surv_id=52&dm=1&dmode=nm
MW,MW,158,KR,41,https://www.dhsprogram.com/customcf/legacy/data/download_dataset.cfm?Filename=MWKR41FL.zip&Tp=1&Ctry_Code=MW&surv_id=158&dm=1&dmode=nm
MW,MW,251,KR,4E,https://www.dhsprogram.com/customcf/legacy/data/download_dataset.cfm?Filename=MWKR4EFL.zip&Tp=1&Ctry_Code=MW&surv_id=251&dm=1&dmode=nm
MW,MW,333,KR,61,https://www.dhsprogram.com/customcf/legacy/data/download_dataset.cfm?Filename=MWKR61FL.zip&Tp=1&Ctry_Code=MW&surv_id=333&dm=1&dmode=nm
MW,MW,432,KR,6A,https://www.dhsprogram.com/customcf/legacy/data/download_dataset.cfm?Filename=MWKR6AFL.zip&Tp=1&Ctry_Code=MW&surv_id=432&dm=1&dmode=nm
MW,MW,473,KR,72,https://www.dhsprogram.com/customcf/legacy/data/download_dataset.cfm?Filename=MWKR72FL.zip&Tp=1&Ctry_Code=MW&surv_id=473&dm=1&dmode=nm
MW,MW,483,KR,7A,https://www.dhsprogram.com/customcf/legacy/data/download_dataset.cfm?Filename=MWKR7AFL.zip&Tp=1&Ctry_Code=MW&surv_id=483&dm=1&dmode=nm
MW,MW,512,KR,7I,https://www.dhsprogram.com/customcf/legacy/data/download_dataset.cfm?Filename=MWKR7IFL.zip&Tp=1&Ctry_Code=MW&surv_id=512&dm=1&dmode=nm
MW,MW,592,KR,81,https://www.dhsprogram.com/customcf/legacy/data/download_dataset.cfm?Filename=MWKR81FL.zip&Tp=1&Ctry_Code=MW&surv_id=592&dm=1&dmode=nm
MW,MW,84,ML,34,https://www.dhsprogram.com/customcf/legacy/data/download_dataset.cfm?Filename=MWML34FL.zip&Tp=1&Ctry_Code=MW&surv_id=84&dm=1&dmode=nm
MW,MW,52,MR,21,https://www.dhsprogram.com/customcf/legacy/data/download_dataset.cfm?Filename=MWMR21FL.zip&Tp=1&Ctry_Code=MW&surv_id=52&dm=1&dmode=nm
MW,MW,158,MR,41,https://www.dhsprogram.com/customcf/legacy/data/download_dataset.cfm?Filename=MWMR41FL.zip&Tp=1&Ctry_Code=MW&surv_id=158&dm=1&dmode=nm
MW,MW,251,MR,4E,https://www.dhsprogram.com/customcf/legacy/data/download_dataset.cfm?Filename=MWMR4EFL.zip&Tp=1&Ctry_Code=MW&surv_id=251&dm=1&dmode=nm
MW,MW,333,MR,61,https://www.dhsprogram.com/customcf/legacy/data/download_dataset.cfm?Filename=MWMR61FL.zip&Tp=1&Ctry_Code=MW&surv_id=333&dm=1&dmode=nm
MW,MW,483,MR,7A,https://www.dhsprogram.com/customcf/legacy/data/download_dataset.cfm?Filename=MWMR7AFL.zip&Tp=1&Ctry_Code=MW&surv_id=483&dm=1&dmode=nm
MW,MW,592,MR,81,https://www.dhsprogram.com/customcf/legacy/data/download_dataset.cfm?Filename=MWMR81FL.zip&Tp=1&Ctry_Code=MW&surv_id=592&dm=1&dmode=nm
MW,MW,52,PR,22,https://www.dhsprogram.com/customcf/legacy/data/download_dataset.cfm?Filename=MWPR22FL.zip&Tp=1&Ctry_Code=MW&surv_id=52&dm=1&dmode=nm
MW,MW,158,PR,41,https://www.dhsprogram.com/customcf/legacy/data/download_dataset.cfm?Filename=MWPR41FL.zip&Tp=1&Ctry_Code=MW&surv_id=158&dm=1&dmode=nm
MW,MW,251,PR,4E,https://www.dhsprogram.com/customcf/legacy/data/download_dataset.cfm?Filename=MWPR4EFL.zip&Tp=1&Ctry_Code=MW&surv_id=251&dm=1&dmode=nm
MW,MW,333,PR,61,https://www.dhsprogram.com/customcf/legacy/data/download_dataset.cfm?Filename=MWPR61FL.zip&Tp=1&Ctry_Code=MW&surv_id=333&dm=1&dmode=nm
MW,MW,432,PR,6A,https://www.dhsprogram.com/customcf/legacy/data/download_dataset.cfm?Filename=MWPR6AFL.zip&Tp=1&Ctry_Code=MW&surv_id=432&dm=1&dmode=nm
MW,MW,473,PR,72,https://www.dhsprogram.com/customcf/legacy/data/download_dataset.cfm?Filename=MWPR72FL.zip&Tp=1&Ctry_Code=MW&surv_id=473&dm=1&dmode=nm
MW,MW,483,PR,7A,https://www.dhsprogram.com/customcf/legacy/data/download_dataset.cfm?Filename=MWPR7AFL.zip&Tp=1&Ctry_Code=MW&surv_id=483&dm=1&dmode=nm
MW,MW,512,PR,7I,https://www.dhsprogram.com/customcf/legacy/data/download_dataset.cfm?Filename=MWPR7IFL.zip&Tp=1&Ctry_Code=MW&surv_id=512&dm=1&dmode=nm
MW,MW,592,PR,81,https://www.dhsprogram.com/customcf/legacy/data/download_dataset.cfm?Filename=MWPR81FL.zip&Tp=1&Ctry_Code=MW&surv_id=592&dm=1&dmode=nm
MW,MW,52,SQ,26,https://www.dhsprogram.com/customcf/legacy/data/download_dataset.cfm?Filename=MWSQ26FL.zip&Tp=1&Ctry_Code=MW&surv_id=52&dm=1&dmode=nm
MW,MW,52,WI,22,https://www.dhsprogram.com/customcf/legacy/data/download_dataset.cfm?Filename=MWWI22FL.zip&Tp=1&Ctry_Code=MW&surv_id=52&dm=1&dmode=nm
MW,MW,158,WI,42,https://www.dhsprogram.com/customcf/legacy/data/download_dataset.cfm?Filename=MWWI42FL.zip&Tp=1&Ctry_Code=MW&surv_id=158&dm=1&dmode=nm
MW,MW,158,GE,43,https://www.dhsprogram.com/customcf/legacy/data/download_dataset.cfm?Filename=MWGE43FL.zip&Tp=2&Ctry_Code=MW&surv_id=158&dm=1&dmode=nm
MW,MW,251,GE,4B,https://www.dhsprogram.com/customcf/legacy/data/download_dataset.cfm?Filename=MWGE4BFL.zip&Tp=2&Ctry_Code=MW&surv_id=251&dm=1&dmode=nm
MW,MW,333,GE,62,https://www.dhsprogram.com/customcf/legacy/data/download_dataset.cfm?Filename=MWGE62FL.zip&Tp=2&Ctry_Code=MW&surv_id=333&dm=1&dmode=nm
MW,MW,432,GE,6A,https://www.dhsprogram.com/customcf/legacy/data/download_dataset.cfm?Filename=MWGE6AFL.zip&Tp=2&Ctry_Code=MW&surv_id=432&dm=1&dmode=nm
MW,MW,473,GE,71,https://www.dhsprogram.com/customcf/legacy/data/download_dataset.cfm?Filename=MWGE71FL.zip&Tp=2&Ctry_Code=MW&surv_id=473&dm=1&dmode=nm
MW,MW,483,GE,7A,https://www.dhsprogram.com/customcf/legacy/data/download_dataset.cfm?Filename=MWGE7AFL.zip&Tp=2&Ctry_Code=MW&surv_id=483&dm=1&dmode=nm
MW,MW,512,GE,7I,https://www.dhsprogram.com/customcf/legacy/data/download_dataset.cfm?Filename=MWGE7IFL.zip&Tp=2&Ctry_Code=MW&surv_id=512&dm=1&dmode=nm
MW,MW,592,GE,81,https://www.dhsprogram.com/customcf/legacy/data/download_dataset.cfm?Filename=MWGE81FL.zip&Tp=2&Ctry_Code=MW&surv_id=592&dm=1&dmode=nm
MV,MV,321,BR,52,https://www.dhsprogram.com/customcf/legacy/data/download_dataset.cfm?Filename=MVBR52FL.zip&Tp=1&Ctry_Code=MV&surv_id=321&dm=1&dmode=nm
MV,MV,494,BR,71,https://www.dhsprogram.com/customcf/legacy/data/download_dataset.cfm?Filename=MVBR71FL.zip&Tp=1&Ctry_Code=MV&surv_id=494&dm=1&dmode=nm
MV,MV,321,CR,52,https://www.dhsprogram.com/customcf/legacy/data/download_dataset.cfm?Filename=MVCR52FL.zip&Tp=1&Ctry_Code=MV&surv_id=321&dm=1&dmode=nm
MV,MV,494,CR,71,https://www.dhsprogram.com/customcf/legacy/data/download_dataset.cfm?Filename=MVCR71FL.zip&Tp=1&Ctry_Code=MV&surv_id=494&dm=1&dmode=nm
MV,MV,321,HR,52,https://www.dhsprogram.com/customcf/legacy/data/download_dataset.cfm?Filename=MVHR52FL.zip&Tp=1&Ctry_Code=MV&surv_id=321&dm=1&dmode=nm
MV,MV,494,HR,71,https://www.dhsprogram.com/customcf/legacy/data/download_dataset.cfm?Filename=MVHR71FL.zip&Tp=1&Ctry_Code=MV&surv_id=494&dm=1&dmode=nm
MV,MV,321,IR,52,https://www.dhsprogram.com/customcf/legacy/data/download_dataset.cfm?Filename=MVIR52FL.zip&Tp=1&Ctry_Code=MV&surv_id=321&dm=1&dmode=nm
MV,MV,494,IR,71,https://www.dhsprogram.com/customcf/legacy/data/download_dataset.cfm?Filename=MVIR71FL.zip&Tp=1&Ctry_Code=MV&surv_id=494&dm=1&dmode=nm
MV,MV,321,KR,52,https://www.dhsprogram.com/customcf/legacy/data/download_dataset.cfm?Filename=MVKR52FL.zip&Tp=1&Ctry_Code=MV&surv_id=321&dm=1&dmode=nm
MV,MV,494,KR,71,https://www.dhsprogram.com/customcf/legacy/data/download_dataset.cfm?Filename=MVKR71FL.zip&Tp=1&Ctry_Code=MV&surv_id=494&dm=1&dmode=nm
MV,MV,321,MR,52,https://www.dhsprogram.com/customcf/legacy/data/download_dataset.cfm?Filename=MVMR52FL.zip&Tp=1&Ctry_Code=MV&surv_id=321&dm=1&dmode=nm
MV,MV,494,MR,71,https://www.dhsprogram.com/customcf/legacy/data/download_dataset.cfm?Filename=MVMR71FL.zip&Tp=1&Ctry_Code=MV&surv_id=494&dm=1&dmode=nm
MV,MV,321,OD,51,https://www.dhsprogram.com/customcf/legacy/data/download_dataset.cfm?Filename=MVOD51FL.zip&Tp=1&Ctry_Code=MV&surv_id=321&dm=1&dmode=nm
MV,MV,321,PR,52,https://www.dhsprogram.com/customcf/legacy/data/download_dataset.cfm?Filename=MVPR52FL.zip&Tp=1&Ctry_Code=MV&surv_id=321&dm=1&dmode=nm
MV,MV,494,PR,71,https://www.dhsprogram.com/customcf/legacy/data/download_dataset.cfm?Filename=MVPR71FL.zip&Tp=1&Ctry_Code=MV&surv_id=494&dm=1&dmode=nm
ML,ML,12,BR,01,https://www.dhsprogram.com/customcf/legacy/data/download_dataset.cfm?Filename=MLBR01FL.zip&Tp=1&Ctry_Code=ML&surv_id=12&dm=1&dmode=nm
ML,ML,77,BR,32,https://www.dhsprogram.com/customcf/legacy/data/download_dataset.cfm?Filename=MLBR32FL.zip&Tp=1&Ctry_Code=ML&surv_id=77&dm=1&dmode=nm
ML,ML,159,BR,41,https://www.dhsprogram.com/customcf/legacy/data/download_dataset.cfm?Filename=MLBR41FL.zip&Tp=1&Ctry_Code=ML&surv_id=159&dm=1&dmode=nm
ML,ML,276,BR,53,https://www.dhsprogram.com/customcf/legacy/data/download_dataset.cfm?Filename=MLBR53FL.zip&Tp=1&Ctry_Code=ML&surv_id=276&dm=1&dmode=nm
ML,ML,405,BR,6A,https://www.dhsprogram.com/customcf/legacy/data/download_dataset.cfm?Filename=MLBR6AFL.zip&Tp=1&Ctry_Code=ML&surv_id=405&dm=1&dmode=nm
ML,ML,517,BR,7A,https://www.dhsprogram.com/customcf/legacy/data/download_dataset.cfm?Filename=MLBR7AFL.zip&Tp=1&Ctry_Code=ML&surv_id=517&dm=1&dmode=nm
ML,ML,613,BR,8A,https://www.dhsprogram.com/customcf/legacy/data/download_dataset.cfm?Filename=MLBR8AFL.zip&Tp=1&Ctry_Code=ML&surv_id=613&dm=1&dmode=nm
ML,ML,77,CR,31,https://www.dhsprogram.com/customcf/legacy/data/download_dataset.cfm?Filename=MLCR31FL.zip&Tp=1&Ctry_Code=ML&surv_id=77&dm=1&dmode=nm
ML,ML,159,CR,41,https://www.dhsprogram.com/customcf/legacy/data/download_dataset.cfm?Filename=MLCR41FL.zip&Tp=1&Ctry_Code=ML&surv_id=159&dm=1&dmode=nm
ML,ML,276,CR,53,https://www.dhsprogram.com/customcf/legacy/data/download_dataset.cfm?Filename=MLCR53FL.zip&Tp=1&Ctry_Code=ML&surv_id=276&dm=1&dmode=nm
ML,ML,405,CR,6A,https://www.dhsprogram.com/customcf/legacy/data/download_dataset.cfm?Filename=MLCR6AFL.zip&Tp=1&Ctry_Code=ML&surv_id=405&dm=1&dmode=nm
ML,ML,517,CR,7A,https://www.dhsprogram.com/customcf/legacy/data/download_dataset.cfm?Filename=MLCR7AFL.zip&Tp=1&Ctry_Code=ML&surv_id=517&dm=1&dmode=nm
ML,ML,613,CR,8A,https://www.dhsprogram.com/customcf/legacy/data/download_dataset.cfm?Filename=MLCR8AFL.zip&Tp=1&Ctry_Code=ML&surv_id=613&dm=1&dmode=nm
ML,ML,12,HH,01,https://www.dhsprogram.com/customcf/legacy/data/download_dataset.cfm?Filename=MLHH01FL.zip&Tp=1&Ctry_Code=ML&surv_id=12&dm=1&dmode=nm
ML,ML,77,HR,32,https://www.dhsprogram.com/customcf/legacy/data/download_dataset.cfm?Filename=MLHR32FL.zip&Tp=1&Ctry_Code=ML&surv_id=77&dm=1&dmode=nm
ML,ML,159,HR,41,https://www.dhsprogram.com/customcf/legacy/data/download_dataset.cfm?Filename=MLHR41FL.zip&Tp=1&Ctry_Code=ML&surv_id=159&dm=1&dmode=nm
ML,ML,276,HR,53,https://www.dhsprogram.com/customcf/legacy/data/download_dataset.cfm?Filename=MLHR53FL.zip&Tp=1&Ctry_Code=ML&surv_id=276&dm=1&dmode=nm
ML,ML,387,HR,61,https://www.dhsprogram.com/customcf/legacy/data/download_dataset.cfm?Filename=MLHR61FL.zip&Tp=1&Ctry_Code=ML&surv_id=387&dm=1&dmode=nm
ML,ML,405,HR,6A,https://www.dhsprogram.com/customcf/legacy/data/download_dataset.cfm?Filename=MLHR6AFL.zip&Tp=1&Ctry_Code=ML&surv_id=405&dm=1&dmode=nm
ML,ML,487,HR,72,https://www.dhsprogram.com/customcf/legacy/data/download_dataset.cfm?Filename=MLHR72FL.zip&Tp=1&Ctry_Code=ML&surv_id=487&dm=1&dmode=nm
ML,ML,517,HR,7A,https://www.dhsprogram.com/customcf/legacy/data/download_dataset.cfm?Filename=MLHR7AFL.zip&Tp=1&Ctry_Code=ML&surv_id=517&dm=1&dmode=nm
ML,ML,574,HR,83,https://www.dhsprogram.com/customcf/legacy/data/download_dataset.cfm?Filename=MLHR83FL.zip&Tp=1&Ctry_Code=ML&surv_id=574&dm=1&dmode=nm
ML,ML,613,HR,8A,https://www.dhsprogram.com/customcf/legacy/data/download_dataset.cfm?Filename=MLHR8AFL.zip&Tp=1&Ctry_Code=ML&surv_id=613&dm=1&dmode=nm
ML,ML,12,HW,01,https://www.dhsprogram.com/customcf/legacy/data/download_dataset.cfm?Filename=MLHW01FL.zip&Tp=1&Ctry_Code=ML&surv_id=12&dm=1&dmode=nm
ML,ML,77,HW,32,https://www.dhsprogram.com/customcf/legacy/data/download_dataset.cfm?Filename=MLHW32FL.zip&Tp=1&Ctry_Code=ML&surv_id=77&dm=1&dmode=nm
ML,ML,159,HW,41,https://www.dhsprogram.com/customcf/legacy/data/download_dataset.cfm?Filename=MLHW41FL.zip&Tp=1&Ctry_Code=ML&surv_id=159&dm=1&dmode=nm
ML,ML,12,IR,01,https://www.dhsprogram.com/customcf/legacy/data/download_dataset.cfm?Filename=MLIR01FL.zip&Tp=1&Ctry_Code=ML&surv_id=12&dm=1&dmode=nm
ML,ML,77,IR,32,https://www.dhsprogram.com/customcf/legacy/data/download_dataset.cfm?Filename=MLIR32FL.zip&Tp=1&Ctry_Code=ML&surv_id=77&dm=1&dmode=nm
ML,ML,159,IR,41,https://www.dhsprogram.com/customcf/legacy/data/download_dataset.cfm?Filename=MLIR41FL.zip&Tp=1&Ctry_Code=ML&surv_id=159&dm=1&dmode=nm
ML,ML,276,IR,53,https://www.dhsprogram.com/customcf/legacy/data/download_dataset.cfm?Filename=MLIR53FL.zip&Tp=1&Ctry_Code=ML&surv_id=276&dm=1&dmode=nm
ML,ML,405,IR,6A,https://www.dhsprogram.com/customcf/legacy/data/download_dataset.cfm?Filename=MLIR6AFL.zip&Tp=1&Ctry_Code=ML&surv_id=405&dm=1&dmode=nm
ML,ML,487,IR,72,https://www.dhsprogram.com/customcf/legacy/data/download_dataset.cfm?Filename=MLIR72FL.zip&Tp=1&Ctry_Code=ML&surv_id=487&dm=1&dmode=nm
ML,ML,517,IR,7A,https://www.dhsprogram.com/customcf/legacy/data/download_dataset.cfm?Filename=MLIR7AFL.zip&Tp=1&Ctry_Code=ML&surv_id=517&dm=1&dmode=nm
ML,ML,574,IR,83,https://www.dhsprogram.com/customcf/legacy/data/download_dataset.cfm?Filename=MLIR83FL.zip&Tp=1&Ctry_Code=ML&surv_id=574&dm=1&dmode=nm
ML,ML,613,IR,8A,https://www.dhsprogram.com/customcf/legacy/data/download_dataset.cfm?Filename=MLIR8AFL.zip&Tp=1&Ctry_Code=ML&surv_id=613&dm=1&dmode=nm
ML,ML,12,KR,01,https://www.dhsprogram.com/customcf/legacy/data/download_dataset.cfm?Filename=MLKR01FL.zip&Tp=1&Ctry_Code=ML&surv_id=12&dm=1&dmode=nm
ML,ML,77,KR,31,https://www.dhsprogram.com/customcf/legacy/data/download_dataset.cfm?Filename=MLKR31FL.zip&Tp=1&Ctry_Code=ML&surv_id=77&dm=1&dmode=nm
ML,ML,159,KR,41,https://www.dhsprogram.com/customcf/legacy/data/download_dataset.cfm?Filename=MLKR41FL.zip&Tp=1&Ctry_Code=ML&surv_id=159&dm=1&dmode=nm
ML,ML,276,KR,53,https://www.dhsprogram.com/customcf/legacy/data/download_dataset.cfm?Filename=MLKR53FL.zip&Tp=1&Ctry_Code=ML&surv_id=276&dm=1&dmode=nm
ML,ML,405,KR,6A,https://www.dhsprogram.com/customcf/legacy/data/download_dataset.cfm?Filename=MLKR6AFL.zip&Tp=1&Ctry_Code=ML&surv_id=405&dm=1&dmode=nm
ML,ML,487,KR,72,https://www.dhsprogram.com/customcf/legacy/data/download_dataset.cfm?Filename=MLKR72FL.zip&Tp=1&Ctry_Code=ML&surv_id=487&dm=1&dmode=nm
ML,ML,517,KR,7A,https://www.dhsprogram.com/customcf/legacy/data/download_dataset.cfm?Filename=MLKR7AFL.zip&Tp=1&Ctry_Code=ML&surv_id=517&dm=1&dmode=nm
ML,ML,574,KR,83,https://www.dhsprogram.com/customcf/legacy/data/download_dataset.cfm?Filename=MLKR83FL.zip&Tp=1&Ctry_Code=ML&surv_id=574&dm=1&dmode=nm
ML,ML,613,KR,8A,https://www.dhsprogram.com/customcf/legacy/data/download_dataset.cfm?Filename=MLKR8AFL.zip&Tp=1&Ctry_Code=ML&surv_id=613&dm=1&dmode=nm
ML,ML,12,ML,01,https://www.dhsprogram.com/customcf/legacy/data/download_dataset.cfm?Filename=MLML01FL.zip&Tp=1&Ctry_Code=ML&surv_id=12&dm=1&dmode=nm
ML,ML,77,MR,31,https://www.dhsprogram.com/customcf/legacy/data/download_dataset.cfm?Filename=MLMR31FL.zip&Tp=1&Ctry_Code=ML&surv_id=77&dm=1&dmode=nm
ML,ML,159,MR,41,https://www.dhsprogram.com/customcf/legacy/data/download_dataset.cfm?Filename=MLMR41FL.zip&Tp=1&Ctry_Code=ML&surv_id=159&dm=1&dmode=nm
ML,ML,276,MR,53,https://www.dhsprogram.com/customcf/legacy/data/download_dataset.cfm?Filename=MLMR53FL.zip&Tp=1&Ctry_Code=ML&surv_id=276&dm=1&dmode=nm
ML,ML,405,MR,6A,https://www.dhsprogram.com/customcf/legacy/data/download_dataset.cfm?Filename=MLMR6AFL.zip&Tp=1&Ctry_Code=ML&surv_id=405&dm=1&dmode=nm
ML,ML,517,MR,7A,https://www.dhsprogram.com/customcf/legacy/data/download_dataset.cfm?Filename=MLMR7AFL.zip&Tp=1&Ctry_Code=ML&surv_id=517&dm=1&dmode=nm
ML,ML,613,MR,8A,https://www.dhsprogram.com/customcf/legacy/data/download_dataset.cfm?Filename=MLMR8AFL.zip&Tp=1&Ctry_Code=ML&surv_id=613&dm=1&dmode=nm
ML,ML,77,PR,32,https://www.dhsprogram.com/customcf/legacy/data/download_dataset.cfm?Filename=MLPR32FL.zip&Tp=1&Ctry_Code=ML&surv_id=77&dm=1&dmode=nm
ML,ML,159,PR,41,https://www.dhsprogram.com/customcf/legacy/data/download_dataset.cfm?Filename=MLPR41FL.zip&Tp=1&Ctry_Code=ML&surv_id=159&dm=1&dmode=nm
ML,ML,276,PR,53,https://www.dhsprogram.com/customcf/legacy/data/download_dataset.cfm?Filename=MLPR53FL.zip&Tp=1&Ctry_Code=ML&surv_id=276&dm=1&dmode=nm
ML,ML,387,PR,61,https://www.dhsprogram.com/customcf/legacy/data/download_dataset.cfm?Filename=MLPR61FL.zip&Tp=1&Ctry_Code=ML&surv_id=387&dm=1&dmode=nm
ML,ML,405,PR,6A,https://www.dhsprogram.com/customcf/legacy/data/download_dataset.cfm?Filename=MLPR6AFL.zip&Tp=1&Ctry_Code=ML&surv_id=405&dm=1&dmode=nm
ML,ML,487,PR,72,https://www.dhsprogram.com/customcf/legacy/data/download_dataset.cfm?Filename=MLPR72FL.zip&Tp=1&Ctry_Code=ML&surv_id=487&dm=1&dmode=nm
ML,ML,517,PR,7A,https://www.dhsprogram.com/customcf/legacy/data/download_dataset.cfm?Filename=MLPR7AFL.zip&Tp=1&Ctry_Code=ML&surv_id=517&dm=1&dmode=nm
ML,ML,574,PR,83,https://www.dhsprogram.com/customcf/legacy/data/download_dataset.cfm?Filename=MLPR83FL.zip&Tp=1&Ctry_Code=ML&surv_id=574&dm=1&dmode=nm
ML,ML,613,PR,8A,https://www.dhsprogram.com/customcf/legacy/data/download_dataset.cfm?Filename=MLPR8AFL.zip&Tp=1&Ctry_Code=ML&surv_id=613&dm=1&dmode=nm
ML,ML,77,SQ,31,https://www.dhsprogram.com/customcf/legacy/data/download_dataset.cfm?Filename=MLSQ31FL.zip&Tp=1&Ctry_Code=ML&surv_id=77&dm=1&dmode=nm
ML,ML,159,SQ,42,https://www.dhsprogram.com/customcf/legacy/data/download_dataset.cfm?Filename=MLSQ42FL.zip&Tp=1&Ctry_Code=ML&surv_id=159&dm=1&dmode=nm
ML,ML,77,WI,32,https://www.dhsprogram.com/customcf/legacy/data/download_dataset.cfm?Filename=MLWI32FL.zip&Tp=1&Ctry_Code=ML&surv_id=77&dm=1&dmode=nm
ML,ML,159,WI,42,https://www.dhsprogram.com/customcf/legacy/data/download_dataset.cfm?Filename=MLWI42FL.zip&Tp=1&Ctry_Code=ML&surv_id=159&dm=1&dmode=nm
ML,ML,77,GE,33,https://www.dhsprogram.com/customcf/legacy/data/download_dataset.cfm?Filename=MLGE33FL.zip&Tp=2&Ctry_Code=ML&surv_id=77&dm=1&dmode=nm
ML,ML,159,GE,42,https://www.dhsprogram.com/customcf/legacy/data/download_dataset.cfm?Filename=MLGE42FL.zip&Tp=2&Ctry_Code=ML&surv_id=159&dm=1&dmode=nm
ML,ML,276,GE,52,https://www.dhsprogram.com/customcf/legacy/data/download_dataset.cfm?Filename=MLGE52FL.zip&Tp=2&Ctry_Code=ML&surv_id=276&dm=1&dmode=nm
ML,ML,387,GE,63,https://www.dhsprogram.com/customcf/legacy/data/download_dataset.cfm?Filename=MLGE63FL.zip&Tp=2&Ctry_Code=ML&surv_id=387&dm=1&dmode=nm
ML,ML,405,GE,6B,https://www.dhsprogram.com/customcf/legacy/data/download_dataset.cfm?Filename=MLGE6BFL.zip&Tp=2&Ctry_Code=ML&surv_id=405&dm=1&dmode=nm
ML,ML,487,GE,71,https://www.dhsprogram.com/customcf/legacy/data/download_dataset.cfm?Filename=MLGE71FL.zip&Tp=2&Ctry_Code=ML&surv_id=487&dm=1&dmode=nm
ML,ML,517,GE,7A,https://www.dhsprogram.com/customcf/legacy/data/download_dataset.cfm?Filename=MLGE7AFL.zip&Tp=2&Ctry_Code=ML&surv_id=517&dm=1&dmode=nm
ML,ML,574,GE,81,https://www.dhsprogram.com/customcf/legacy/data/download_dataset.cfm?Filename=MLGE81FL.zip&Tp=2&Ctry_Code=ML&surv_id=574&dm=1&dmode=nm
ML,ML,613,GE,8A,https://www.dhsprogram.com/customcf/legacy/data/download_dataset.cfm?Filename=MLGE8AFL.zip&Tp=2&Ctry_Code=ML&surv_id=613&dm=1&dmode=nm
MR,MR,553,BR,71,https://www.dhsprogram.com/customcf/legacy/data/download_dataset.cfm?Filename=MRBR71FL.zip&Tp=1&Ctry_Code=MR&surv_id=553&dm=1&dmode=nm
MR,MR,553,CR,71,https://www.dhsprogram.com/customcf/legacy/data/download_dataset.cfm?Filename=MRCR71FL.zip&Tp=1&Ctry_Code=MR&surv_id=553&dm=1&dmode=nm
MR,MR,553,HR,71,https://www.dhsprogram.com/customcf/legacy/data/download_dataset.cfm?Filename=MRHR71FL.zip&Tp=1&Ctry_Code=MR&surv_id=553&dm=1&dmode=nm
MR,MR,553,IR,71,https://www.dhsprogram.com/customcf/legacy/data/download_dataset.cfm?Filename=MRIR71FL.zip&Tp=1&Ctry_Code=MR&surv_id=553&dm=1&dmode=nm
MR,MR,553,KR,71,https://www.dhsprogram.com/customcf/legacy/data/download_dataset.cfm?Filename=MRKR71FL.zip&Tp=1&Ctry_Code=MR&surv_id=553&dm=1&dmode=nm
MR,MR,553,MR,71,https://www.dhsprogram.com/customcf/legacy/data/download_dataset.cfm?Filename=MRMR71FL.zip&Tp=1&Ctry_Code=MR&surv_id=553&dm=1&dmode=nm
MR,MR,553,PR,71,https://www.dhsprogram.com/customcf/legacy/data/download_dataset.cfm?Filename=MRPR71FL.zip&Tp=1&Ctry_Code=MR&surv_id=553&dm=1&dmode=nm
MR,MR,553,GE,71,https://www.dhsprogram.com/customcf/legacy/data/download_dataset.cfm?Filename=MRGE71FL.zip&Tp=2&Ctry_Code=MR&surv_id=553&dm=1&dmode=nm
MX,MX,11,BR,01,https://www.dhsprogram.com/customcf/legacy/data/download_dataset.cfm?Filename=MXBR01FL.zip&Tp=1&Ctry_Code=MX&surv_id=11&dm=1&dmode=nm
MX,MX,11,HH,02,https://www.dhsprogram.com/customcf/legacy/data/download_dataset.cfm?Filename=MXHH02FL.zip&Tp=1&Ctry_Code=MX&surv_id=11&dm=1&dmode=nm
MX,MX,11,IR,01,https://www.dhsprogram.com/customcf/legacy/data/download_dataset.cfm?Filename=MXIR01FL.zip&Tp=1&Ctry_Code=MX&surv_id=11&dm=1&dmode=nm
MX,MX,11,KR,01,https://www.dhsprogram.com/customcf/legacy/data/download_dataset.cfm?Filename=MXKR01FL.zip&Tp=1&Ctry_Code=MX&surv_id=11&dm=1&dmode=nm
MB,MB,258,BR,53,https://www.dhsprogram.com/customcf/legacy/data/download_dataset.cfm?Filename=MBBR53FL.zip&Tp=1&Ctry_Code=MB&surv_id=258&dm=1&dmode=nm
MB,MB,258,CR,52,https://www.dhsprogram.com/customcf/legacy/data/download_dataset.cfm?Filename=MBCR52FL.zip&Tp=1&Ctry_Code=MB&surv_id=258&dm=1&dmode=nm
MB,MB,258,HR,53,https://www.dhsprogram.com/customcf/legacy/data/download_dataset.cfm?Filename=MBHR53FL.zip&Tp=1&Ctry_Code=MB&surv_id=258&dm=1&dmode=nm
MB,MB,258,HW,52,https://www.dhsprogram.com/customcf/legacy/data/download_dataset.cfm?Filename=MBHW52FL.zip&Tp=1&Ctry_Code=MB&surv_id=258&dm=1&dmode=nm
MB,MB,258,IR,53,https://www.dhsprogram.com/customcf/legacy/data/download_dataset.cfm?Filename=MBIR53FL.zip&Tp=1&Ctry_Code=MB&surv_id=258&dm=1&dmode=nm
MB,MB,258,KR,53,https://www.dhsprogram.com/customcf/legacy/data/download_dataset.cfm?Filename=MBKR53FL.zip&Tp=1&Ctry_Code=MB&surv_id=258&dm=1&dmode=nm
MB,MB,258,MR,52,https://www.dhsprogram.com/customcf/legacy/data/download_dataset.cfm?Filename=MBMR52FL.zip&Tp=1&Ctry_Code=MB&surv_id=258&dm=1&dmode=nm
MB,MB,258,PR,53,https://www.dhsprogram.com/customcf/legacy/data/download_dataset.cfm?Filename=MBPR53FL.zip&Tp=1&Ctry_Code=MB&surv_id=258&dm=1&dmode=nm
MB,MB,258,GE,52,https://www.dhsprogram.com/customcf/legacy/data/download_dataset.cfm?Filename=MBGE52FL.zip&Tp=2&Ctry_Code=MB&surv_id=258&dm=1&dmode=nm
MA,MA,17,BR,01,https://www.dhsprogram.com/customcf/legacy/data/download_dataset.cfm?Filename=MABR01FL.zip&Tp=1&Ctry_Code=MA&surv_id=17&dm=1&dmode=nm
MA,MA,47,BR,21,https://www.dhsprogram.com/customcf/legacy/data/download_dataset.cfm?Filename=MABR21FL.zip&Tp=1&Ctry_Code=MA&surv_id=47&dm=1&dmode=nm
MA,MA,214,BR,43,https://www.dhsprogram.com/customcf/legacy/data/download_dataset.cfm?Filename=MABR43FL.zip&Tp=1&Ctry_Code=MA&surv_id=214&dm=1&dmode=nm
MA,MA,17,HH,01,https://www.dhsprogram.com/customcf/legacy/data/download_dataset.cfm?Filename=MAHH01FL.zip&Tp=1&Ctry_Code=MA&surv_id=17&dm=1&dmode=nm
MA,MA,75,HH,33,https://www.dhsprogram.com/customcf/legacy/data/download_dataset.cfm?Filename=MAHH33FL.zip&Tp=1&Ctry_Code=MA&surv_id=75&dm=1&dmode=nm
MA,MA,47,HR,21,https://www.dhsprogram.com/customcf/legacy/data/download_dataset.cfm?Filename=MAHR21FL.zip&Tp=1&Ctry_Code=MA&surv_id=47&dm=1&dmode=nm
MA,MA,214,HR,43,https://www.dhsprogram.com/customcf/legacy/data/download_dataset.cfm?Filename=MAHR43FL.zip&Tp=1&Ctry_Code=MA&surv_id=214&dm=1&dmode=nm
MA,MA,17,HW,01,https://www.dhsprogram.com/customcf/legacy/data/download_dataset.cfm?Filename=MAHW01FL.zip&Tp=1&Ctry_Code=MA&surv_id=17&dm=1&dmode=nm
MA,MA,47,HW,21,https://www.dhsprogram.com/customcf/legacy/data/download_dataset.cfm?Filename=MAHW21FL.zip&Tp=1&Ctry_Code=MA&surv_id=47&dm=1&dmode=nm
MA,MA,214,HW,42,https://www.dhsprogram.com/customcf/legacy/data/download_dataset.cfm?Filename=MAHW42FL.zip&Tp=1&Ctry_Code=MA&surv_id=214&dm=1&dmode=nm
MA,MA,75,IQ,33,https://www.dhsprogram.com/customcf/legacy/data/download_dataset.cfm?Filename=MAIQ33FL.zip&Tp=1&Ctry_Code=MA&surv_id=75&dm=1&dmode=nm
MA,MA,17,IR,01,https://www.dhsprogram.com/customcf/legacy/data/download_dataset.cfm?Filename=MAIR01FL.zip&Tp=1&Ctry_Code=MA&surv_id=17&dm=1&dmode=nm
MA,MA,47,IR,21,https://www.dhsprogram.com/customcf/legacy/data/download_dataset.cfm?Filename=MAIR21FL.zip&Tp=1&Ctry_Code=MA&surv_id=47&dm=1&dmode=nm
MA,MA,214,IR,43,https://www.dhsprogram.com/customcf/legacy/data/download_dataset.cfm?Filename=MAIR43FL.zip&Tp=1&Ctry_Code=MA&surv_id=214&dm=1&dmode=nm
MA,MA,17,KR,01,https://www.dhsprogram.com/customcf/legacy/data/download_dataset.cfm?Filename=MAKR01FL.zip&Tp=1&Ctry_Code=MA&surv_id=17&dm=1&dmode=nm
MA,MA,47,KR,21,https://www.dhsprogram.com/customcf/legacy/data/download_dataset.cfm?Filename=MAKR21FL.zip&Tp=1&Ctry_Code=MA&surv_id=47&dm=1&dmode=nm
MA,MA,214,KR,43,https://www.dhsprogram.com/customcf/legacy/data/download_dataset.cfm?Filename=MAKR43FL.zip&Tp=1&Ctry_Code=MA&surv_id=214&dm=1&dmode=nm
MA,MA,47,PR,21,https://www.dhsprogram.com/customcf/legacy/data/download_dataset.cfm?Filename=MAPR21FL.zip&Tp=1&Ctry_Code=MA&surv_id=47&dm=1&dmode=nm
MA,MA,214,PR,43,https://www.dhsprogram.com/customcf/legacy/data/download_dataset.cfm?Filename=MAPR43FL.zip&Tp=1&Ctry_Code=MA&surv_id=214&dm=1&dmode=nm
MA,MA,47,SQ,20,https://www.dhsprogram.com/customcf/legacy/data/download_dataset.cfm?Filename=MASQ20FL.zip&Tp=1&Ctry_Code=MA&surv_id=47&dm=1&dmode=nm
MA,MA,47,WI,21,https://www.dhsprogram.com/customcf/legacy/data/download_dataset.cfm?Filename=MAWI21FL.zip&Tp=1&Ctry_Code=MA&surv_id=47&dm=1&dmode=nm
MA,MA,214,GE,43,https://www.dhsprogram.com/customcf/legacy/data/download_dataset.cfm?Filename=MAGE43FL.zip&Tp=2&Ctry_Code=MA&surv_id=214&dm=1&dmode=nm
MZ,MZ,105,BR,31,https://www.dhsprogram.com/customcf/legacy/data/download_dataset.cfm?Filename=MZBR31FL.zip&Tp=1&Ctry_Code=MZ&surv_id=105&dm=1&dmode=nm
MZ,MZ,174,BR,41,https://www.dhsprogram.com/customcf/legacy/data/download_dataset.cfm?Filename=MZBR41FL.zip&Tp=1&Ctry_Code=MZ&surv_id=174&dm=1&dmode=nm
MZ,MZ,362,BR,62,https://www.dhsprogram.com/customcf/legacy/data/download_dataset.cfm?Filename=MZBR62FL.zip&Tp=1&Ctry_Code=MZ&surv_id=362&dm=1&dmode=nm
MZ,MZ,467,BR,71,https://www.dhsprogram.com/customcf/legacy/data/download_dataset.cfm?Filename=MZBR71FL.zip&Tp=1&Ctry_Code=MZ&surv_id=467&dm=1&dmode=nm
MZ,MZ,564,BR,81,https://www.dhsprogram.com/customcf/legacy/data/download_dataset.cfm?Filename=MZBR81FL.zip&Tp=1&Ctry_Code=MZ&surv_id=564&dm=1&dmode=nm
MZ,MZ,105,CR,31,https://www.dhsprogram.com/customcf/legacy/data/download_dataset.cfm?Filename=MZCR31FL.zip&Tp=1&Ctry_Code=MZ&surv_id=105&dm=1&dmode=nm
MZ,MZ,174,CR,41,https://www.dhsprogram.com/customcf/legacy/data/download_dataset.cfm?Filename=MZCR41FL.zip&Tp=1&Ctry_Code=MZ&surv_id=174&dm=1&dmode=nm
MZ,MZ,362,CR,62,https://www.dhsprogram.com/customcf/legacy/data/download_dataset.cfm?Filename=MZCR62FL.zip&Tp=1&Ctry_Code=MZ&surv_id=362&dm=1&dmode=nm
MZ,MZ,467,CR,71,https://www.dhsprogram.com/customcf/legacy/data/download_dataset.cfm?Filename=MZCR71FL.zip&Tp=1&Ctry_Code=MZ&surv_id=467&dm=1&dmode=nm
MZ,MZ,564,CR,81,https://www.dhsprogram.com/customcf/legacy/data/download_dataset.cfm?Filename=MZCR81FL.zip&Tp=1&Ctry_Code=MZ&surv_id=564&dm=1&dmode=nm
MZ,MZ,105,HR,31,https://www.dhsprogram.com/customcf/legacy/data/download_dataset.cfm?Filename=MZHR31FL.zip&Tp=1&Ctry_Code=MZ&surv_id=105&dm=1&dmode=nm
MZ,MZ,174,HR,41,https://www.dhsprogram.com/customcf/legacy/data/download_dataset.cfm?Filename=MZHR41FL.zip&Tp=1&Ctry_Code=MZ&surv_id=174&dm=1&dmode=nm
MZ,MZ,322,HR,51,https://www.dhsprogram.com/customcf/legacy/data/download_dataset.cfm?Filename=MZHR51FL.zip&Tp=1&Ctry_Code=MZ&surv_id=322&dm=1&dmode=nm
MZ,MZ,362,HR,62,https://www.dhsprogram.com/customcf/legacy/data/download_dataset.cfm?Filename=MZHR62FL.zip&Tp=1&Ctry_Code=MZ&surv_id=362&dm=1&dmode=nm
MZ,MZ,467,HR,71,https://www.dhsprogram.com/customcf/legacy/data/download_dataset.cfm?Filename=MZHR71FL.zip&Tp=1&Ctry_Code=MZ&surv_id=467&dm=1&dmode=nm
MZ,MZ,527,HR,7A,https://www.dhsprogram.com/customcf/legacy/data/download_dataset.cfm?Filename=MZHR7AFL.zip&Tp=1&Ctry_Code=MZ&surv_id=527&dm=1&dmode=nm
MZ,MZ,564,HR,81,https://www.dhsprogram.com/customcf/legacy/data/download_dataset.cfm?Filename=MZHR81FL.zip&Tp=1&Ctry_Code=MZ&surv_id=564&dm=1&dmode=nm
MZ,MZ,105,HW,31,https://www.dhsprogram.com/customcf/legacy/data/download_dataset.cfm?Filename=MZHW31FL.zip&Tp=1&Ctry_Code=MZ&surv_id=105&dm=1&dmode=nm
MZ,MZ,174,HW,41,https://www.dhsprogram.com/customcf/legacy/data/download_dataset.cfm?Filename=MZHW41FL.zip&Tp=1&Ctry_Code=MZ&surv_id=174&dm=1&dmode=nm
MZ,MZ,105,IR,31,https://www.dhsprogram.com/customcf/legacy/data/download_dataset.cfm?Filename=MZIR31FL.zip&Tp=1&Ctry_Code=MZ&surv_id=105&dm=1&dmode=nm
MZ,MZ,174,IR,41,https://www.dhsprogram.com/customcf/legacy/data/download_dataset.cfm?Filename=MZIR41FL.zip&Tp=1&Ctry_Code=MZ&surv_id=174&dm=1&dmode=nm
MZ,MZ,322,IR,51,https://www.dhsprogram.com/customcf/legacy/data/download_dataset.cfm?Filename=MZIR51FL.zip&Tp=1&Ctry_Code=MZ&surv_id=322&dm=1&dmode=nm
MZ,MZ,362,IR,62,https://www.dhsprogram.com/customcf/legacy/data/download_dataset.cfm?Filename=MZIR62FL.zip&Tp=1&Ctry_Code=MZ&surv_id=362&dm=1&dmode=nm
MZ,MZ,467,IR,71,https://www.dhsprogram.com/customcf/legacy/data/download_dataset.cfm?Filename=MZIR71FL.zip&Tp=1&Ctry_Code=MZ&surv_id=467&dm=1&dmode=nm
MZ,MZ,527,IR,7A,https://www.dhsprogram.com/customcf/legacy/data/download_dataset.cfm?Filename=MZIR7AFL.zip&Tp=1&Ctry_Code=MZ&surv_id=527&dm=1&dmode=nm
MZ,MZ,564,IR,81,https://www.dhsprogram.com/customcf/legacy/data/download_dataset.cfm?Filename=MZIR81FL.zip&Tp=1&Ctry_Code=MZ&surv_id=564&dm=1&dmode=nm
MZ,MZ,105,KR,31,https://www.dhsprogram.com/customcf/legacy/data/download_dataset.cfm?Filename=MZKR31FL.zip&Tp=1&Ctry_Code=MZ&surv_id=105&dm=1&dmode=nm
MZ,MZ,174,KR,41,https://www.dhsprogram.com/customcf/legacy/data/download_dataset.cfm?Filename=MZKR41FL.zip&Tp=1&Ctry_Code=MZ&surv_id=174&dm=1&dmode=nm
MZ,MZ,362,KR,62,https://www.dhsprogram.com/customcf/legacy/data/download_dataset.cfm?Filename=MZKR62FL.zip&Tp=1&Ctry_Code=MZ&surv_id=362&dm=1&dmode=nm
MZ,MZ,467,KR,71,https://www.dhsprogram.com/customcf/legacy/data/download_dataset.cfm?Filename=MZKR71FL.zip&Tp=1&Ctry_Code=MZ&surv_id=467&dm=1&dmode=nm
MZ,MZ,527,KR,7A,https://www.dhsprogram.com/customcf/legacy/data/download_dataset.cfm?Filename=MZKR7AFL.zip&Tp=1&Ctry_Code=MZ&surv_id=527&dm=1&dmode=nm
MZ,MZ,564,KR,81,https://www.dhsprogram.com/customcf/legacy/data/download_dataset.cfm?Filename=MZKR81FL.zip&Tp=1&Ctry_Code=MZ&surv_id=564&dm=1&dmode=nm
MZ,MZ,105,MR,31,https://www.dhsprogram.com/customcf/legacy/data/download_dataset.cfm?Filename=MZMR31FL.zip&Tp=1&Ctry_Code=MZ&surv_id=105&dm=1&dmode=nm
MZ,MZ,174,MR,41,https://www.dhsprogram.com/customcf/legacy/data/download_dataset.cfm?Filename=MZMR41FL.zip&Tp=1&Ctry_Code=MZ&surv_id=174&dm=1&dmode=nm
MZ,MZ,362,MR,62,https://www.dhsprogram.com/customcf/legacy/data/download_dataset.cfm?Filename=MZMR62FL.zip&Tp=1&Ctry_Code=MZ&surv_id=362&dm=1&dmode=nm
MZ,MZ,467,MR,71,https://www.dhsprogram.com/customcf/legacy/data/download_dataset.cfm?Filename=MZMR71FL.zip&Tp=1&Ctry_Code=MZ&surv_id=467&dm=1&dmode=nm
MZ,MZ,564,MR,81,https://www.dhsprogram.com/customcf/legacy/data/download_dataset.cfm?Filename=MZMR81FL.zip&Tp=1&Ctry_Code=MZ&surv_id=564&dm=1&dmode=nm
MZ,MZ,322,OD,51,https://www.dhsprogram.com/customcf/legacy/data/download_dataset.cfm?Filename=MZOD51FL.zip&Tp=1&Ctry_Code=MZ&surv_id=322&dm=1&dmode=nm
MZ,MZ,105,PR,31,https://www.dhsprogram.com/customcf/legacy/data/download_dataset.cfm?Filename=MZPR31FL.zip&Tp=1&Ctry_Code=MZ&surv_id=105&dm=1&dmode=nm
MZ,MZ,174,PR,41,https://www.dhsprogram.com/customcf/legacy/data/download_dataset.cfm?Filename=MZPR41FL.zip&Tp=1&Ctry_Code=MZ&surv_id=174&dm=1&dmode=nm
MZ,MZ,322,PR,51,https://www.dhsprogram.com/customcf/legacy/data/download_dataset.cfm?Filename=MZPR51FL.zip&Tp=1&Ctry_Code=MZ&surv_id=322&dm=1&dmode=nm
MZ,MZ,362,PR,62,https://www.dhsprogram.com/customcf/legacy/data/download_dataset.cfm?Filename=MZPR62FL.zip&Tp=1&Ctry_Code=MZ&surv_id=362&dm=1&dmode=nm
MZ,MZ,467,PR,71,https://www.dhsprogram.com/customcf/legacy/data/download_dataset.cfm?Filename=MZPR71FL.zip&Tp=1&Ctry_Code=MZ&surv_id=467&dm=1&dmode=nm
MZ,MZ,527,PR,7A,https://www.dhsprogram.com/customcf/legacy/data/download_dataset.cfm?Filename=MZPR7AFL.zip&Tp=1&Ctry_Code=MZ&surv_id=527&dm=1&dmode=nm
MZ,MZ,564,PR,81,https://www.dhsprogram.com/customcf/legacy/data/download_dataset.cfm?Filename=MZPR81FL.zip&Tp=1&Ctry_Code=MZ&surv_id=564&dm=1&dmode=nm
MZ,MZ,105,WI,31,https://www.dhsprogram.com/customcf/legacy/data/download_dataset.cfm?Filename=MZWI31FL.zip&Tp=1&Ctry_Code=MZ&surv_id=105&dm=1&dmode=nm
MZ,MZ,322,GE,52,https://www.dhsprogram.com/customcf/legacy/data/download_dataset.cfm?Filename=MZGE52FL.zip&Tp=2&Ctry_Code=MZ&surv_id=322&dm=1&dmode=nm
MZ,MZ,362,GE,61,https://www.dhsprogram.com/customcf/legacy/data/download_dataset.cfm?Filename=MZGE61FL.zip&Tp=2&Ctry_Code=MZ&surv_id=362&dm=1&dmode=nm
MZ,MZ,467,GE,71,https://www.dhsprogram.com/customcf/legacy/data/download_dataset.cfm?Filename=MZGE71FL.zip&Tp=2&Ctry_Code=MZ&surv_id=467&dm=1&dmode=nm
MZ,MZ,527,GE,7A,https://www.dhsprogram.com/customcf/legacy/data/download_dataset.cfm?Filename=MZGE7AFL.zip&Tp=2&Ctry_Code=MZ&surv_id=527&dm=1&dmode=nm
MZ,MZ,564,GE,81,https://www.dhsprogram.com/customcf/legacy/data/download_dataset.cfm?Filename=MZGE81FL.zip&Tp=2&Ctry_Code=MZ&surv_id=564&dm=1&dmode=nm
MM,MM,454,BR,71,https://www.dhsprogram.com/customcf/legacy/data/download_dataset.cfm?Filename=MMBR71FL.zip&Tp=1&Ctry_Code=MM&surv_id=454&dm=1&dmode=nm
MM,MM,454,CR,71,https://www.dhsprogram.com/customcf/legacy/data/download_dataset.cfm?Filename=MMCR71FL.zip&Tp=1&Ctry_Code=MM&surv_id=454&dm=1&dmode=nm
MM,MM,454,HR,71,https://www.dhsprogram.com/customcf/legacy/data/download_dataset.cfm?Filename=MMHR71FL.zip&Tp=1&Ctry_Code=MM&surv_id=454&dm=1&dmode=nm
MM,MM,454,IR,71,https://www.dhsprogram.com/customcf/legacy/data/download_dataset.cfm?Filename=MMIR71FL.zip&Tp=1&Ctry_Code=MM&surv_id=454&dm=1&dmode=nm
MM,MM,454,KR,71,https://www.dhsprogram.com/customcf/legacy/data/download_dataset.cfm?Filename=MMKR71FL.zip&Tp=1&Ctry_Code=MM&surv_id=454&dm=1&dmode=nm
MM,MM,454,MR,71,https://www.dhsprogram.com/customcf/legacy/data/download_dataset.cfm?Filename=MMMR71FL.zip&Tp=1&Ctry_Code=MM&surv_id=454&dm=1&dmode=nm
MM,MM,454,PR,71,https://www.dhsprogram.com/customcf/legacy/data/download_dataset.cfm?Filename=MMPR71FL.zip&Tp=1&Ctry_Code=MM&surv_id=454&dm=1&dmode=nm
MM,MM,454,GE,71,https://www.dhsprogram.com/customcf/legacy/data/download_dataset.cfm?Filename=MMGE71FL.zip&Tp=2&Ctry_Code=MM&surv_id=454&dm=1&dmode=nm
NM,NM,48,BR,21,https://www.dhsprogram.com/customcf/legacy/data/download_dataset.cfm?Filename=NMBR21FL.zip&Tp=1&Ctry_Code=NM&surv_id=48&dm=1&dmode=nm
NM,NM,205,BR,41,https://www.dhsprogram.com/customcf/legacy/data/download_dataset.cfm?Filename=NMBR41FL.zip&Tp=1&Ctry_Code=NM&surv_id=205&dm=1&dmode=nm
NM,NM,284,BR,51,https://www.dhsprogram.com/customcf/legacy/data/download_dataset.cfm?Filename=NMBR51FL.zip&Tp=1&Ctry_Code=NM&surv_id=284&dm=1&dmode=nm
NM,NM,363,BR,61,https://www.dhsprogram.com/customcf/legacy/data/download_dataset.cfm?Filename=NMBR61FL.zip&Tp=1&Ctry_Code=NM&surv_id=363&dm=1&dmode=nm
NM,NM,205,CR,41,https://www.dhsprogram.com/customcf/legacy/data/download_dataset.cfm?Filename=NMCR41FL.zip&Tp=1&Ctry_Code=NM&surv_id=205&dm=1&dmode=nm
NM,NM,284,CR,51,https://www.dhsprogram.com/customcf/legacy/data/download_dataset.cfm?Filename=NMCR51FL.zip&Tp=1&Ctry_Code=NM&surv_id=284&dm=1&dmode=nm
NM,NM,363,CR,61,https://www.dhsprogram.com/customcf/legacy/data/download_dataset.cfm?Filename=NMCR61FL.zip&Tp=1&Ctry_Code=NM&surv_id=363&dm=1&dmode=nm
NM,NM,48,HR,21,https://www.dhsprogram.com/customcf/legacy/data/download_dataset.cfm?Filename=NMHR21FL.zip&Tp=1&Ctry_Code=NM&surv_id=48&dm=1&dmode=nm
NM,NM,205,HR,41,https://www.dhsprogram.com/customcf/legacy/data/download_dataset.cfm?Filename=NMHR41FL.zip&Tp=1&Ctry_Code=NM&surv_id=205&dm=1&dmode=nm
NM,NM,284,HR,51,https://www.dhsprogram.com/customcf/legacy/data/download_dataset.cfm?Filename=NMHR51FL.zip&Tp=1&Ctry_Code=NM&surv_id=284&dm=1&dmode=nm
NM,NM,363,HR,61,https://www.dhsprogram.com/customcf/legacy/data/download_dataset.cfm?Filename=NMHR61FL.zip&Tp=1&Ctry_Code=NM&surv_id=363&dm=1&dmode=nm
NM,NM,48,HW,21,https://www.dhsprogram.com/customcf/legacy/data/download_dataset.cfm?Filename=NMHW21FL.zip&Tp=1&Ctry_Code=NM&surv_id=48&dm=1&dmode=nm
NM,NM,205,HW,41,https://www.dhsprogram.com/customcf/legacy/data/download_dataset.cfm?Filename=NMHW41FL.zip&Tp=1&Ctry_Code=NM&surv_id=205&dm=1&dmode=nm
NM,NM,48,IR,21,https://www.dhsprogram.com/customcf/legacy/data/download_dataset.cfm?Filename=NMIR21FL.zip&Tp=1&Ctry_Code=NM&surv_id=48&dm=1&dmode=nm
NM,NM,205,IR,41,https://www.dhsprogram.com/customcf/legacy/data/download_dataset.cfm?Filename=NMIR41FL.zip&Tp=1&Ctry_Code=NM&surv_id=205&dm=1&dmode=nm
NM,NM,284,IR,51,https://www.dhsprogram.com/customcf/legacy/data/download_dataset.cfm?Filename=NMIR51FL.zip&Tp=1&Ctry_Code=NM&surv_id=284&dm=1&dmode=nm
NM,NM,363,IR,61,https://www.dhsprogram.com/customcf/legacy/data/download_dataset.cfm?Filename=NMIR61FL.zip&Tp=1&Ctry_Code=NM&surv_id=363&dm=1&dmode=nm
NM,NM,48,KR,21,https://www.dhsprogram.com/customcf/legacy/data/download_dataset.cfm?Filename=NMKR21FL.zip&Tp=1&Ctry_Code=NM&surv_id=48&dm=1&dmode=nm
NM,NM,205,KR,41,https://www.dhsprogram.com/customcf/legacy/data/download_dataset.cfm?Filename=NMKR41FL.zip&Tp=1&Ctry_Code=NM&surv_id=205&dm=1&dmode=nm
NM,NM,284,KR,51,https://www.dhsprogram.com/customcf/legacy/data/download_dataset.cfm?Filename=NMKR51FL.zip&Tp=1&Ctry_Code=NM&surv_id=284&dm=1&dmode=nm
NM,NM,363,KR,61,https://www.dhsprogram.com/customcf/legacy/data/download_dataset.cfm?Filename=NMKR61FL.zip&Tp=1&Ctry_Code=NM&surv_id=363&dm=1&dmode=nm
NM,NM,205,MR,41,https://www.dhsprogram.com/customcf/legacy/data/download_dataset.cfm?Filename=NMMR41FL.zip&Tp=1&Ctry_Code=NM&surv_id=205&dm=1&dmode=nm
NM,NM,284,MR,51,https://www.dhsprogram.com/customcf/legacy/data/download_dataset.cfm?Filename=NMMR51FL.zip&Tp=1&Ctry_Code=NM&surv_id=284&dm=1&dmode=nm
NM,NM,363,MR,61,https://www.dhsprogram.com/customcf/legacy/data/download_dataset.cfm?Filename=NMMR61FL.zip&Tp=1&Ctry_Code=NM&surv_id=363&dm=1&dmode=nm
NM,NM,48,PR,21,https://www.dhsprogram.com/customcf/legacy/data/download_dataset.cfm?Filename=NMPR21FL.zip&Tp=1&Ctry_Code=NM&surv_id=48&dm=1&dmode=nm
NM,NM,205,PR,41,https://www.dhsprogram.com/customcf/legacy/data/download_dataset.cfm?Filename=NMPR41FL.zip&Tp=1&Ctry_Code=NM&surv_id=205&dm=1&dmode=nm
NM,NM,284,PR,52,https://www.dhsprogram.com/customcf/legacy/data/download_dataset.cfm?Filename=NMPR52FL.zip&Tp=1&Ctry_Code=NM&surv_id=284&dm=1&dmode=nm
NM,NM,363,PR,61,https://www.dhsprogram.com/customcf/legacy/data/download_dataset.cfm?Filename=NMPR61FL.zip&Tp=1&Ctry_Code=NM&surv_id=363&dm=1&dmode=nm
NM,NM,48,WI,21,https://www.dhsprogram.com/customcf/legacy/data/download_dataset.cfm?Filename=NMWI21FL.zip&Tp=1&Ctry_Code=NM&surv_id=48&dm=1&dmode=nm
NM,NM,205,WI,41,https://www.dhsprogram.com/customcf/legacy/data/download_dataset.cfm?Filename=NMWI41FL.zip&Tp=1&Ctry_Code=NM&surv_id=205&dm=1&dmode=nm
NM,NM,205,GE,42,https://www.dhsprogram.com/customcf/legacy/data/download_dataset.cfm?Filename=NMGE42FL.zip&Tp=2&Ctry_Code=NM&surv_id=205&dm=1&dmode=nm
NM,NM,284,GE,53,https://www.dhsprogram.com/customcf/legacy/data/download_dataset.cfm?Filename=NMGE53FL.zip&Tp=2&Ctry_Code=NM&surv_id=284&dm=1&dmode=nm
NM,NM,363,GE,61,https://www.dhsprogram.com/customcf/legacy/data/download_dataset.cfm?Filename=NMGE61FL.zip&Tp=2&Ctry_Code=NM&surv_id=363&dm=1&dmode=nm
NP,NP,86,BR,31,https://www.dhsprogram.com/customcf/legacy/data/download_dataset.cfm?Filename=NPBR31FL.zip&Tp=1&Ctry_Code=NP&surv_id=86&dm=1&dmode=nm
NP,NP,202,BR,41,https://www.dhsprogram.com/customcf/legacy/data/download_dataset.cfm?Filename=NPBR41FL.zip&Tp=1&Ctry_Code=NP&surv_id=202&dm=1&dmode=nm
NP,NP,268,BR,51,https://www.dhsprogram.com/customcf/legacy/data/download_dataset.cfm?Filename=NPBR51FL.zip&Tp=1&Ctry_Code=NP&surv_id=268&dm=1&dmode=nm
NP,NP,356,BR,61,https://www.dhsprogram.com/customcf/legacy/data/download_dataset.cfm?Filename=NPBR61FL.zip&Tp=1&Ctry_Code=NP&surv_id=356&dm=1&dmode=nm
NP,NP,472,BR,7H,https://www.dhsprogram.com/customcf/legacy/data/download_dataset.cfm?Filename=NPBR7HFL.zip&Tp=1&Ctry_Code=NP&surv_id=472&dm=1&dmode=nm
NP,NP,585,BR,82,https://www.dhsprogram.com/customcf/legacy/data/download_dataset.cfm?Filename=NPBR82FL.zip&Tp=1&Ctry_Code=NP&surv_id=585&dm=1&dmode=nm
NP,NP,202,CR,41,https://www.dhsprogram.com/customcf/legacy/data/download_dataset.cfm?Filename=NPCR41FL.zip&Tp=1&Ctry_Code=NP&surv_id=202&dm=1&dmode=nm
NP,NP,268,CR,51,https://www.dhsprogram.com/customcf/legacy/data/download_dataset.cfm?Filename=NPCR51FL.zip&Tp=1&Ctry_Code=NP&surv_id=268&dm=1&dmode=nm
NP,NP,356,CR,61,https://www.dhsprogram.com/customcf/legacy/data/download_dataset.cfm?Filename=NPCR61FL.zip&Tp=1&Ctry_Code=NP&surv_id=356&dm=1&dmode=nm
NP,NP,472,CR,7H,https://www.dhsprogram.com/customcf/legacy/data/download_dataset.cfm?Filename=NPCR7HFL.zip&Tp=1&Ctry_Code=NP&surv_id=472&dm=1&dmode=nm
NP,NP,585,CR,82,https://www.dhsprogram.com/customcf/legacy/data/download_dataset.cfm?Filename=NPCR82FL.zip&Tp=1&Ctry_Code=NP&surv_id=585&dm=1&dmode=nm
NP,NP,86,HR,31,https://www.dhsprogram.com/customcf/legacy/data/download_dataset.cfm?Filename=NPHR31FL.zip&Tp=1&Ctry_Code=NP&surv_id=86&dm=1&dmode=nm
NP,NP,202,HR,41,https://www.dhsprogram.com/customcf/legacy/data/download_dataset.cfm?Filename=NPHR41FL.zip&Tp=1&Ctry_Code=NP&surv_id=202&dm=1&dmode=nm
NP,NP,268,HR,51,https://www.dhsprogram.com/customcf/legacy/data/download_dataset.cfm?Filename=NPHR51FL.zip&Tp=1&Ctry_Code=NP&surv_id=268&dm=1&dmode=nm
NP,NP,356,HR,61,https://www.dhsprogram.com/customcf/legacy/data/download_dataset.cfm?Filename=NPHR61FL.zip&Tp=1&Ctry_Code=NP&surv_id=356&dm=1&dmode=nm
NP,NP,472,HR,7H,https://www.dhsprogram.com/customcf/legacy/data/download_dataset.cfm?Filename=NPHR7HFL.zip&Tp=1&Ctry_Code=NP&surv_id=472&dm=1&dmode=nm
NP,NP,585,HR,82,https://www.dhsprogram.com/customcf/legacy/data/download_dataset.cfm?Filename=NPHR82FL.zip&Tp=1&Ctry_Code=NP&surv_id=585&dm=1&dmode=nm
NP,NP,86,HW,31,https://www.dhsprogram.com/customcf/legacy/data/download_dataset.cfm?Filename=NPHW31FL.zip&Tp=1&Ctry_Code=NP&surv_id=86&dm=1&dmode=nm
NP,NP,202,HW,41,https://www.dhsprogram.com/customcf/legacy/data/download_dataset.cfm?Filename=NPHW41FL.zip&Tp=1&Ctry_Code=NP&surv_id=202&dm=1&dmode=nm
NP,NP,86,IR,31,https://www.dhsprogram.com/customcf/legacy/data/download_dataset.cfm?Filename=NPIR31FL.zip&Tp=1&Ctry_Code=NP&surv_id=86&dm=1&dmode=nm
NP,NP,202,IR,41,https://www.dhsprogram.com/customcf/legacy/data/download_dataset.cfm?Filename=NPIR41FL.zip&Tp=1&Ctry_Code=NP&surv_id=202&dm=1&dmode=nm
NP,NP,268,IR,51,https://www.dhsprogram.com/customcf/legacy/data/download_dataset.cfm?Filename=NPIR51FL.zip&Tp=1&Ctry_Code=NP&surv_id=268&dm=1&dmode=nm
NP,NP,356,IR,61,https://www.dhsprogram.com/customcf/legacy/data/download_dataset.cfm?Filename=NPIR61FL.zip&Tp=1&Ctry_Code=NP&surv_id=356&dm=1&dmode=nm
NP,NP,472,IR,7H,https://www.dhsprogram.com/customcf/legacy/data/download_dataset.cfm?Filename=NPIR7HFL.zip&Tp=1&Ctry_Code=NP&surv_id=472&dm=1&dmode=nm
NP,NP,585,IR,82,https://www.dhsprogram.com/customcf/legacy/data/download_dataset.cfm?Filename=NPIR82FL.zip&Tp=1&Ctry_Code=NP&surv_id=585&dm=1&dmode=nm
NP,NP,86,KR,31,https://www.dhsprogram.com/customcf/legacy/data/download_dataset.cfm?Filename=NPKR31FL.zip&Tp=1&Ctry_Code=NP&surv_id=86&dm=1&dmode=nm
NP,NP,202,KR,41,https://www.dhsprogram.com/customcf/legacy/data/download_dataset.cfm?Filename=NPKR41FL.zip&Tp=1&Ctry_Code=NP&surv_id=202&dm=1&dmode=nm
NP,NP,268,KR,51,https://www.dhsprogram.com/customcf/legacy/data/download_dataset.cfm?Filename=NPKR51FL.zip&Tp=1&Ctry_Code=NP&surv_id=268&dm=1&dmode=nm
NP,NP,356,KR,61,https://www.dhsprogram.com/customcf/legacy/data/download_dataset.cfm?Filename=NPKR61FL.zip&Tp=1&Ctry_Code=NP&surv_id=356&dm=1&dmode=nm
NP,NP,472,KR,7H,https://www.dhsprogram.com/customcf/legacy/data/download_dataset.cfm?Filename=NPKR7HFL.zip&Tp=1&Ctry_Code=NP&surv_id=472&dm=1&dmode=nm
NP,NP,585,KR,82,https://www.dhsprogram.com/customcf/legacy/data/download_dataset.cfm?Filename=NPKR82FL.zip&Tp=1&Ctry_Code=NP&surv_id=585&dm=1&dmode=nm
NP,NP,202,MR,41,https://www.dhsprogram.com/customcf/legacy/data/download_dataset.cfm?Filename=NPMR41FL.zip&Tp=1&Ctry_Code=NP&surv_id=202&dm=1&dmode=nm
NP,NP,268,MR,51,https://www.dhsprogram.com/customcf/legacy/data/download_dataset.cfm?Filename=NPMR51FL.zip&Tp=1&Ctry_Code=NP&surv_id=268&dm=1&dmode=nm
NP,NP,356,MR,61,https://www.dhsprogram.com/customcf/legacy/data/download_dataset.cfm?Filename=NPMR61FL.zip&Tp=1&Ctry_Code=NP&surv_id=356&dm=1&dmode=nm
NP,NP,472,MR,7H,https://www.dhsprogram.com/customcf/legacy/data/download_dataset.cfm?Filename=NPMR7HFL.zip&Tp=1&Ctry_Code=NP&surv_id=472&dm=1&dmode=nm
NP,NP,585,MR,82,https://www.dhsprogram.com/customcf/legacy/data/download_dataset.cfm?Filename=NPMR82FL.zip&Tp=1&Ctry_Code=NP&surv_id=585&dm=1&dmode=nm
NP,NP,10,OD,01,https://www.dhsprogram.com/customcf/legacy/data/download_dataset.cfm?Filename=NPOD01FL.zip&Tp=1&Ctry_Code=NP&surv_id=10&dm=1&dmode=nm
NP,NP,86,PR,31,https://www.dhsprogram.com/customcf/legacy/data/download_dataset.cfm?Filename=NPPR31FL.zip&Tp=1&Ctry_Code=NP&surv_id=86&dm=1&dmode=nm
NP,NP,202,PR,41,https://www.dhsprogram.com/customcf/legacy/data/download_dataset.cfm?Filename=NPPR41FL.zip&Tp=1&Ctry_Code=NP&surv_id=202&dm=1&dmode=nm
NP,NP,268,PR,51,https://www.dhsprogram.com/customcf/legacy/data/download_dataset.cfm?Filename=NPPR51FL.zip&Tp=1&Ctry_Code=NP&surv_id=268&dm=1&dmode=nm
NP,NP,356,PR,61,https://www.dhsprogram.com/customcf/legacy/data/download_dataset.cfm?Filename=NPPR61FL.zip&Tp=1&Ctry_Code=NP&surv_id=356&dm=1&dmode=nm
NP,NP,472,PR,7H,https://www.dhsprogram.com/customcf/legacy/data/download_dataset.cfm?Filename=NPPR7HFL.zip&Tp=1&Ctry_Code=NP&surv_id=472&dm=1&dmode=nm
NP,NP,585,PR,82,https://www.dhsprogram.com/customcf/legacy/data/download_dataset.cfm?Filename=NPPR82FL.zip&Tp=1&Ctry_Code=NP&surv_id=585&dm=1&dmode=nm
NP,NP,472,VA,7A,https://www.dhsprogram.com/customcf/legacy/data/download_dataset.cfm?Filename=NPVA7AFL.zip&Tp=1&Ctry_Code=NP&surv_id=472&dm=1&dmode=nm
NP,NP,86,WI,31,https://www.dhsprogram.com/customcf/legacy/data/download_dataset.cfm?Filename=NPWI31FL.zip&Tp=1&Ctry_Code=NP&surv_id=86&dm=1&dmode=nm
NP,NP,202,WI,41,https://www.dhsprogram.com/customcf/legacy/data/download_dataset.cfm?Filename=NPWI41FL.zip&Tp=1&Ctry_Code=NP&surv_id=202&dm=1&dmode=nm
NP,NP,202,GE,42,https://www.dhsprogram.com/customcf/legacy/data/download_dataset.cfm?Filename=NPGE42FL.zip&Tp=2&Ctry_Code=NP&surv_id=202&dm=1&dmode=nm
NP,NP,268,GE,53,https://www.dhsprogram.com/customcf/legacy/data/download_dataset.cfm?Filename=NPGE53FL.zip&Tp=2&Ctry_Code=NP&surv_id=268&dm=1&dmode=nm
NP,NP,356,GE,61,https://www.dhsprogram.com/customcf/legacy/data/download_dataset.cfm?Filename=NPGE61FL.zip&Tp=2&Ctry_Code=NP&surv_id=356&dm=1&dmode=nm
NP,NP,472,GE,7A,https://www.dhsprogram.com/customcf/legacy/data/download_dataset.cfm?Filename=NPGE7AFL.zip&Tp=2&Ctry_Code=NP&surv_id=472&dm=1&dmode=nm
NP,NP,585,GE,82,https://www.dhsprogram.com/customcf/legacy/data/download_dataset.cfm?Filename=NPGE82FL.zip&Tp=2&Ctry_Code=NP&surv_id=585&dm=1&dmode=nm
NC,NC,112,BR,31,https://www.dhsprogram.com/customcf/legacy/data/download_dataset.cfm?Filename=NCBR31FL.zip&Tp=1&Ctry_Code=NC&surv_id=112&dm=1&dmode=nm
NC,NC,204,BR,41,https://www.dhsprogram.com/customcf/legacy/data/download_dataset.cfm?Filename=NCBR41FL.zip&Tp=1&Ctry_Code=NC&surv_id=204&dm=1&dmode=nm
NC,NC,112,CR,31,https://www.dhsprogram.com/customcf/legacy/data/download_dataset.cfm?Filename=NCCR31FL.zip&Tp=1&Ctry_Code=NC&surv_id=112&dm=1&dmode=nm
NC,NC,112,HR,31,https://www.dhsprogram.com/customcf/legacy/data/download_dataset.cfm?Filename=NCHR31FL.zip&Tp=1&Ctry_Code=NC&surv_id=112&dm=1&dmode=nm
NC,NC,204,HR,41,https://www.dhsprogram.com/customcf/legacy/data/download_dataset.cfm?Filename=NCHR41FL.zip&Tp=1&Ctry_Code=NC&surv_id=204&dm=1&dmode=nm
NC,NC,112,HW,31,https://www.dhsprogram.com/customcf/legacy/data/download_dataset.cfm?Filename=NCHW31FL.zip&Tp=1&Ctry_Code=NC&surv_id=112&dm=1&dmode=nm
NC,NC,204,HW,41,https://www.dhsprogram.com/customcf/legacy/data/download_dataset.cfm?Filename=NCHW41FL.zip&Tp=1&Ctry_Code=NC&surv_id=204&dm=1&dmode=nm
NC,NC,112,IR,31,https://www.dhsprogram.com/customcf/legacy/data/download_dataset.cfm?Filename=NCIR31FL.zip&Tp=1&Ctry_Code=NC&surv_id=112&dm=1&dmode=nm
NC,NC,204,IR,41,https://www.dhsprogram.com/customcf/legacy/data/download_dataset.cfm?Filename=NCIR41FL.zip&Tp=1&Ctry_Code=NC&surv_id=204&dm=1&dmode=nm
NC,NC,112,KR,31,https://www.dhsprogram.com/customcf/legacy/data/download_dataset.cfm?Filename=NCKR31FL.zip&Tp=1&Ctry_Code=NC&surv_id=112&dm=1&dmode=nm
NC,NC,204,KR,41,https://www.dhsprogram.com/customcf/legacy/data/download_dataset.cfm?Filename=NCKR41FL.zip&Tp=1&Ctry_Code=NC&surv_id=204&dm=1&dmode=nm
NC,NC,112,MR,31,https://www.dhsprogram.com/customcf/legacy/data/download_dataset.cfm?Filename=NCMR31FL.zip&Tp=1&Ctry_Code=NC&surv_id=112&dm=1&dmode=nm
NC,NC,112,PR,31,https://www.dhsprogram.com/customcf/legacy/data/download_dataset.cfm?Filename=NCPR31FL.zip&Tp=1&Ctry_Code=NC&surv_id=112&dm=1&dmode=nm
NC,NC,204,PR,41,https://www.dhsprogram.com/customcf/legacy/data/download_dataset.cfm?Filename=NCPR41FL.zip&Tp=1&Ctry_Code=NC&surv_id=204&dm=1&dmode=nm
NC,NC,112,WI,31,https://www.dhsprogram.com/customcf/legacy/data/download_dataset.cfm?Filename=NCWI31FL.zip&Tp=1&Ctry_Code=NC&surv_id=112&dm=1&dmode=nm
NC,NC,204,WI,41,https://www.dhsprogram.com/customcf/legacy/data/download_dataset.cfm?Filename=NCWI41FL.zip&Tp=1&Ctry_Code=NC&surv_id=204&dm=1&dmode=nm
NI,NI,53,BR,22,https://www.dhsprogram.com/customcf/legacy/data/download_dataset.cfm?Filename=NIBR22FL.zip&Tp=1&Ctry_Code=NI&surv_id=53&dm=1&dmode=nm
NI,NI,99,BR,31,https://www.dhsprogram.com/customcf/legacy/data/download_dataset.cfm?Filename=NIBR31FL.zip&Tp=1&Ctry_Code=NI&surv_id=99&dm=1&dmode=nm
NI,NI,277,BR,51,https://www.dhsprogram.com/customcf/legacy/data/download_dataset.cfm?Filename=NIBR51FL.zip&Tp=1&Ctry_Code=NI&surv_id=277&dm=1&dmode=nm
NI,NI,407,BR,61,https://www.dhsprogram.com/customcf/legacy/data/download_dataset.cfm?Filename=NIBR61FL.zip&Tp=1&Ctry_Code=NI&surv_id=407&dm=1&dmode=nm
NI,NI,53,CR,21,https://www.dhsprogram.com/customcf/legacy/data/download_dataset.cfm?Filename=NICR21FL.zip&Tp=1&Ctry_Code=NI&surv_id=53&dm=1&dmode=nm
NI,NI,99,CR,31,https://www.dhsprogram.com/customcf/legacy/data/download_dataset.cfm?Filename=NICR31FL.zip&Tp=1&Ctry_Code=NI&surv_id=99&dm=1&dmode=nm
NI,NI,277,CR,51,https://www.dhsprogram.com/customcf/legacy/data/download_dataset.cfm?Filename=NICR51FL.zip&Tp=1&Ctry_Code=NI&surv_id=277&dm=1&dmode=nm
NI,NI,407,CR,61,https://www.dhsprogram.com/customcf/legacy/data/download_dataset.cfm?Filename=NICR61FL.zip&Tp=1&Ctry_Code=NI&surv_id=407&dm=1&dmode=nm
NI,NI,53,HR,22,https://www.dhsprogram.com/customcf/legacy/data/download_dataset.cfm?Filename=NIHR22FL.zip&Tp=1&Ctry_Code=NI&surv_id=53&dm=1&dmode=nm
NI,NI,99,HR,31,https://www.dhsprogram.com/customcf/legacy/data/download_dataset.cfm?Filename=NIHR31FL.zip&Tp=1&Ctry_Code=NI&surv_id=99&dm=1&dmode=nm
NI,NI,277,HR,51,https://www.dhsprogram.com/customcf/legacy/data/download_dataset.cfm?Filename=NIHR51FL.zip&Tp=1&Ctry_Code=NI&surv_id=277&dm=1&dmode=nm
NI,NI,407,HR,61,https://www.dhsprogram.com/customcf/legacy/data/download_dataset.cfm?Filename=NIHR61FL.zip&Tp=1&Ctry_Code=NI&surv_id=407&dm=1&dmode=nm
NI,NI,575,HR,82,https://www.dhsprogram.com/customcf/legacy/data/download_dataset.cfm?Filename=NIHR82FL.zip&Tp=1&Ctry_Code=NI&surv_id=575&dm=1&dmode=nm
NI,NI,53,HW,22,https://www.dhsprogram.com/customcf/legacy/data/download_dataset.cfm?Filename=NIHW22FL.zip&Tp=1&Ctry_Code=NI&surv_id=53&dm=1&dmode=nm
NI,NI,99,HW,31,https://www.dhsprogram.com/customcf/legacy/data/download_dataset.cfm?Filename=NIHW31FL.zip&Tp=1&Ctry_Code=NI&surv_id=99&dm=1&dmode=nm
NI,NI,277,HW,51,https://www.dhsprogram.com/customcf/legacy/data/download_dataset.cfm?Filename=NIHW51FL.zip&Tp=1&Ctry_Code=NI&surv_id=277&dm=1&dmode=nm
NI,NI,53,IR,22,https://www.dhsprogram.com/customcf/legacy/data/download_dataset.cfm?Filename=NIIR22FL.zip&Tp=1&Ctry_Code=NI&surv_id=53&dm=1&dmode=nm
NI,NI,99,IR,31,https://www.dhsprogram.com/customcf/legacy/data/download_dataset.cfm?Filename=NIIR31FL.zip&Tp=1&Ctry_Code=NI&surv_id=99&dm=1&dmode=nm
NI,NI,277,IR,51,https://www.dhsprogram.com/customcf/legacy/data/download_dataset.cfm?Filename=NIIR51FL.zip&Tp=1&Ctry_Code=NI&surv_id=277&dm=1&dmode=nm
NI,NI,407,IR,61,https://www.dhsprogram.com/customcf/legacy/data/download_dataset.cfm?Filename=NIIR61FL.zip&Tp=1&Ctry_Code=NI&surv_id=407&dm=1&dmode=nm
NI,NI,575,IR,82,https://www.dhsprogram.com/customcf/legacy/data/download_dataset.cfm?Filename=NIIR82FL.zip&Tp=1&Ctry_Code=NI&surv_id=575&dm=1&dmode=nm
NI,NI,53,KR,21,https://www.dhsprogram.com/customcf/legacy/data/download_dataset.cfm?Filename=NIKR21FL.zip&Tp=1&Ctry_Code=NI&surv_id=53&dm=1&dmode=nm
NI,NI,99,KR,31,https://www.dhsprogram.com/customcf/legacy/data/download_dataset.cfm?Filename=NIKR31FL.zip&Tp=1&Ctry_Code=NI&surv_id=99&dm=1&dmode=nm
NI,NI,277,KR,51,https://www.dhsprogram.com/customcf/legacy/data/download_dataset.cfm?Filename=NIKR51FL.zip&Tp=1&Ctry_Code=NI&surv_id=277&dm=1&dmode=nm
NI,NI,407,KR,61,https://www.dhsprogram.com/customcf/legacy/data/download_dataset.cfm?Filename=NIKR61FL.zip&Tp=1&Ctry_Code=NI&surv_id=407&dm=1&dmode=nm
NI,NI,575,KR,82,https://www.dhsprogram.com/customcf/legacy/data/download_dataset.cfm?Filename=NIKR82FL.zip&Tp=1&Ctry_Code=NI&surv_id=575&dm=1&dmode=nm
NI,NI,53,MR,21,https://www.dhsprogram.com/customcf/legacy/data/download_dataset.cfm?Filename=NIMR21FL.zip&Tp=1&Ctry_Code=NI&surv_id=53&dm=1&dmode=nm
NI,NI,99,MR,31,https://www.dhsprogram.com/customcf/legacy/data/download_dataset.cfm?Filename=NIMR31FL.zip&Tp=1&Ctry_Code=NI&surv_id=99&dm=1&dmode=nm
NI,NI,277,MR,51,https://www.dhsprogram.com/customcf/legacy/data/download_dataset.cfm?Filename=NIMR51FL.zip&Tp=1&Ctry_Code=NI&surv_id=277&dm=1&dmode=nm
NI,NI,407,MR,61,https://www.dhsprogram.com/customcf/legacy/data/download_dataset.cfm?Filename=NIMR61FL.zip&Tp=1&Ctry_Code=NI&surv_id=407&dm=1&dmode=nm
NI,NI,53,PR,22,https://www.dhsprogram.com/customcf/legacy/data/download_dataset.cfm?Filename=NIPR22FL.zip&Tp=1&Ctry_Code=NI&surv_id=53&dm=1&dmode=nm
NI,NI,99,PR,31,https://www.dhsprogram.com/customcf/legacy/data/download_dataset.cfm?Filename=NIPR31FL.zip&Tp=1&Ctry_Code=NI&surv_id=99&dm=1&dmode=nm
NI,NI,277,PR,51,https://www.dhsprogram.com/customcf/legacy/data/download_dataset.cfm?Filename=NIPR51FL.zip&Tp=1&Ctry_Code=NI&surv_id=277&dm=1&dmode=nm
NI,NI,407,PR,61,https://www.dhsprogram.com/customcf/legacy/data/download_dataset.cfm?Filename=NIPR61FL.zip&Tp=1&Ctry_Code=NI&surv_id=407&dm=1&dmode=nm
NI,NI,575,PR,82,https://www.dhsprogram.com/customcf/legacy/data/download_dataset.cfm?Filename=NIPR82FL.zip&Tp=1&Ctry_Code=NI&surv_id=575&dm=1&dmode=nm
NI,NI,53,SQ,21,https://www.dhsprogram.com/customcf/legacy/data/download_dataset.cfm?Filename=NISQ21FL.zip&Tp=1&Ctry_Code=NI&surv_id=53&dm=1&dmode=nm
NI,NI,99,SQ,31,https://www.dhsprogram.com/customcf/legacy/data/download_dataset.cfm?Filename=NISQ31FL.zip&Tp=1&Ctry_Code=NI&surv_id=99&dm=1&dmode=nm
NI,NI,99,WI,31,https://www.dhsprogram.com/customcf/legacy/data/download_dataset.cfm?Filename=NIWI31FL.zip&Tp=1&Ctry_Code=NI&surv_id=99&dm=1&dmode=nm
NI,NI,53,GE,23,https://www.dhsprogram.com/customcf/legacy/data/download_dataset.cfm?Filename=NIGE23FL.zip&Tp=2&Ctry_Code=NI&surv_id=53&dm=1&dmode=nm
NI,NI,99,GE,32,https://www.dhsprogram.com/customcf/legacy/data/download_dataset.cfm?Filename=NIGE32FL.zip&Tp=2&Ctry_Code=NI&surv_id=99&dm=1&dmode=nm
NI,NI,407,GE,61,https://www.dhsprogram.com/customcf/legacy/data/download_dataset.cfm?Filename=NIGE61FL.zip&Tp=2&Ctry_Code=NI&surv_id=407&dm=1&dmode=nm
NI,NI,575,GE,81,https://www.dhsprogram.com/customcf/legacy/data/download_dataset.cfm?Filename=NIGE81FL.zip&Tp=2&Ctry_Code=NI&surv_id=575&dm=1&dmode=nm
NG,NG,32,BR,21,https://www.dhsprogram.com/customcf/legacy/data/download_dataset.cfm?Filename=NGBR21FL.zip&Tp=1&Ctry_Code=NG&surv_id=32&dm=1&dmode=nm
NG,NG,223,BR,4B,https://www.dhsprogram.com/customcf/legacy/data/download_dataset.cfm?Filename=NGBR4BFL.zip&Tp=1&Ctry_Code=NG&surv_id=223&dm=1&dmode=nm
NG,NG,302,BR,53,https://www.dhsprogram.com/customcf/legacy/data/download_dataset.cfm?Filename=NGBR53FL.zip&Tp=1&Ctry_Code=NG&surv_id=302&dm=1&dmode=nm
NG,NG,392,BR,61,https://www.dhsprogram.com/customcf/legacy/data/download_dataset.cfm?Filename=NGBR61FL.zip&Tp=1&Ctry_Code=NG&surv_id=392&dm=1&dmode=nm
NG,NG,438,BR,6A,https://www.dhsprogram.com/customcf/legacy/data/download_dataset.cfm?Filename=NGBR6AFL.zip&Tp=1&Ctry_Code=NG&surv_id=438&dm=1&dmode=nm
NG,NG,528,BR,7B,https://www.dhsprogram.com/customcf/legacy/data/download_dataset.cfm?Filename=NGBR7BFL.zip&Tp=1&Ctry_Code=NG&surv_id=528&dm=1&dmode=nm
NG,NG,609,BR,8B,https://www.dhsprogram.com/customcf/legacy/data/download_dataset.cfm?Filename=NGBR8BFL.zip&Tp=1&Ctry_Code=NG&surv_id=609&dm=1&dmode=nm
NG,NG,223,CR,4A,https://www.dhsprogram.com/customcf/legacy/data/download_dataset.cfm?Filename=NGCR4AFL.zip&Tp=1&Ctry_Code=NG&surv_id=223&dm=1&dmode=nm
NG,NG,302,CR,53,https://www.dhsprogram.com/customcf/legacy/data/download_dataset.cfm?Filename=NGCR53FL.zip&Tp=1&Ctry_Code=NG&surv_id=302&dm=1&dmode=nm
NG,NG,438,CR,6A,https://www.dhsprogram.com/customcf/legacy/data/download_dataset.cfm?Filename=NGCR6AFL.zip&Tp=1&Ctry_Code=NG&surv_id=438&dm=1&dmode=nm
NG,NG,528,CR,7A,https://www.dhsprogram.com/customcf/legacy/data/download_dataset.cfm?Filename=NGCR7AFL.zip&Tp=1&Ctry_Code=NG&surv_id=528&dm=1&dmode=nm
NG,NG,609,CR,8B,https://www.dhsprogram.com/customcf/legacy/data/download_dataset.cfm?Filename=NGCR8BFL.zip&Tp=1&Ctry_Code=NG&surv_id=609&dm=1&dmode=nm
NG,NG,32,HR,21,https://www.dhsprogram.com/customcf/legacy/data/download_dataset.cfm?Filename=NGHR21FL.zip&Tp=1&Ctry_Code=NG&surv_id=32&dm=1&dmode=nm
NG,NG,223,HR,4B,https://www.dhsprogram.com/customcf/legacy/data/download_dataset.cfm?Filename=NGHR4BFL.zip&Tp=1&Ctry_Code=NG&surv_id=223&dm=1&dmode=nm
NG,NG,302,HR,53,https://www.dhsprogram.com/customcf/legacy/data/download_dataset.cfm?Filename=NGHR53FL.zip&Tp=1&Ctry_Code=NG&surv_id=302&dm=1&dmode=nm
NG,NG,392,HR,61,https://www.dhsprogram.com/customcf/legacy/data/download_dataset.cfm?Filename=NGHR61FL.zip&Tp=1&Ctry_Code=NG&surv_id=392&dm=1&dmode=nm
NG,NG,438,HR,6A,https://www.dhsprogram.com/customcf/legacy/data/download_dataset.cfm?Filename=NGHR6AFL.zip&Tp=1&Ctry_Code=NG&surv_id=438&dm=1&dmode=nm
NG,NG,474,HR,71,https://www.dhsprogram.com/customcf/legacy/data/download_dataset.cfm?Filename=NGHR71FL.zip&Tp=1&Ctry_Code=NG&surv_id=474&dm=1&dmode=nm
NG,NG,528,HR,7B,https://www.dhsprogram.com/customcf/legacy/data/download_dataset.cfm?Filename=NGHR7BFL.zip&Tp=1&Ctry_Code=NG&surv_id=528&dm=1&dmode=nm
NG,NG,576,HR,81,https://www.dhsprogram.com/customcf/legacy/data/download_dataset.cfm?Filename=NGHR81FL.zip&Tp=1&Ctry_Code=NG&surv_id=576&dm=1&dmode=nm
NG,NG,609,HR,8B,https://www.dhsprogram.com/customcf/legacy/data/download_dataset.cfm?Filename=NGHR8BFL.zip&Tp=1&Ctry_Code=NG&surv_id=609&dm=1&dmode=nm
NG,NG,32,HW,21,https://www.dhsprogram.com/customcf/legacy/data/download_dataset.cfm?Filename=NGHW21FL.zip&Tp=1&Ctry_Code=NG&surv_id=32&dm=1&dmode=nm
NG,NG,223,HW,4B,https://www.dhsprogram.com/customcf/legacy/data/download_dataset.cfm?Filename=NGHW4BFL.zip&Tp=1&Ctry_Code=NG&surv_id=223&dm=1&dmode=nm
NG,NG,32,IR,21,https://www.dhsprogram.com/customcf/legacy/data/download_dataset.cfm?Filename=NGIR21FL.zip&Tp=1&Ctry_Code=NG&surv_id=32&dm=1&dmode=nm
NG,NG,223,IR,4B,https://www.dhsprogram.com/customcf/legacy/data/download_dataset.cfm?Filename=NGIR4BFL.zip&Tp=1&Ctry_Code=NG&surv_id=223&dm=1&dmode=nm
NG,NG,302,IR,53,https://www.dhsprogram.com/customcf/legacy/data/download_dataset.cfm?Filename=NGIR53FL.zip&Tp=1&Ctry_Code=NG&surv_id=302&dm=1&dmode=nm
NG,NG,392,IR,61,https://www.dhsprogram.com/customcf/legacy/data/download_dataset.cfm?Filename=NGIR61FL.zip&Tp=1&Ctry_Code=NG&surv_id=392&dm=1&dmode=nm
NG,NG,438,IR,6A,https://www.dhsprogram.com/customcf/legacy/data/download_dataset.cfm?Filename=NGIR6AFL.zip&Tp=1&Ctry_Code=NG&surv_id=438&dm=1&dmode=nm
NG,NG,474,IR,71,https://www.dhsprogram.com/customcf/legacy/data/download_dataset.cfm?Filename=NGIR71FL.zip&Tp=1&Ctry_Code=NG&surv_id=474&dm=1&dmode=nm
NG,NG,528,IR,7B,https://www.dhsprogram.com/customcf/legacy/data/download_dataset.cfm?Filename=NGIR7BFL.zip&Tp=1&Ctry_Code=NG&surv_id=528&dm=1&dmode=nm
NG,NG,576,IR,81,https://www.dhsprogram.com/customcf/legacy/data/download_dataset.cfm?Filename=NGIR81FL.zip&Tp=1&Ctry_Code=NG&surv_id=576&dm=1&dmode=nm
NG,NG,609,IR,8B,https://www.dhsprogram.com/customcf/legacy/data/download_dataset.cfm?Filename=NGIR8BFL.zip&Tp=1&Ctry_Code=NG&surv_id=609&dm=1&dmode=nm
NG,NG,32,KR,21,https://www.dhsprogram.com/customcf/legacy/data/download_dataset.cfm?Filename=NGKR21FL.zip&Tp=1&Ctry_Code=NG&surv_id=32&dm=1&dmode=nm
NG,NG,223,KR,4B,https://www.dhsprogram.com/customcf/legacy/data/download_dataset.cfm?Filename=NGKR4BFL.zip&Tp=1&Ctry_Code=NG&surv_id=223&dm=1&dmode=nm
NG,NG,302,KR,53,https://www.dhsprogram.com/customcf/legacy/data/download_dataset.cfm?Filename=NGKR53FL.zip&Tp=1&Ctry_Code=NG&surv_id=302&dm=1&dmode=nm
NG,NG,392,KR,61,https://www.dhsprogram.com/customcf/legacy/data/download_dataset.cfm?Filename=NGKR61FL.zip&Tp=1&Ctry_Code=NG&surv_id=392&dm=1&dmode=nm
NG,NG,438,KR,6A,https://www.dhsprogram.com/customcf/legacy/data/download_dataset.cfm?Filename=NGKR6AFL.zip&Tp=1&Ctry_Code=NG&surv_id=438&dm=1&dmode=nm
NG,NG,474,KR,71,https://www.dhsprogram.com/customcf/legacy/data/download_dataset.cfm?Filename=NGKR71FL.zip&Tp=1&Ctry_Code=NG&surv_id=474&dm=1&dmode=nm
NG,NG,528,KR,7B,https://www.dhsprogram.com/customcf/legacy/data/download_dataset.cfm?Filename=NGKR7BFL.zip&Tp=1&Ctry_Code=NG&surv_id=528&dm=1&dmode=nm
NG,NG,576,KR,81,https://www.dhsprogram.com/customcf/legacy/data/download_dataset.cfm?Filename=NGKR81FL.zip&Tp=1&Ctry_Code=NG&surv_id=576&dm=1&dmode=nm
NG,NG,609,KR,8B,https://www.dhsprogram.com/customcf/legacy/data/download_dataset.cfm?Filename=NGKR8BFL.zip&Tp=1&Ctry_Code=NG&surv_id=609&dm=1&dmode=nm
NG,NG,223,MR,4A,https://www.dhsprogram.com/customcf/legacy/data/download_dataset.cfm?Filename=NGMR4AFL.zip&Tp=1&Ctry_Code=NG&surv_id=223&dm=1&dmode=nm
NG,NG,302,MR,52,https://www.dhsprogram.com/customcf/legacy/data/download_dataset.cfm?Filename=NGMR52FL.zip&Tp=1&Ctry_Code=NG&surv_id=302&dm=1&dmode=nm
NG,NG,438,MR,6A,https://www.dhsprogram.com/customcf/legacy/data/download_dataset.cfm?Filename=NGMR6AFL.zip&Tp=1&Ctry_Code=NG&surv_id=438&dm=1&dmode=nm
NG,NG,528,MR,7A,https://www.dhsprogram.com/customcf/legacy/data/download_dataset.cfm?Filename=NGMR7AFL.zip&Tp=1&Ctry_Code=NG&surv_id=528&dm=1&dmode=nm
NG,NG,609,MR,8B,https://www.dhsprogram.com/customcf/legacy/data/download_dataset.cfm?Filename=NGMR8BFL.zip&Tp=1&Ctry_Code=NG&surv_id=609&dm=1&dmode=nm
NG,NG,32,PR,21,https://www.dhsprogram.com/customcf/legacy/data/download_dataset.cfm?Filename=NGPR21FL.zip&Tp=1&Ctry_Code=NG&surv_id=32&dm=1&dmode=nm
NG,NG,223,PR,4C,https://www.dhsprogram.com/customcf/legacy/data/download_dataset.cfm?Filename=NGPR4CFL.zip&Tp=1&Ctry_Code=NG&surv_id=223&dm=1&dmode=nm
NG,NG,302,PR,53,https://www.dhsprogram.com/customcf/legacy/data/download_dataset.cfm?Filename=NGPR53FL.zip&Tp=1&Ctry_Code=NG&surv_id=302&dm=1&dmode=nm
NG,NG,392,PR,61,https://www.dhsprogram.com/customcf/legacy/data/download_dataset.cfm?Filename=NGPR61FL.zip&Tp=1&Ctry_Code=NG&surv_id=392&dm=1&dmode=nm
NG,NG,438,PR,6A,https://www.dhsprogram.com/customcf/legacy/data/download_dataset.cfm?Filename=NGPR6AFL.zip&Tp=1&Ctry_Code=NG&surv_id=438&dm=1&dmode=nm
NG,NG,474,PR,71,https://www.dhsprogram.com/customcf/legacy/data/download_dataset.cfm?Filename=NGPR71FL.zip&Tp=1&Ctry_Code=NG&surv_id=474&dm=1&dmode=nm
NG,NG,528,PR,7B,https://www.dhsprogram.com/customcf/legacy/data/download_dataset.cfm?Filename=NGPR7BFL.zip&Tp=1&Ctry_Code=NG&surv_id=528&dm=1&dmode=nm
NG,NG,576,PR,81,https://www.dhsprogram.com/customcf/legacy/data/download_dataset.cfm?Filename=NGPR81FL.zip&Tp=1&Ctry_Code=NG&surv_id=576&dm=1&dmode=nm
NG,NG,609,PR,8B,https://www.dhsprogram.com/customcf/legacy/data/download_dataset.cfm?Filename=NGPR8BFL.zip&Tp=1&Ctry_Code=NG&surv_id=609&dm=1&dmode=nm
NG,NG,32,SQ,23,https://www.dhsprogram.com/customcf/legacy/data/download_dataset.cfm?Filename=NGSQ23FL.zip&Tp=1&Ctry_Code=NG&surv_id=32&dm=1&dmode=nm
NG,NG,618,VA,8I,https://www.dhsprogram.com/customcf/legacy/data/download_dataset.cfm?Filename=NGVA8IFL.zip&Tp=1&Ctry_Code=NG&surv_id=618&dm=1&dmode=nm
NG,NG,32,WI,21,https://www.dhsprogram.com/customcf/legacy/data/download_dataset.cfm?Filename=NGWI21FL.zip&Tp=1&Ctry_Code=NG&surv_id=32&dm=1&dmode=nm
NG,NG,32,GE,23,https://www.dhsprogram.com/customcf/legacy/data/download_dataset.cfm?Filename=NGGE23FL.zip&Tp=2&Ctry_Code=NG&surv_id=32&dm=1&dmode=nm
NG,NG,223,GE,4B,https://www.dhsprogram.com/customcf/legacy/data/download_dataset.cfm?Filename=NGGE4BFL.zip&Tp=2&Ctry_Code=NG&surv_id=223&dm=1&dmode=nm
NG,NG,302,GE,52,https://www.dhsprogram.com/customcf/legacy/data/download_dataset.cfm?Filename=NGGE52FL.zip&Tp=2&Ctry_Code=NG&surv_id=302&dm=1&dmode=nm
NG,NG,392,GE,61,https://www.dhsprogram.com/customcf/legacy/data/download_dataset.cfm?Filename=NGGE61FL.zip&Tp=2&Ctry_Code=NG&surv_id=392&dm=1&dmode=nm
NG,NG,438,GE,6A,https://www.dhsprogram.com/customcf/legacy/data/download_dataset.cfm?Filename=NGGE6AFL.zip&Tp=2&Ctry_Code=NG&surv_id=438&dm=1&dmode=nm
NG,NG,474,GE,71,https://www.dhsprogram.com/customcf/legacy/data/download_dataset.cfm?Filename=NGGE71FL.zip&Tp=2&Ctry_Code=NG&surv_id=474&dm=1&dmode=nm
NG,NG,528,GE,7B,https://www.dhsprogram.com/customcf/legacy/data/download_dataset.cfm?Filename=NGGE7BFL.zip&Tp=2&Ctry_Code=NG&surv_id=528&dm=1&dmode=nm
NG,NG,576,GE,81,https://www.dhsprogram.com/customcf/legacy/data/download_dataset.cfm?Filename=NGGE81FL.zip&Tp=2&Ctry_Code=NG&surv_id=576&dm=1&dmode=nm
NG,NG,609,GE,8A,https://www.dhsprogram.com/customcf/legacy/data/download_dataset.cfm?Filename=NGGE8AFL.zip&Tp=2&Ctry_Code=NG&surv_id=609&dm=1&dmode=nm
OS,OS,8,BR,01,https://www.dhsprogram.com/customcf/legacy/data/download_dataset.cfm?Filename=OSBR01FL.zip&Tp=1&Ctry_Code=OS&surv_id=8&dm=1&dmode=nm
OS,OS,8,HH,01,https://www.dhsprogram.com/customcf/legacy/data/download_dataset.cfm?Filename=OSHH01FL.zip&Tp=1&Ctry_Code=OS&surv_id=8&dm=1&dmode=nm
OS,OS,8,HW,01,https://www.dhsprogram.com/customcf/legacy/data/download_dataset.cfm?Filename=OSHW01FL.zip&Tp=1&Ctry_Code=OS&surv_id=8&dm=1&dmode=nm
OS,OS,8,IR,01,https://www.dhsprogram.com/customcf/legacy/data/download_dataset.cfm?Filename=OSIR01FL.zip&Tp=1&Ctry_Code=OS&surv_id=8&dm=1&dmode=nm
OS,OS,8,KR,01,https://www.dhsprogram.com/customcf/legacy/data/download_dataset.cfm?Filename=OSKR01FL.zip&Tp=1&Ctry_Code=OS&surv_id=8&dm=1&dmode=nm
PK,PK,34,BR,21,https://www.dhsprogram.com/customcf/legacy/data/download_dataset.cfm?Filename=PKBR21FL.zip&Tp=1&Ctry_Code=PK&surv_id=34&dm=1&dmode=nm
PK,PK,273,BR,53,https://www.dhsprogram.com/customcf/legacy/data/download_dataset.cfm?Filename=PKBR53FL.zip&Tp=1&Ctry_Code=PK&surv_id=273&dm=1&dmode=nm
PK,PK,419,BR,61,https://www.dhsprogram.com/customcf/legacy/data/download_dataset.cfm?Filename=PKBR61FL.zip&Tp=1&Ctry_Code=PK&surv_id=419&dm=1&dmode=nm
PK,PK,523,BR,71,https://www.dhsprogram.com/customcf/legacy/data/download_dataset.cfm?Filename=PKBR71FL.zip&Tp=1&Ctry_Code=PK&surv_id=523&dm=1&dmode=nm
PK,PK,34,CR,21,https://www.dhsprogram.com/customcf/legacy/data/download_dataset.cfm?Filename=PKCR21FL.zip&Tp=1&Ctry_Code=PK&surv_id=34&dm=1&dmode=nm
PK,PK,523,CR,71,https://www.dhsprogram.com/customcf/legacy/data/download_dataset.cfm?Filename=PKCR71FL.zip&Tp=1&Ctry_Code=PK&surv_id=523&dm=1&dmode=nm
PK,PK,552,HH,7A,https://www.dhsprogram.com/customcf/legacy/data/download_dataset.cfm?Filename=PKHH7AFL.zip&Tp=1&Ctry_Code=PK&surv_id=552&dm=1&dmode=nm
PK,PK,34,HR,21,https://www.dhsprogram.com/customcf/legacy/data/download_dataset.cfm?Filename=PKHR21FL.zip&Tp=1&Ctry_Code=PK&surv_id=34&dm=1&dmode=nm
PK,PK,273,HR,53,https://www.dhsprogram.com/customcf/legacy/data/download_dataset.cfm?Filename=PKHR53FL.zip&Tp=1&Ctry_Code=PK&surv_id=273&dm=1&dmode=nm
PK,PK,419,HR,61,https://www.dhsprogram.com/customcf/legacy/data/download_dataset.cfm?Filename=PKHR61FL.zip&Tp=1&Ctry_Code=PK&surv_id=419&dm=1&dmode=nm
PK,PK,523,HR,71,https://www.dhsprogram.com/customcf/legacy/data/download_dataset.cfm?Filename=PKHR71FL.zip&Tp=1&Ctry_Code=PK&surv_id=523&dm=1&dmode=nm
PK,PK,34,HW,21,https://www.dhsprogram.com/customcf/legacy/data/download_dataset.cfm?Filename=PKHW21FL.zip&Tp=1&Ctry_Code=PK&surv_id=34&dm=1&dmode=nm
PK,PK,552,IQ,7A,https://www.dhsprogram.com/customcf/legacy/data/download_dataset.cfm?Filename=PKIQ7AFL.zip&Tp=1&Ctry_Code=PK&surv_id=552&dm=1&dmode=nm
PK,PK,34,IR,21,https://www.dhsprogram.com/customcf/legacy/data/download_dataset.cfm?Filename=PKIR21FL.zip&Tp=1&Ctry_Code=PK&surv_id=34&dm=1&dmode=nm
PK,PK,273,IR,53,https://www.dhsprogram.com/customcf/legacy/data/download_dataset.cfm?Filename=PKIR53FL.zip&Tp=1&Ctry_Code=PK&surv_id=273&dm=1&dmode=nm
PK,PK,419,IR,61,https://www.dhsprogram.com/customcf/legacy/data/download_dataset.cfm?Filename=PKIR61FL.zip&Tp=1&Ctry_Code=PK&surv_id=419&dm=1&dmode=nm
PK,PK,523,IR,71,https://www.dhsprogram.com/customcf/legacy/data/download_dataset.cfm?Filename=PKIR71FL.zip&Tp=1&Ctry_Code=PK&surv_id=523&dm=1&dmode=nm
PK,PK,34,KR,21,https://www.dhsprogram.com/customcf/legacy/data/download_dataset.cfm?Filename=PKKR21FL.zip&Tp=1&Ctry_Code=PK&surv_id=34&dm=1&dmode=nm
PK,PK,273,KR,53,https://www.dhsprogram.com/customcf/legacy/data/download_dataset.cfm?Filename=PKKR53FL.zip&Tp=1&Ctry_Code=PK&surv_id=273&dm=1&dmode=nm
PK,PK,419,KR,61,https://www.dhsprogram.com/customcf/legacy/data/download_dataset.cfm?Filename=PKKR61FL.zip&Tp=1&Ctry_Code=PK&surv_id=419&dm=1&dmode=nm
PK,PK,523,KR,71,https://www.dhsprogram.com/customcf/legacy/data/download_dataset.cfm?Filename=PKKR71FL.zip&Tp=1&Ctry_Code=PK&surv_id=523&dm=1&dmode=nm
PK,PK,34,MR,21,https://www.dhsprogram.com/customcf/legacy/data/download_dataset.cfm?Filename=PKMR21FL.zip&Tp=1&Ctry_Code=PK&surv_id=34&dm=1&dmode=nm
PK,PK,419,MR,61,https://www.dhsprogram.com/customcf/legacy/data/download_dataset.cfm?Filename=PKMR61FL.zip&Tp=1&Ctry_Code=PK&surv_id=419&dm=1&dmode=nm
PK,PK,523,MR,71,https://www.dhsprogram.com/customcf/legacy/data/download_dataset.cfm?Filename=PKMR71FL.zip&Tp=1&Ctry_Code=PK&surv_id=523&dm=1&dmode=nm
PK,PK,273,OD,52,https://www.dhsprogram.com/customcf/legacy/data/download_dataset.cfm?Filename=PKOD52FL.zip&Tp=1&Ctry_Code=PK&surv_id=273&dm=1&dmode=nm
PK,PK,552,OD,7A,https://www.dhsprogram.com/customcf/legacy/data/download_dataset.cfm?Filename=PKOD7AFL.zip&Tp=1&Ctry_Code=PK&surv_id=552&dm=1&dmode=nm
PK,PK,34,PR,21,https://www.dhsprogram.com/customcf/legacy/data/download_dataset.cfm?Filename=PKPR21FL.zip&Tp=1&Ctry_Code=PK&surv_id=34&dm=1&dmode=nm
PK,PK,273,PR,53,https://www.dhsprogram.com/customcf/legacy/data/download_dataset.cfm?Filename=PKPR53FL.zip&Tp=1&Ctry_Code=PK&surv_id=273&dm=1&dmode=nm
PK,PK,419,PR,61,https://www.dhsprogram.com/customcf/legacy/data/download_dataset.cfm?Filename=PKPR61FL.zip&Tp=1&Ctry_Code=PK&surv_id=419&dm=1&dmode=nm
PK,PK,523,PR,71,https://www.dhsprogram.com/customcf/legacy/data/download_dataset.cfm?Filename=PKPR71FL.zip&Tp=1&Ctry_Code=PK&surv_id=523&dm=1&dmode=nm
PK,PK,523,SQ,71,https://www.dhsprogram.com/customcf/legacy/data/download_dataset.cfm?Filename=PKSQ71FL.zip&Tp=1&Ctry_Code=PK&surv_id=523&dm=1&dmode=nm
PK,PK,552,SQ,7A,https://www.dhsprogram.com/customcf/legacy/data/download_dataset.cfm?Filename=PKSQ7AFL.zip&Tp=1&Ctry_Code=PK&surv_id=552&dm=1&dmode=nm
PK,PK,273,VA,51,https://www.dhsprogram.com/customcf/legacy/data/download_dataset.cfm?Filename=PKVA51FL.zip&Tp=1&Ctry_Code=PK&surv_id=273&dm=1&dmode=nm
PK,PK,552,VA,7A,https://www.dhsprogram.com/customcf/legacy/data/download_dataset.cfm?Filename=PKVA7AFL.zip&Tp=1&Ctry_Code=PK&surv_id=552&dm=1&dmode=nm
PK,PK,34,WI,21,https://www.dhsprogram.com/customcf/legacy/data/download_dataset.cfm?Filename=PKWI21FL.zip&Tp=1&Ctry_Code=PK&surv_id=34&dm=1&dmode=nm
PK,PK,273,GE,51,https://www.dhsprogram.com/customcf/legacy/data/download_dataset.cfm?Filename=PKGE51FL.zip&Tp=2&Ctry_Code=PK&surv_id=273&dm=1&dmode=nm
PK,PK,523,GE,71,https://www.dhsprogram.com/customcf/legacy/data/download_dataset.cfm?Filename=PKGE71FL.zip&Tp=2&Ctry_Code=PK&surv_id=523&dm=1&dmode=nm
PG,PG,499,BR,71,https://www.dhsprogram.com/customcf/legacy/data/download_dataset.cfm?Filename=PGBR71FL.zip&Tp=1&Ctry_Code=PG&surv_id=499&dm=1&dmode=nm
PG,PG,499,CR,71,https://www.dhsprogram.com/customcf/legacy/data/download_dataset.cfm?Filename=PGCR71FL.zip&Tp=1&Ctry_Code=PG&surv_id=499&dm=1&dmode=nm
PG,PG,499,HR,71,https://www.dhsprogram.com/customcf/legacy/data/download_dataset.cfm?Filename=PGHR71FL.zip&Tp=1&Ctry_Code=PG&surv_id=499&dm=1&dmode=nm
PG,PG,499,IR,71,https://www.dhsprogram.com/customcf/legacy/data/download_dataset.cfm?Filename=PGIR71FL.zip&Tp=1&Ctry_Code=PG&surv_id=499&dm=1&dmode=nm
PG,PG,499,KR,71,https://www.dhsprogram.com/customcf/legacy/data/download_dataset.cfm?Filename=PGKR71FL.zip&Tp=1&Ctry_Code=PG&surv_id=499&dm=1&dmode=nm
PG,PG,499,MR,71,https://www.dhsprogram.com/customcf/legacy/data/download_dataset.cfm?Filename=PGMR71FL.zip&Tp=1&Ctry_Code=PG&surv_id=499&dm=1&dmode=nm
PG,PG,499,PR,71,https://www.dhsprogram.com/customcf/legacy/data/download_dataset.cfm?Filename=PGPR71FL.zip&Tp=1&Ctry_Code=PG&surv_id=499&dm=1&dmode=nm
PY,PY,33,BR,21,https://www.dhsprogram.com/customcf/legacy/data/download_dataset.cfm?Filename=PYBR21FL.zip&Tp=1&Ctry_Code=PY&surv_id=33&dm=1&dmode=nm
PY,PY,33,HR,21,https://www.dhsprogram.com/customcf/legacy/data/download_dataset.cfm?Filename=PYHR21FL.zip&Tp=1&Ctry_Code=PY&surv_id=33&dm=1&dmode=nm
PY,PY,33,HW,21,https://www.dhsprogram.com/customcf/legacy/data/download_dataset.cfm?Filename=PYHW21FL.zip&Tp=1&Ctry_Code=PY&surv_id=33&dm=1&dmode=nm
PY,PY,33,IR,21,https://www.dhsprogram.com/customcf/legacy/data/download_dataset.cfm?Filename=PYIR21FL.zip&Tp=1&Ctry_Code=PY&surv_id=33&dm=1&dmode=nm
PY,PY,33,KR,21,https://www.dhsprogram.com/customcf/legacy/data/download_dataset.cfm?Filename=PYKR21FL.zip&Tp=1&Ctry_Code=PY&surv_id=33&dm=1&dmode=nm
PY,PY,33,PR,21,https://www.dhsprogram.com/customcf/legacy/data/download_dataset.cfm?Filename=PYPR21FL.zip&Tp=1&Ctry_Code=PY&surv_id=33&dm=1&dmode=nm
PY,PY,33,WI,21,https://www.dhsprogram.com/customcf/legacy/data/download_dataset.cfm?Filename=PYWI21FL.zip&Tp=1&Ctry_Code=PY&surv_id=33&dm=1&dmode=nm
PE,PE,6,BR,01,https://www.dhsprogram.com/customcf/legacy/data/download_dataset.cfm?Filename=PEBR01FL.zip&Tp=1&Ctry_Code=PE&surv_id=6&dm=1&dmode=nm
PE,PE,44,BR,21,https://www.dhsprogram.com/customcf/legacy/data/download_dataset.cfm?Filename=PEBR21FL.zip&Tp=1&Ctry_Code=PE&surv_id=44&dm=1&dmode=nm
PE,PE,88,BR,31,https://www.dhsprogram.com/customcf/legacy/data/download_dataset.cfm?Filename=PEBR31FL.zip&Tp=1&Ctry_Code=PE&surv_id=88&dm=1&dmode=nm
PE,PE,176,BR,41,https://www.dhsprogram.com/customcf/legacy/data/download_dataset.cfm?Filename=PEBR41FL.zip&Tp=1&Ctry_Code=PE&surv_id=176&dm=1&dmode=nm
PE,PE,228,BR,51,https://www.dhsprogram.com/customcf/legacy/data/download_dataset.cfm?Filename=PEBR51FL.zip&Tp=1&Ctry_Code=PE&surv_id=228&dm=1&dmode=nm
PE,PE,447,BR,5A,https://www.dhsprogram.com/customcf/legacy/data/download_dataset.cfm?Filename=PEBR5AFL.zip&Tp=1&Ctry_Code=PE&surv_id=447&dm=1&dmode=nm
PE,PE,334,BR,5I,https://www.dhsprogram.com/customcf/legacy/data/download_dataset.cfm?Filename=PEBR5IFL.zip&Tp=1&Ctry_Code=PE&surv_id=334&dm=1&dmode=nm
PE,PE,426,BR,61,https://www.dhsprogram.com/customcf/legacy/data/download_dataset.cfm?Filename=PEBR61FL.zip&Tp=1&Ctry_Code=PE&surv_id=426&dm=1&dmode=nm
PE,PE,433,BR,6A,https://www.dhsprogram.com/customcf/legacy/data/download_dataset.cfm?Filename=PEBR6AFL.zip&Tp=1&Ctry_Code=PE&surv_id=433&dm=1&dmode=nm
PE,PE,434,BR,6I,https://www.dhsprogram.com/customcf/legacy/data/download_dataset.cfm?Filename=PEBR6IFL.zip&Tp=1&Ctry_Code=PE&surv_id=434&dm=1&dmode=nm
PE,PE,88,CR,31,https://www.dhsprogram.com/customcf/legacy/data/download_dataset.cfm?Filename=PECR31FL.zip&Tp=1&Ctry_Code=PE&surv_id=88&dm=1&dmode=nm
PE,PE,6,HH,01,https://www.dhsprogram.com/customcf/legacy/data/download_dataset.cfm?Filename=PEHH01FL.zip&Tp=1&Ctry_Code=PE&surv_id=6&dm=1&dmode=nm
PE,PE,44,HR,21,https://www.dhsprogram.com/customcf/legacy/data/download_dataset.cfm?Filename=PEHR21FL.zip&Tp=1&Ctry_Code=PE&surv_id=44&dm=1&dmode=nm
PE,PE,88,HR,31,https://www.dhsprogram.com/customcf/legacy/data/download_dataset.cfm?Filename=PEHR31FL.zip&Tp=1&Ctry_Code=PE&surv_id=88&dm=1&dmode=nm
PE,PE,176,HR,41,https://www.dhsprogram.com/customcf/legacy/data/download_dataset.cfm?Filename=PEHR41FL.zip&Tp=1&Ctry_Code=PE&surv_id=176&dm=1&dmode=nm
PE,PE,228,HR,51,https://www.dhsprogram.com/customcf/legacy/data/download_dataset.cfm?Filename=PEHR51FL.zip&Tp=1&Ctry_Code=PE&surv_id=228&dm=1&dmode=nm
PE,PE,447,HR,5A,https://www.dhsprogram.com/customcf/legacy/data/download_dataset.cfm?Filename=PEHR5AFL.zip&Tp=1&Ctry_Code=PE&surv_id=447&dm=1&dmode=nm
PE,PE,334,HR,5I,https://www.dhsprogram.com/customcf/legacy/data/download_dataset.cfm?Filename=PEHR5IFL.zip&Tp=1&Ctry_Code=PE&surv_id=334&dm=1&dmode=nm
PE,PE,426,HR,61,https://www.dhsprogram.com/customcf/legacy/data/download_dataset.cfm?Filename=PEHR61FL.zip&Tp=1&Ctry_Code=PE&surv_id=426&dm=1&dmode=nm
PE,PE,433,HR,6A,https://www.dhsprogram.com/customcf/legacy/data/download_dataset.cfm?Filename=PEHR6AFL.zip&Tp=1&Ctry_Code=PE&surv_id=433&dm=1&dmode=nm
PE,PE,434,HR,6I,https://www.dhsprogram.com/customcf/legacy/data/download_dataset.cfm?Filename=PEHR6IFL.zip&Tp=1&Ctry_Code=PE&surv_id=434&dm=1&dmode=nm
PE,PE,44,HW,21,https://www.dhsprogram.com/customcf/legacy/data/download_dataset.cfm?Filename=PEHW21FL.zip&Tp=1&Ctry_Code=PE&surv_id=44&dm=1&dmode=nm
PE,PE,88,HW,31,https://www.dhsprogram.com/customcf/legacy/data/download_dataset.cfm?Filename=PEHW31FL.zip&Tp=1&Ctry_Code=PE&surv_id=88&dm=1&dmode=nm
PE,PE,176,HW,41,https://www.dhsprogram.com/customcf/legacy/data/download_dataset.cfm?Filename=PEHW41FL.zip&Tp=1&Ctry_Code=PE&surv_id=176&dm=1&dmode=nm
PE,PE,228,HW,51,https://www.dhsprogram.com/customcf/legacy/data/download_dataset.cfm?Filename=PEHW51FL.zip&Tp=1&Ctry_Code=PE&surv_id=228&dm=1&dmode=nm
PE,PE,447,HW,5A,https://www.dhsprogram.com/customcf/legacy/data/download_dataset.cfm?Filename=PEHW5AFL.zip&Tp=1&Ctry_Code=PE&surv_id=447&dm=1&dmode=nm
PE,PE,6,IR,01,https://www.dhsprogram.com/customcf/legacy/data/download_dataset.cfm?Filename=PEIR01FL.zip&Tp=1&Ctry_Code=PE&surv_id=6&dm=1&dmode=nm
PE,PE,44,IR,21,https://www.dhsprogram.com/customcf/legacy/data/download_dataset.cfm?Filename=PEIR21FL.zip&Tp=1&Ctry_Code=PE&surv_id=44&dm=1&dmode=nm
PE,PE,88,IR,31,https://www.dhsprogram.com/customcf/legacy/data/download_dataset.cfm?Filename=PEIR31FL.zip&Tp=1&Ctry_Code=PE&surv_id=88&dm=1&dmode=nm
PE,PE,176,IR,41,https://www.dhsprogram.com/customcf/legacy/data/download_dataset.cfm?Filename=PEIR41FL.zip&Tp=1&Ctry_Code=PE&surv_id=176&dm=1&dmode=nm
PE,PE,228,IR,51,https://www.dhsprogram.com/customcf/legacy/data/download_dataset.cfm?Filename=PEIR51FL.zip&Tp=1&Ctry_Code=PE&surv_id=228&dm=1&dmode=nm
PE,PE,447,IR,5A,https://www.dhsprogram.com/customcf/legacy/data/download_dataset.cfm?Filename=PEIR5AFL.zip&Tp=1&Ctry_Code=PE&surv_id=447&dm=1&dmode=nm
PE,PE,334,IR,5I,https://www.dhsprogram.com/customcf/legacy/data/download_dataset.cfm?Filename=PEIR5IFL.zip&Tp=1&Ctry_Code=PE&surv_id=334&dm=1&dmode=nm
PE,PE,426,IR,61,https://www.dhsprogram.com/customcf/legacy/data/download_dataset.cfm?Filename=PEIR61FL.zip&Tp=1&Ctry_Code=PE&surv_id=426&dm=1&dmode=nm
PE,PE,433,IR,6A,https://www.dhsprogram.com/customcf/legacy/data/download_dataset.cfm?Filename=PEIR6AFL.zip&Tp=1&Ctry_Code=PE&surv_id=433&dm=1&dmode=nm
PE,PE,434,IR,6I,https://www.dhsprogram.com/customcf/legacy/data/download_dataset.cfm?Filename=PEIR6IFL.zip&Tp=1&Ctry_Code=PE&surv_id=434&dm=1&dmode=nm
PE,PE,6,KR,01,https://www.dhsprogram.com/customcf/legacy/data/download_dataset.cfm?Filename=PEKR01FL.zip&Tp=1&Ctry_Code=PE&surv_id=6&dm=1&dmode=nm
PE,PE,44,KR,21,https://www.dhsprogram.com/customcf/legacy/data/download_dataset.cfm?Filename=PEKR21FL.zip&Tp=1&Ctry_Code=PE&surv_id=44&dm=1&dmode=nm
PE,PE,88,KR,31,https://www.dhsprogram.com/customcf/legacy/data/download_dataset.cfm?Filename=PEKR31FL.zip&Tp=1&Ctry_Code=PE&surv_id=88&dm=1&dmode=nm
PE,PE,176,KR,41,https://www.dhsprogram.com/customcf/legacy/data/download_dataset.cfm?Filename=PEKR41FL.zip&Tp=1&Ctry_Code=PE&surv_id=176&dm=1&dmode=nm
PE,PE,228,KR,51,https://www.dhsprogram.com/customcf/legacy/data/download_dataset.cfm?Filename=PEKR51FL.zip&Tp=1&Ctry_Code=PE&surv_id=228&dm=1&dmode=nm
PE,PE,447,KR,5A,https://www.dhsprogram.com/customcf/legacy/data/download_dataset.cfm?Filename=PEKR5AFL.zip&Tp=1&Ctry_Code=PE&surv_id=447&dm=1&dmode=nm
PE,PE,334,KR,5I,https://www.dhsprogram.com/customcf/legacy/data/download_dataset.cfm?Filename=PEKR5IFL.zip&Tp=1&Ctry_Code=PE&surv_id=334&dm=1&dmode=nm
PE,PE,426,KR,61,https://www.dhsprogram.com/customcf/legacy/data/download_dataset.cfm?Filename=PEKR61FL.zip&Tp=1&Ctry_Code=PE&surv_id=426&dm=1&dmode=nm
PE,PE,433,KR,6A,https://www.dhsprogram.com/customcf/legacy/data/download_dataset.cfm?Filename=PEKR6AFL.zip&Tp=1&Ctry_Code=PE&surv_id=433&dm=1&dmode=nm
PE,PE,434,KR,6I,https://www.dhsprogram.com/customcf/legacy/data/download_dataset.cfm?Filename=PEKR6IFL.zip&Tp=1&Ctry_Code=PE&surv_id=434&dm=1&dmode=nm
PE,PE,88,MR,31,https://www.dhsprogram.com/customcf/legacy/data/download_dataset.cfm?Filename=PEMR31FL.zip&Tp=1&Ctry_Code=PE&surv_id=88&dm=1&dmode=nm
PE,PE,44,PR,21,https://www.dhsprogram.com/customcf/legacy/data/download_dataset.cfm?Filename=PEPR21FL.zip&Tp=1&Ctry_Code=PE&surv_id=44&dm=1&dmode=nm
PE,PE,88,PR,31,https://www.dhsprogram.com/customcf/legacy/data/download_dataset.cfm?Filename=PEPR31FL.zip&Tp=1&Ctry_Code=PE&surv_id=88&dm=1&dmode=nm
PE,PE,176,PR,41,https://www.dhsprogram.com/customcf/legacy/data/download_dataset.cfm?Filename=PEPR41FL.zip&Tp=1&Ctry_Code=PE&surv_id=176&dm=1&dmode=nm
PE,PE,228,PR,51,https://www.dhsprogram.com/customcf/legacy/data/download_dataset.cfm?Filename=PEPR51FL.zip&Tp=1&Ctry_Code=PE&surv_id=228&dm=1&dmode=nm
PE,PE,447,PR,5A,https://www.dhsprogram.com/customcf/legacy/data/download_dataset.cfm?Filename=PEPR5AFL.zip&Tp=1&Ctry_Code=PE&surv_id=447&dm=1&dmode=nm
PE,PE,334,PR,5I,https://www.dhsprogram.com/customcf/legacy/data/download_dataset.cfm?Filename=PEPR5IFL.zip&Tp=1&Ctry_Code=PE&surv_id=334&dm=1&dmode=nm
PE,PE,426,PR,61,https://www.dhsprogram.com/customcf/legacy/data/download_dataset.cfm?Filename=PEPR61FL.zip&Tp=1&Ctry_Code=PE&surv_id=426&dm=1&dmode=nm
PE,PE,433,PR,6A,https://www.dhsprogram.com/customcf/legacy/data/download_dataset.cfm?Filename=PEPR6AFL.zip&Tp=1&Ctry_Code=PE&surv_id=433&dm=1&dmode=nm
PE,PE,434,PR,6I,https://www.dhsprogram.com/customcf/legacy/data/download_dataset.cfm?Filename=PEPR6IFL.zip&Tp=1&Ctry_Code=PE&surv_id=434&dm=1&dmode=nm
PE,PE,44,WI,21,https://www.dhsprogram.com/customcf/legacy/data/download_dataset.cfm?Filename=PEWI21FL.zip&Tp=1&Ctry_Code=PE&surv_id=44&dm=1&dmode=nm
PE,PE,88,WI,31,https://www.dhsprogram.com/customcf/legacy/data/download_dataset.cfm?Filename=PEWI31FL.zip&Tp=1&Ctry_Code=PE&surv_id=88&dm=1&dmode=nm
PE,PE,176,WI,41,https://www.dhsprogram.com/customcf/legacy/data/download_dataset.cfm?Filename=PEWI41FL.zip&Tp=1&Ctry_Code=PE&surv_id=176&dm=1&dmode=nm
PE,PE,176,GE,44,https://www.dhsprogram.com/customcf/legacy/data/download_dataset.cfm?Filename=PEGE44FL.zip&Tp=2&Ctry_Code=PE&surv_id=176&dm=1&dmode=nm
PE,PE,228,GE,52,https://www.dhsprogram.com/customcf/legacy/data/download_dataset.cfm?Filename=PEGE52FL.zip&Tp=2&Ctry_Code=PE&surv_id=228&dm=1&dmode=nm
PE,PE,447,GE,5B,https://www.dhsprogram.com/customcf/legacy/data/download_dataset.cfm?Filename=PEGE5BFL.zip&Tp=2&Ctry_Code=PE&surv_id=447&dm=1&dmode=nm
PE,PE,334,GE,5I,https://www.dhsprogram.com/customcf/legacy/data/download_dataset.cfm?Filename=PEGE5IFL.zip&Tp=2&Ctry_Code=PE&surv_id=334&dm=1&dmode=nm
PH,PH,61,BR,31,https://www.dhsprogram.com/customcf/legacy/data/download_dataset.cfm?Filename=PHBR31FL.zip&Tp=1&Ctry_Code=PH&surv_id=61&dm=1&dmode=nm
PH,PH,111,BR,3B,https://www.dhsprogram.com/customcf/legacy/data/download_dataset.cfm?Filename=PHBR3BFL.zip&Tp=1&Ctry_Code=PH&surv_id=111&dm=1&dmode=nm
PH,PH,227,BR,41,https://www.dhsprogram.com/customcf/legacy/data/download_dataset.cfm?Filename=PHBR41FL.zip&Tp=1&Ctry_Code=PH&surv_id=227&dm=1&dmode=nm
PH,PH,298,BR,52,https://www.dhsprogram.com/customcf/legacy/data/download_dataset.cfm?Filename=PHBR52FL.zip&Tp=1&Ctry_Code=PH&surv_id=298&dm=1&dmode=nm
PH,PH,436,BR,61,https://www.dhsprogram.com/customcf/legacy/data/download_dataset.cfm?Filename=PHBR61FL.zip&Tp=1&Ctry_Code=PH&surv_id=436&dm=1&dmode=nm
PH,PH,510,BR,71,https://www.dhsprogram.com/customcf/legacy/data/download_dataset.cfm?Filename=PHBR71FL.zip&Tp=1&Ctry_Code=PH&surv_id=510&dm=1&dmode=nm
PH,PH,603,BR,82,https://www.dhsprogram.com/customcf/legacy/data/download_dataset.cfm?Filename=PHBR82FL.zip&Tp=1&Ctry_Code=PH&surv_id=603&dm=1&dmode=nm
PH,PH,227,CR,41,https://www.dhsprogram.com/customcf/legacy/data/download_dataset.cfm?Filename=PHCR41FL.zip&Tp=1&Ctry_Code=PH&surv_id=227&dm=1&dmode=nm
PH,PH,61,HR,31,https://www.dhsprogram.com/customcf/legacy/data/download_dataset.cfm?Filename=PHHR31FL.zip&Tp=1&Ctry_Code=PH&surv_id=61&dm=1&dmode=nm
PH,PH,111,HR,3B,https://www.dhsprogram.com/customcf/legacy/data/download_dataset.cfm?Filename=PHHR3BFL.zip&Tp=1&Ctry_Code=PH&surv_id=111&dm=1&dmode=nm
PH,PH,227,HR,41,https://www.dhsprogram.com/customcf/legacy/data/download_dataset.cfm?Filename=PHHR41FL.zip&Tp=1&Ctry_Code=PH&surv_id=227&dm=1&dmode=nm
PH,PH,298,HR,52,https://www.dhsprogram.com/customcf/legacy/data/download_dataset.cfm?Filename=PHHR52FL.zip&Tp=1&Ctry_Code=PH&surv_id=298&dm=1&dmode=nm
PH,PH,436,HR,61,https://www.dhsprogram.com/customcf/legacy/data/download_dataset.cfm?Filename=PHHR61FL.zip&Tp=1&Ctry_Code=PH&surv_id=436&dm=1&dmode=nm
PH,PH,510,HR,71,https://www.dhsprogram.com/customcf/legacy/data/download_dataset.cfm?Filename=PHHR71FL.zip&Tp=1&Ctry_Code=PH&surv_id=510&dm=1&dmode=nm
PH,PH,603,HR,82,https://www.dhsprogram.com/customcf/legacy/data/download_dataset.cfm?Filename=PHHR82FL.zip&Tp=1&Ctry_Code=PH&surv_id=603&dm=1&dmode=nm
PH,PH,61,IR,31,https://www.dhsprogram.com/customcf/legacy/data/download_dataset.cfm?Filename=PHIR31FL.zip&Tp=1&Ctry_Code=PH&surv_id=61&dm=1&dmode=nm
PH,PH,111,IR,3B,https://www.dhsprogram.com/customcf/legacy/data/download_dataset.cfm?Filename=PHIR3BFL.zip&Tp=1&Ctry_Code=PH&surv_id=111&dm=1&dmode=nm
PH,PH,227,IR,41,https://www.dhsprogram.com/customcf/legacy/data/download_dataset.cfm?Filename=PHIR41FL.zip&Tp=1&Ctry_Code=PH&surv_id=227&dm=1&dmode=nm
PH,PH,298,IR,52,https://www.dhsprogram.com/customcf/legacy/data/download_dataset.cfm?Filename=PHIR52FL.zip&Tp=1&Ctry_Code=PH&surv_id=298&dm=1&dmode=nm
PH,PH,436,IR,61,https://www.dhsprogram.com/customcf/legacy/data/download_dataset.cfm?Filename=PHIR61FL.zip&Tp=1&Ctry_Code=PH&surv_id=436&dm=1&dmode=nm
PH,PH,510,IR,71,https://www.dhsprogram.com/customcf/legacy/data/download_dataset.cfm?Filename=PHIR71FL.zip&Tp=1&Ctry_Code=PH&surv_id=510&dm=1&dmode=nm
PH,PH,603,IR,82,https://www.dhsprogram.com/customcf/legacy/data/download_dataset.cfm?Filename=PHIR82FL.zip&Tp=1&Ctry_Code=PH&surv_id=603&dm=1&dmode=nm
PH,PH,61,KR,31,https://www.dhsprogram.com/customcf/legacy/data/download_dataset.cfm?Filename=PHKR31FL.zip&Tp=1&Ctry_Code=PH&surv_id=61&dm=1&dmode=nm
PH,PH,111,KR,3B,https://www.dhsprogram.com/customcf/legacy/data/download_dataset.cfm?Filename=PHKR3BFL.zip&Tp=1&Ctry_Code=PH&surv_id=111&dm=1&dmode=nm
PH,PH,227,KR,41,https://www.dhsprogram.com/customcf/legacy/data/download_dataset.cfm?Filename=PHKR41FL.zip&Tp=1&Ctry_Code=PH&surv_id=227&dm=1&dmode=nm
PH,PH,298,KR,52,https://www.dhsprogram.com/customcf/legacy/data/download_dataset.cfm?Filename=PHKR52FL.zip&Tp=1&Ctry_Code=PH&surv_id=298&dm=1&dmode=nm
PH,PH,436,KR,61,https://www.dhsprogram.com/customcf/legacy/data/download_dataset.cfm?Filename=PHKR61FL.zip&Tp=1&Ctry_Code=PH&surv_id=436&dm=1&dmode=nm
PH,PH,510,KR,71,https://www.dhsprogram.com/customcf/legacy/data/download_dataset.cfm?Filename=PHKR71FL.zip&Tp=1&Ctry_Code=PH&surv_id=510&dm=1&dmode=nm
PH,PH,603,KR,82,https://www.dhsprogram.com/customcf/legacy/data/download_dataset.cfm?Filename=PHKR82FL.zip&Tp=1&Ctry_Code=PH&surv_id=603&dm=1&dmode=nm
PH,PH,227,MR,41,https://www.dhsprogram.com/customcf/legacy/data/download_dataset.cfm?Filename=PHMR41FL.zip&Tp=1&Ctry_Code=PH&surv_id=227&dm=1&dmode=nm
PH,PH,111,OD,3A,https://www.dhsprogram.com/customcf/legacy/data/download_dataset.cfm?Filename=PHOD3AFL.zip&Tp=1&Ctry_Code=PH&surv_id=111&dm=1&dmode=nm
PH,PH,603,OD,82,https://www.dhsprogram.com/customcf/legacy/data/download_dataset.cfm?Filename=PHOD82FL.zip&Tp=1&Ctry_Code=PH&surv_id=603&dm=1&dmode=nm
PH,PH,61,PR,31,https://www.dhsprogram.com/customcf/legacy/data/download_dataset.cfm?Filename=PHPR31FL.zip&Tp=1&Ctry_Code=PH&surv_id=61&dm=1&dmode=nm
PH,PH,111,PR,3B,https://www.dhsprogram.com/customcf/legacy/data/download_dataset.cfm?Filename=PHPR3BFL.zip&Tp=1&Ctry_Code=PH&surv_id=111&dm=1&dmode=nm
PH,PH,227,PR,41,https://www.dhsprogram.com/customcf/legacy/data/download_dataset.cfm?Filename=PHPR41FL.zip&Tp=1&Ctry_Code=PH&surv_id=227&dm=1&dmode=nm
PH,PH,298,PR,52,https://www.dhsprogram.com/customcf/legacy/data/download_dataset.cfm?Filename=PHPR52FL.zip&Tp=1&Ctry_Code=PH&surv_id=298&dm=1&dmode=nm
PH,PH,436,PR,62,https://www.dhsprogram.com/customcf/legacy/data/download_dataset.cfm?Filename=PHPR62FL.zip&Tp=1&Ctry_Code=PH&surv_id=436&dm=1&dmode=nm
PH,PH,510,PR,71,https://www.dhsprogram.com/customcf/legacy/data/download_dataset.cfm?Filename=PHPR71FL.zip&Tp=1&Ctry_Code=PH&surv_id=510&dm=1&dmode=nm
PH,PH,603,PR,82,https://www.dhsprogram.com/customcf/legacy/data/download_dataset.cfm?Filename=PHPR82FL.zip&Tp=1&Ctry_Code=PH&surv_id=603&dm=1&dmode=nm
PH,PH,61,SQ,30,https://www.dhsprogram.com/customcf/legacy/data/download_dataset.cfm?Filename=PHSQ30FL.zip&Tp=1&Ctry_Code=PH&surv_id=61&dm=1&dmode=nm
PH,PH,61,WI,31,https://www.dhsprogram.com/customcf/legacy/data/download_dataset.cfm?Filename=PHWI31FL.zip&Tp=1&Ctry_Code=PH&surv_id=61&dm=1&dmode=nm
PH,PH,111,WI,3A,https://www.dhsprogram.com/customcf/legacy/data/download_dataset.cfm?Filename=PHWI3AFL.zip&Tp=1&Ctry_Code=PH&surv_id=111&dm=1&dmode=nm
PH,PH,227,GE,43,https://www.dhsprogram.com/customcf/legacy/data/download_dataset.cfm?Filename=PHGE43FL.zip&Tp=2&Ctry_Code=PH&surv_id=227&dm=1&dmode=nm
PH,PH,298,GE,52,https://www.dhsprogram.com/customcf/legacy/data/download_dataset.cfm?Filename=PHGE52FL.zip&Tp=2&Ctry_Code=PH&surv_id=298&dm=1&dmode=nm
PH,PH,510,GE,71,https://www.dhsprogram.com/customcf/legacy/data/download_dataset.cfm?Filename=PHGE71FL.zip&Tp=2&Ctry_Code=PH&surv_id=510&dm=1&dmode=nm
PH,PH,603,GE,81,https://www.dhsprogram.com/customcf/legacy/data/download_dataset.cfm?Filename=PHGE81FL.zip&Tp=2&Ctry_Code=PH&surv_id=603&dm=1&dmode=nm
RW,RW,43,BR,21,https://www.dhsprogram.com/customcf/legacy/data/download_dataset.cfm?Filename=RWBR21FL.zip&Tp=1&Ctry_Code=RW&surv_id=43&dm=1&dmode=nm
RW,RW,165,BR,41,https://www.dhsprogram.com/customcf/legacy/data/download_dataset.cfm?Filename=RWBR41FL.zip&Tp=1&Ctry_Code=RW&surv_id=165&dm=1&dmode=nm
RW,RW,252,BR,53,https://www.dhsprogram.com/customcf/legacy/data/download_dataset.cfm?Filename=RWBR53FL.zip&Tp=1&Ctry_Code=RW&surv_id=252&dm=1&dmode=nm
RW,RW,323,BR,5A,https://www.dhsprogram.com/customcf/legacy/data/download_dataset.cfm?Filename=RWBR5AFL.zip&Tp=1&Ctry_Code=RW&surv_id=323&dm=1&dmode=nm
RW,RW,364,BR,61,https://www.dhsprogram.com/customcf/legacy/data/download_dataset.cfm?Filename=RWBR61FL.zip&Tp=1&Ctry_Code=RW&surv_id=364&dm=1&dmode=nm
RW,RW,468,BR,70,https://www.dhsprogram.com/customcf/legacy/data/download_dataset.cfm?Filename=RWBR70FL.zip&Tp=1&Ctry_Code=RW&surv_id=468&dm=1&dmode=nm
RW,RW,554,BR,81,https://www.dhsprogram.com/customcf/legacy/data/download_dataset.cfm?Filename=RWBR81FL.zip&Tp=1&Ctry_Code=RW&surv_id=554&dm=1&dmode=nm
RW,RW,624,BR,91,https://www.dhsprogram.com/customcf/legacy/data/download_dataset.cfm?Filename=RWBR91FL.zip&Tp=1&Ctry_Code=RW&surv_id=624&dm=1&dmode=nm
RW,RW,43,CR,21,https://www.dhsprogram.com/customcf/legacy/data/download_dataset.cfm?Filename=RWCR21FL.zip&Tp=1&Ctry_Code=RW&surv_id=43&dm=1&dmode=nm
RW,RW,165,CR,41,https://www.dhsprogram.com/customcf/legacy/data/download_dataset.cfm?Filename=RWCR41FL.zip&Tp=1&Ctry_Code=RW&surv_id=165&dm=1&dmode=nm
RW,RW,252,CR,53,https://www.dhsprogram.com/customcf/legacy/data/download_dataset.cfm?Filename=RWCR53FL.zip&Tp=1&Ctry_Code=RW&surv_id=252&dm=1&dmode=nm
RW,RW,364,CR,61,https://www.dhsprogram.com/customcf/legacy/data/download_dataset.cfm?Filename=RWCR61FL.zip&Tp=1&Ctry_Code=RW&surv_id=364&dm=1&dmode=nm
RW,RW,468,CR,70,https://www.dhsprogram.com/customcf/legacy/data/download_dataset.cfm?Filename=RWCR70FL.zip&Tp=1&Ctry_Code=RW&surv_id=468&dm=1&dmode=nm
RW,RW,554,CR,81,https://www.dhsprogram.com/customcf/legacy/data/download_dataset.cfm?Filename=RWCR81FL.zip&Tp=1&Ctry_Code=RW&surv_id=554&dm=1&dmode=nm
RW,RW,624,CR,91,https://www.dhsprogram.com/customcf/legacy/data/download_dataset.cfm?Filename=RWCR91FL.zip&Tp=1&Ctry_Code=RW&surv_id=624&dm=1&dmode=nm
RW,RW,422,HH,6A,https://www.dhsprogram.com/customcf/legacy/data/download_dataset.cfm?Filename=RWHH6AFL.zip&Tp=1&Ctry_Code=RW&surv_id=422&dm=1&dmode=nm
RW,RW,43,HR,21,https://www.dhsprogram.com/customcf/legacy/data/download_dataset.cfm?Filename=RWHR21FL.zip&Tp=1&Ctry_Code=RW&surv_id=43&dm=1&dmode=nm
RW,RW,165,HR,41,https://www.dhsprogram.com/customcf/legacy/data/download_dataset.cfm?Filename=RWHR41FL.zip&Tp=1&Ctry_Code=RW&surv_id=165&dm=1&dmode=nm
RW,RW,252,HR,53,https://www.dhsprogram.com/customcf/legacy/data/download_dataset.cfm?Filename=RWHR53FL.zip&Tp=1&Ctry_Code=RW&surv_id=252&dm=1&dmode=nm
RW,RW,323,HR,5A,https://www.dhsprogram.com/customcf/legacy/data/download_dataset.cfm?Filename=RWHR5AFL.zip&Tp=1&Ctry_Code=RW&surv_id=323&dm=1&dmode=nm
RW,RW,364,HR,61,https://www.dhsprogram.com/customcf/legacy/data/download_dataset.cfm?Filename=RWHR61FL.zip&Tp=1&Ctry_Code=RW&surv_id=364&dm=1&dmode=nm
RW,RW,449,HR,6I,https://www.dhsprogram.com/customcf/legacy/data/download_dataset.cfm?Filename=RWHR6IFL.zip&Tp=1&Ctry_Code=RW&surv_id=449&dm=1&dmode=nm
RW,RW,468,HR,70,https://www.dhsprogram.com/customcf/legacy/data/download_dataset.cfm?Filename=RWHR70FL.zip&Tp=1&Ctry_Code=RW&surv_id=468&dm=1&dmode=nm
RW,RW,540,HR,7A,https://www.dhsprogram.com/customcf/legacy/data/download_dataset.cfm?Filename=RWHR7AFL.zip&Tp=1&Ctry_Code=RW&surv_id=540&dm=1&dmode=nm
RW,RW,554,HR,81,https://www.dhsprogram.com/customcf/legacy/data/download_dataset.cfm?Filename=RWHR81FL.zip&Tp=1&Ctry_Code=RW&surv_id=554&dm=1&dmode=nm
RW,RW,607,HR,8A,https://www.dhsprogram.com/customcf/legacy/data/download_dataset.cfm?Filename=RWHR8AFL.zip&Tp=1&Ctry_Code=RW&surv_id=607&dm=1&dmode=nm
RW,RW,624,HR,91,https://www.dhsprogram.com/customcf/legacy/data/download_dataset.cfm?Filename=RWHR91FL.zip&Tp=1&Ctry_Code=RW&surv_id=624&dm=1&dmode=nm
RW,RW,43,HW,21,https://www.dhsprogram.com/customcf/legacy/data/download_dataset.cfm?Filename=RWHW21FL.zip&Tp=1&Ctry_Code=RW&surv_id=43&dm=1&dmode=nm
RW,RW,165,HW,41,https://www.dhsprogram.com/customcf/legacy/data/download_dataset.cfm?Filename=RWHW41FL.zip&Tp=1&Ctry_Code=RW&surv_id=165&dm=1&dmode=nm
RW,RW,252,HW,52,https://www.dhsprogram.com/customcf/legacy/data/download_dataset.cfm?Filename=RWHW52FL.zip&Tp=1&Ctry_Code=RW&surv_id=252&dm=1&dmode=nm
RW,RW,422,IQ,6A,https://www.dhsprogram.com/customcf/legacy/data/download_dataset.cfm?Filename=RWIQ6AFL.zip&Tp=1&Ctry_Code=RW&surv_id=422&dm=1&dmode=nm
RW,RW,43,IR,21,https://www.dhsprogram.com/customcf/legacy/data/download_dataset.cfm?Filename=RWIR21FL.zip&Tp=1&Ctry_Code=RW&surv_id=43&dm=1&dmode=nm
RW,RW,165,IR,41,https://www.dhsprogram.com/customcf/legacy/data/download_dataset.cfm?Filename=RWIR41FL.zip&Tp=1&Ctry_Code=RW&surv_id=165&dm=1&dmode=nm
RW,RW,252,IR,53,https://www.dhsprogram.com/customcf/legacy/data/download_dataset.cfm?Filename=RWIR53FL.zip&Tp=1&Ctry_Code=RW&surv_id=252&dm=1&dmode=nm
RW,RW,323,IR,5A,https://www.dhsprogram.com/customcf/legacy/data/download_dataset.cfm?Filename=RWIR5AFL.zip&Tp=1&Ctry_Code=RW&surv_id=323&dm=1&dmode=nm
RW,RW,364,IR,61,https://www.dhsprogram.com/customcf/legacy/data/download_dataset.cfm?Filename=RWIR61FL.zip&Tp=1&Ctry_Code=RW&surv_id=364&dm=1&dmode=nm
RW,RW,449,IR,6I,https://www.dhsprogram.com/customcf/legacy/data/download_dataset.cfm?Filename=RWIR6IFL.zip&Tp=1&Ctry_Code=RW&surv_id=449&dm=1&dmode=nm
RW,RW,468,IR,70,https://www.dhsprogram.com/customcf/legacy/data/download_dataset.cfm?Filename=RWIR70FL.zip&Tp=1&Ctry_Code=RW&surv_id=468&dm=1&dmode=nm
RW,RW,540,IR,7A,https://www.dhsprogram.com/customcf/legacy/data/download_dataset.cfm?Filename=RWIR7AFL.zip&Tp=1&Ctry_Code=RW&surv_id=540&dm=1&dmode=nm
RW,RW,554,IR,81,https://www.dhsprogram.com/customcf/legacy/data/download_dataset.cfm?Filename=RWIR81FL.zip&Tp=1&Ctry_Code=RW&surv_id=554&dm=1&dmode=nm
RW,RW,607,IR,8A,https://www.dhsprogram.com/customcf/legacy/data/download_dataset.cfm?Filename=RWIR8AFL.zip&Tp=1&Ctry_Code=RW&surv_id=607&dm=1&dmode=nm
RW,RW,624,IR,91,https://www.dhsprogram.com/customcf/legacy/data/download_dataset.cfm?Filename=RWIR91FL.zip&Tp=1&Ctry_Code=RW&surv_id=624&dm=1&dmode=nm
RW,RW,43,KR,21,https://www.dhsprogram.com/customcf/legacy/data/download_dataset.cfm?Filename=RWKR21FL.zip&Tp=1&Ctry_Code=RW&surv_id=43&dm=1&dmode=nm
RW,RW,165,KR,41,https://www.dhsprogram.com/customcf/legacy/data/download_dataset.cfm?Filename=RWKR41FL.zip&Tp=1&Ctry_Code=RW&surv_id=165&dm=1&dmode=nm
RW,RW,252,KR,53,https://www.dhsprogram.com/customcf/legacy/data/download_dataset.cfm?Filename=RWKR53FL.zip&Tp=1&Ctry_Code=RW&surv_id=252&dm=1&dmode=nm
RW,RW,323,KR,5A,https://www.dhsprogram.com/customcf/legacy/data/download_dataset.cfm?Filename=RWKR5AFL.zip&Tp=1&Ctry_Code=RW&surv_id=323&dm=1&dmode=nm
RW,RW,364,KR,61,https://www.dhsprogram.com/customcf/legacy/data/download_dataset.cfm?Filename=RWKR61FL.zip&Tp=1&Ctry_Code=RW&surv_id=364&dm=1&dmode=nm
RW,RW,449,KR,6I,https://www.dhsprogram.com/customcf/legacy/data/download_dataset.cfm?Filename=RWKR6IFL.zip&Tp=1&Ctry_Code=RW&surv_id=449&dm=1&dmode=nm
RW,RW,468,KR,70,https://www.dhsprogram.com/customcf/legacy/data/download_dataset.cfm?Filename=RWKR70FL.zip&Tp=1&Ctry_Code=RW&surv_id=468&dm=1&dmode=nm
RW,RW,540,KR,7A,https://www.dhsprogram.com/customcf/legacy/data/download_dataset.cfm?Filename=RWKR7AFL.zip&Tp=1&Ctry_Code=RW&surv_id=540&dm=1&dmode=nm
RW,RW,554,KR,81,https://www.dhsprogram.com/customcf/legacy/data/download_dataset.cfm?Filename=RWKR81FL.zip&Tp=1&Ctry_Code=RW&surv_id=554&dm=1&dmode=nm
RW,RW,607,KR,8A,https://www.dhsprogram.com/customcf/legacy/data/download_dataset.cfm?Filename=RWKR8AFL.zip&Tp=1&Ctry_Code=RW&surv_id=607&dm=1&dmode=nm
RW,RW,624,KR,91,https://www.dhsprogram.com/customcf/legacy/data/download_dataset.cfm?Filename=RWKR91FL.zip&Tp=1&Ctry_Code=RW&surv_id=624&dm=1&dmode=nm
RW,RW,43,MR,21,https://www.dhsprogram.com/customcf/legacy/data/download_dataset.cfm?Filename=RWMR21FL.zip&Tp=1&Ctry_Code=RW&surv_id=43&dm=1&dmode=nm
RW,RW,165,MR,41,https://www.dhsprogram.com/customcf/legacy/data/download_dataset.cfm?Filename=RWMR41FL.zip&Tp=1&Ctry_Code=RW&surv_id=165&dm=1&dmode=nm
RW,RW,252,MR,53,https://www.dhsprogram.com/customcf/legacy/data/download_dataset.cfm?Filename=RWMR53FL.zip&Tp=1&Ctry_Code=RW&surv_id=252&dm=1&dmode=nm
RW,RW,323,MR,5A,https://www.dhsprogram.com/customcf/legacy/data/download_dataset.cfm?Filename=RWMR5AFL.zip&Tp=1&Ctry_Code=RW&surv_id=323&dm=1&dmode=nm
RW,RW,364,MR,61,https://www.dhsprogram.com/customcf/legacy/data/download_dataset.cfm?Filename=RWMR61FL.zip&Tp=1&Ctry_Code=RW&surv_id=364&dm=1&dmode=nm
RW,RW,468,MR,70,https://www.dhsprogram.com/customcf/legacy/data/download_dataset.cfm?Filename=RWMR70FL.zip&Tp=1&Ctry_Code=RW&surv_id=468&dm=1&dmode=nm
RW,RW,554,MR,81,https://www.dhsprogram.com/customcf/legacy/data/download_dataset.cfm?Filename=RWMR81FL.zip&Tp=1&Ctry_Code=RW&surv_id=554&dm=1&dmode=nm
RW,RW,624,MR,91,https://www.dhsprogram.com/customcf/legacy/data/download_dataset.cfm?Filename=RWMR91FL.zip&Tp=1&Ctry_Code=RW&surv_id=624&dm=1&dmode=nm
RW,RW,43,PR,21,https://www.dhsprogram.com/customcf/legacy/data/download_dataset.cfm?Filename=RWPR21FL.zip&Tp=1&Ctry_Code=RW&surv_id=43&dm=1&dmode=nm
RW,RW,165,PR,41,https://www.dhsprogram.com/customcf/legacy/data/download_dataset.cfm?Filename=RWPR41FL.zip&Tp=1&Ctry_Code=RW&surv_id=165&dm=1&dmode=nm
RW,RW,252,PR,53,https://www.dhsprogram.com/customcf/legacy/data/download_dataset.cfm?Filename=RWPR53FL.zip&Tp=1&Ctry_Code=RW&surv_id=252&dm=1&dmode=nm
RW,RW,323,PR,5A,https://www.dhsprogram.com/customcf/legacy/data/download_dataset.cfm?Filename=RWPR5AFL.zip&Tp=1&Ctry_Code=RW&surv_id=323&dm=1&dmode=nm
RW,RW,364,PR,61,https://www.dhsprogram.com/customcf/legacy/data/download_dataset.cfm?Filename=RWPR61FL.zip&Tp=1&Ctry_Code=RW&surv_id=364&dm=1&dmode=nm
RW,RW,449,PR,6I,https://www.dhsprogram.com/customcf/legacy/data/download_dataset.cfm?Filename=RWPR6IFL.zip&Tp=1&Ctry_Code=RW&surv_id=449&dm=1&dmode=nm
RW,RW,468,PR,70,https://www.dhsprogram.com/customcf/legacy/data/download_dataset.cfm?Filename=RWPR70FL.zip&Tp=1&Ctry_Code=RW&surv_id=468&dm=1&dmode=nm
RW,RW,540,PR,7A,https://www.dhsprogram.com/customcf/legacy/data/download_dataset.cfm?Filename=RWPR7AFL.zip&Tp=1&Ctry_Code=RW&surv_id=540&dm=1&dmode=nm
RW,RW,554,PR,81,https://www.dhsprogram.com/customcf/legacy/data/download_dataset.cfm?Filename=RWPR81FL.zip&Tp=1&Ctry_Code=RW&surv_id=554&dm=1&dmode=nm
RW,RW,607,PR,8A,https://www.dhsprogram.com/customcf/legacy/data/download_dataset.cfm?Filename=RWPR8AFL.zip&Tp=1&Ctry_Code=RW&surv_id=607&dm=1&dmode=nm
RW,RW,624,PR,91,https://www.dhsprogram.com/customcf/legacy/data/download_dataset.cfm?Filename=RWPR91FL.zip&Tp=1&Ctry_Code=RW&surv_id=624&dm=1&dmode=nm
RW,RW,43,WI,21,https://www.dhsprogram.com/customcf/legacy/data/download_dataset.cfm?Filename=RWWI21FL.zip&Tp=1&Ctry_Code=RW&surv_id=43&dm=1&dmode=nm
RW,RW,165,WI,42,https://www.dhsprogram.com/customcf/legacy/data/download_dataset.cfm?Filename=RWWI42FL.zip&Tp=1&Ctry_Code=RW&surv_id=165&dm=1&dmode=nm
RW,RW,252,GE,54,https://www.dhsprogram.com/customcf/legacy/data/download_dataset.cfm?Filename=RWGE54FL.zip&Tp=2&Ctry_Code=RW&surv_id=252&dm=1&dmode=nm
RW,RW,323,GE,5B,https://www.dhsprogram.com/customcf/legacy/data/download_dataset.cfm?Filename=RWGE5BFL.zip&Tp=2&Ctry_Code=RW&surv_id=323&dm=1&dmode=nm
RW,RW,364,GE,61,https://www.dhsprogram.com/customcf/legacy/data/download_dataset.cfm?Filename=RWGE61FL.zip&Tp=2&Ctry_Code=RW&surv_id=364&dm=1&dmode=nm
RW,RW,468,GE,72,https://www.dhsprogram.com/customcf/legacy/data/download_dataset.cfm?Filename=RWGE72FL.zip&Tp=2&Ctry_Code=RW&surv_id=468&dm=1&dmode=nm
RW,RW,554,GE,81,https://www.dhsprogram.com/customcf/legacy/data/download_dataset.cfm?Filename=RWGE81FL.zip&Tp=2&Ctry_Code=RW&surv_id=554&dm=1&dmode=nm
RW,RW,607,GE,8A,https://www.dhsprogram.com/customcf/legacy/data/download_dataset.cfm?Filename=RWGE8AFL.zip&Tp=2&Ctry_Code=RW&surv_id=607&dm=1&dmode=nm
RW,RW,624,GE,91,https://www.dhsprogram.com/customcf/legacy/data/download_dataset.cfm?Filename=RWGE91FL.zip&Tp=2&Ctry_Code=RW&surv_id=624&dm=1&dmode=nm
ST,ST,318,BR,51,https://www.dhsprogram.com/customcf/legacy/data/download_dataset.cfm?Filename=STBR51FL.zip&Tp=1&Ctry_Code=ST&surv_id=318&dm=1&dmode=nm
ST,ST,318,CR,51,https://www.dhsprogram.com/customcf/legacy/data/download_dataset.cfm?Filename=STCR51FL.zip&Tp=1&Ctry_Code=ST&surv_id=318&dm=1&dmode=nm
ST,ST,318,HR,51,https://www.dhsprogram.com/customcf/legacy/data/download_dataset.cfm?Filename=STHR51FL.zip&Tp=1&Ctry_Code=ST&surv_id=318&dm=1&dmode=nm
ST,ST,318,IR,51,https://www.dhsprogram.com/customcf/legacy/data/download_dataset.cfm?Filename=STIR51FL.zip&Tp=1&Ctry_Code=ST&surv_id=318&dm=1&dmode=nm
ST,ST,318,KR,51,https://www.dhsprogram.com/customcf/legacy/data/download_dataset.cfm?Filename=STKR51FL.zip&Tp=1&Ctry_Code=ST&surv_id=318&dm=1&dmode=nm
ST,ST,318,MR,51,https://www.dhsprogram.com/customcf/legacy/data/download_dataset.cfm?Filename=STMR51FL.zip&Tp=1&Ctry_Code=ST&surv_id=318&dm=1&dmode=nm
ST,ST,318,PR,51,https://www.dhsprogram.com/customcf/legacy/data/download_dataset.cfm?Filename=STPR51FL.zip&Tp=1&Ctry_Code=ST&surv_id=318&dm=1&dmode=nm
SN,SN,3,BR,02,https://www.dhsprogram.com/customcf/legacy/data/download_dataset.cfm?Filename=SNBR02FL.zip&Tp=1&Ctry_Code=SN&surv_id=3&dm=1&dmode=nm
SN,SN,46,BR,21,https://www.dhsprogram.com/customcf/legacy/data/download_dataset.cfm?Filename=SNBR21FL.zip&Tp=1&Ctry_Code=SN&surv_id=46&dm=1&dmode=nm
SN,SN,81,BR,32,https://www.dhsprogram.com/customcf/legacy/data/download_dataset.cfm?Filename=SNBR32FL.zip&Tp=1&Ctry_Code=SN&surv_id=81&dm=1&dmode=nm
SN,SN,233,BR,4A,https://www.dhsprogram.com/customcf/legacy/data/download_dataset.cfm?Filename=SNBR4AFL.zip&Tp=1&Ctry_Code=SN&surv_id=233&dm=1&dmode=nm
SN,SN,338,BR,5A,https://www.dhsprogram.com/customcf/legacy/data/download_dataset.cfm?Filename=SNBR5AFL.zip&Tp=1&Ctry_Code=SN&surv_id=338&dm=1&dmode=nm
SN,SN,365,BR,61,https://www.dhsprogram.com/customcf/legacy/data/download_dataset.cfm?Filename=SNBR61FL.zip&Tp=1&Ctry_Code=SN&surv_id=365&dm=1&dmode=nm
SN,SN,423,BR,6D,https://www.dhsprogram.com/customcf/legacy/data/download_dataset.cfm?Filename=SNBR6DFL.zip&Tp=1&Ctry_Code=SN&surv_id=423&dm=1&dmode=nm
SN,SN,457,BR,71,https://www.dhsprogram.com/customcf/legacy/data/download_dataset.cfm?Filename=SNBR71FL.zip&Tp=1&Ctry_Code=SN&surv_id=457&dm=1&dmode=nm
SN,SN,489,BR,7A,https://www.dhsprogram.com/customcf/legacy/data/download_dataset.cfm?Filename=SNBR7AFL.zip&Tp=1&Ctry_Code=SN&surv_id=489&dm=1&dmode=nm
SN,SN,524,BR,7I,https://www.dhsprogram.com/customcf/legacy/data/download_dataset.cfm?Filename=SNBR7IFL.zip&Tp=1&Ctry_Code=SN&surv_id=524&dm=1&dmode=nm
SN,SN,534,BR,7Z,https://www.dhsprogram.com/customcf/legacy/data/download_dataset.cfm?Filename=SNBR7ZFL.zip&Tp=1&Ctry_Code=SN&surv_id=534&dm=1&dmode=nm
SN,SN,580,BR,81,https://www.dhsprogram.com/customcf/legacy/data/download_dataset.cfm?Filename=SNBR81FL.zip&Tp=1&Ctry_Code=SN&surv_id=580&dm=1&dmode=nm
SN,SN,581,BR,8B,https://www.dhsprogram.com/customcf/legacy/data/download_dataset.cfm?Filename=SNBR8BFL.zip&Tp=1&Ctry_Code=SN&surv_id=581&dm=1&dmode=nm
SN,SN,611,BR,8S,https://www.dhsprogram.com/customcf/legacy/data/download_dataset.cfm?Filename=SNBR8SFL.zip&Tp=1&Ctry_Code=SN&surv_id=611&dm=1&dmode=nm
SN,SN,46,CR,21,https://www.dhsprogram.com/customcf/legacy/data/download_dataset.cfm?Filename=SNCR21FL.zip&Tp=1&Ctry_Code=SN&surv_id=46&dm=1&dmode=nm
SN,SN,81,CR,31,https://www.dhsprogram.com/customcf/legacy/data/download_dataset.cfm?Filename=SNCR31FL.zip&Tp=1&Ctry_Code=SN&surv_id=81&dm=1&dmode=nm
SN,SN,233,CR,4A,https://www.dhsprogram.com/customcf/legacy/data/download_dataset.cfm?Filename=SNCR4AFL.zip&Tp=1&Ctry_Code=SN&surv_id=233&dm=1&dmode=nm
SN,SN,365,CR,61,https://www.dhsprogram.com/customcf/legacy/data/download_dataset.cfm?Filename=SNCR61FL.zip&Tp=1&Ctry_Code=SN&surv_id=365&dm=1&dmode=nm
SN,SN,457,CR,71,https://www.dhsprogram.com/customcf/legacy/data/download_dataset.cfm?Filename=SNCR71FL.zip&Tp=1&Ctry_Code=SN&surv_id=457&dm=1&dmode=nm
SN,SN,489,CR,7A,https://www.dhsprogram.com/customcf/legacy/data/download_dataset.cfm?Filename=SNCR7AFL.zip&Tp=1&Ctry_Code=SN&surv_id=489&dm=1&dmode=nm
SN,SN,524,CR,7I,https://www.dhsprogram.com/customcf/legacy/data/download_dataset.cfm?Filename=SNCR7IFL.zip&Tp=1&Ctry_Code=SN&surv_id=524&dm=1&dmode=nm
SN,SN,534,CR,7Z,https://www.dhsprogram.com/customcf/legacy/data/download_dataset.cfm?Filename=SNCR7ZFL.zip&Tp=1&Ctry_Code=SN&surv_id=534&dm=1&dmode=nm
SN,SN,580,CR,81,https://www.dhsprogram.com/customcf/legacy/data/download_dataset.cfm?Filename=SNCR81FL.zip&Tp=1&Ctry_Code=SN&surv_id=580&dm=1&dmode=nm
SN,SN,581,CR,8B,https://www.dhsprogram.com/customcf/legacy/data/download_dataset.cfm?Filename=SNCR8BFL.zip&Tp=1&Ctry_Code=SN&surv_id=581&dm=1&dmode=nm
SN,SN,611,CR,8S,https://www.dhsprogram.com/customcf/legacy/data/download_dataset.cfm?Filename=SNCR8SFL.zip&Tp=1&Ctry_Code=SN&surv_id=611&dm=1&dmode=nm
SN,SN,3,HH,01,https://www.dhsprogram.com/customcf/legacy/data/download_dataset.cfm?Filename=SNHH01FL.zip&Tp=1&Ctry_Code=SN&surv_id=3&dm=1&dmode=nm
SN,SN,166,HH,41,https://www.dhsprogram.com/customcf/legacy/data/download_dataset.cfm?Filename=SNHH41FL.zip&Tp=1&Ctry_Code=SN&surv_id=166&dm=1&dmode=nm
SN,SN,46,HR,21,https://www.dhsprogram.com/customcf/legacy/data/download_dataset.cfm?Filename=SNHR21FL.zip&Tp=1&Ctry_Code=SN&surv_id=46&dm=1&dmode=nm
SN,SN,81,HR,32,https://www.dhsprogram.com/customcf/legacy/data/download_dataset.cfm?Filename=SNHR32FL.zip&Tp=1&Ctry_Code=SN&surv_id=81&dm=1&dmode=nm
SN,SN,233,HR,4A,https://www.dhsprogram.com/customcf/legacy/data/download_dataset.cfm?Filename=SNHR4AFL.zip&Tp=1&Ctry_Code=SN&surv_id=233&dm=1&dmode=nm
SN,SN,293,HR,51,https://www.dhsprogram.com/customcf/legacy/data/download_dataset.cfm?Filename=SNHR51FL.zip&Tp=1&Ctry_Code=SN&surv_id=293&dm=1&dmode=nm
SN,SN,338,HR,5A,https://www.dhsprogram.com/customcf/legacy/data/download_dataset.cfm?Filename=SNHR5AFL.zip&Tp=1&Ctry_Code=SN&surv_id=338&dm=1&dmode=nm
SN,SN,365,HR,61,https://www.dhsprogram.com/customcf/legacy/data/download_dataset.cfm?Filename=SNHR61FL.zip&Tp=1&Ctry_Code=SN&surv_id=365&dm=1&dmode=nm
SN,SN,423,HR,6D,https://www.dhsprogram.com/customcf/legacy/data/download_dataset.cfm?Filename=SNHR6DFL.zip&Tp=1&Ctry_Code=SN&surv_id=423&dm=1&dmode=nm
SN,SN,457,HR,71,https://www.dhsprogram.com/customcf/legacy/data/download_dataset.cfm?Filename=SNHR71FL.zip&Tp=1&Ctry_Code=SN&surv_id=457&dm=1&dmode=nm
SN,SN,489,HR,7A,https://www.dhsprogram.com/customcf/legacy/data/download_dataset.cfm?Filename=SNHR7AFL.zip&Tp=1&Ctry_Code=SN&surv_id=489&dm=1&dmode=nm
SN,SN,524,HR,7I,https://www.dhsprogram.com/customcf/legacy/data/download_dataset.cfm?Filename=SNHR7IFL.zip&Tp=1&Ctry_Code=SN&surv_id=524&dm=1&dmode=nm
SN,SN,534,HR,7Z,https://www.dhsprogram.com/customcf/legacy/data/download_dataset.cfm?Filename=SNHR7ZFL.zip&Tp=1&Ctry_Code=SN&surv_id=534&dm=1&dmode=nm
SN,SN,580,HR,81,https://www.dhsprogram.com/customcf/legacy/data/download_dataset.cfm?Filename=SNHR81FL.zip&Tp=1&Ctry_Code=SN&surv_id=580&dm=1&dmode=nm
SN,SN,581,HR,8B,https://www.dhsprogram.com/customcf/legacy/data/download_dataset.cfm?Filename=SNHR8BFL.zip&Tp=1&Ctry_Code=SN&surv_id=581&dm=1&dmode=nm
SN,SN,587,HR,8I,https://www.dhsprogram.com/customcf/legacy/data/download_dataset.cfm?Filename=SNHR8IFL.zip&Tp=1&Ctry_Code=SN&surv_id=587&dm=1&dmode=nm
SN,SN,611,HR,8S,https://www.dhsprogram.com/customcf/legacy/data/download_dataset.cfm?Filename=SNHR8SFL.zip&Tp=1&Ctry_Code=SN&surv_id=611&dm=1&dmode=nm
SN,SN,3,HW,02,https://www.dhsprogram.com/customcf/legacy/data/download_dataset.cfm?Filename=SNHW02FL.zip&Tp=1&Ctry_Code=SN&surv_id=3&dm=1&dmode=nm
SN,SN,46,HW,21,https://www.dhsprogram.com/customcf/legacy/data/download_dataset.cfm?Filename=SNHW21FL.zip&Tp=1&Ctry_Code=SN&surv_id=46&dm=1&dmode=nm
SN,SN,233,HW,4A,https://www.dhsprogram.com/customcf/legacy/data/download_dataset.cfm?Filename=SNHW4AFL.zip&Tp=1&Ctry_Code=SN&surv_id=233&dm=1&dmode=nm
SN,SN,166,IQ,41,https://www.dhsprogram.com/customcf/legacy/data/download_dataset.cfm?Filename=SNIQ41FL.zip&Tp=1&Ctry_Code=SN&surv_id=166&dm=1&dmode=nm
SN,SN,3,IR,02,https://www.dhsprogram.com/customcf/legacy/data/download_dataset.cfm?Filename=SNIR02FL.zip&Tp=1&Ctry_Code=SN&surv_id=3&dm=1&dmode=nm
SN,SN,46,IR,21,https://www.dhsprogram.com/customcf/legacy/data/download_dataset.cfm?Filename=SNIR21FL.zip&Tp=1&Ctry_Code=SN&surv_id=46&dm=1&dmode=nm
SN,SN,81,IR,32,https://www.dhsprogram.com/customcf/legacy/data/download_dataset.cfm?Filename=SNIR32FL.zip&Tp=1&Ctry_Code=SN&surv_id=81&dm=1&dmode=nm
SN,SN,233,IR,4A,https://www.dhsprogram.com/customcf/legacy/data/download_dataset.cfm?Filename=SNIR4AFL.zip&Tp=1&Ctry_Code=SN&surv_id=233&dm=1&dmode=nm
SN,SN,293,IR,51,https://www.dhsprogram.com/customcf/legacy/data/download_dataset.cfm?Filename=SNIR51FL.zip&Tp=1&Ctry_Code=SN&surv_id=293&dm=1&dmode=nm
SN,SN,338,IR,5A,https://www.dhsprogram.com/customcf/legacy/data/download_dataset.cfm?Filename=SNIR5AFL.zip&Tp=1&Ctry_Code=SN&surv_id=338&dm=1&dmode=nm
SN,SN,365,IR,61,https://www.dhsprogram.com/customcf/legacy/data/download_dataset.cfm?Filename=SNIR61FL.zip&Tp=1&Ctry_Code=SN&surv_id=365&dm=1&dmode=nm
SN,SN,423,IR,6D,https://www.dhsprogram.com/customcf/legacy/data/download_dataset.cfm?Filename=SNIR6DFL.zip&Tp=1&Ctry_Code=SN&surv_id=423&dm=1&dmode=nm
SN,SN,457,IR,71,https://www.dhsprogram.com/customcf/legacy/data/download_dataset.cfm?Filename=SNIR71FL.zip&Tp=1&Ctry_Code=SN&surv_id=457&dm=1&dmode=nm
SN,SN,489,IR,7A,https://www.dhsprogram.com/customcf/legacy/data/download_dataset.cfm?Filename=SNIR7AFL.zip&Tp=1&Ctry_Code=SN&surv_id=489&dm=1&dmode=nm
SN,SN,524,IR,7I,https://www.dhsprogram.com/customcf/legacy/data/download_dataset.cfm?Filename=SNIR7IFL.zip&Tp=1&Ctry_Code=SN&surv_id=524&dm=1&dmode=nm
SN,SN,534,IR,7Z,https://www.dhsprogram.com/customcf/legacy/data/download_dataset.cfm?Filename=SNIR7ZFL.zip&Tp=1&Ctry_Code=SN&surv_id=534&dm=1&dmode=nm
SN,SN,580,IR,81,https://www.dhsprogram.com/customcf/legacy/data/download_dataset.cfm?Filename=SNIR81FL.zip&Tp=1&Ctry_Code=SN&surv_id=580&dm=1&dmode=nm
SN,SN,581,IR,8B,https://www.dhsprogram.com/customcf/legacy/data/download_dataset.cfm?Filename=SNIR8BFL.zip&Tp=1&Ctry_Code=SN&surv_id=581&dm=1&dmode=nm
SN,SN,587,IR,8I,https://www.dhsprogram.com/customcf/legacy/data/download_dataset.cfm?Filename=SNIR8IFL.zip&Tp=1&Ctry_Code=SN&surv_id=587&dm=1&dmode=nm
SN,SN,611,IR,8S,https://www.dhsprogram.com/customcf/legacy/data/download_dataset.cfm?Filename=SNIR8SFL.zip&Tp=1&Ctry_Code=SN&surv_id=611&dm=1&dmode=nm
SN,SN,3,KR,01,https://www.dhsprogram.com/customcf/legacy/data/download_dataset.cfm?Filename=SNKR01FL.zip&Tp=1&Ctry_Code=SN&surv_id=3&dm=1&dmode=nm
SN,SN,46,KR,21,https://www.dhsprogram.com/customcf/legacy/data/download_dataset.cfm?Filename=SNKR21FL.zip&Tp=1&Ctry_Code=SN&surv_id=46&dm=1&dmode=nm
SN,SN,81,KR,32,https://www.dhsprogram.com/customcf/legacy/data/download_dataset.cfm?Filename=SNKR32FL.zip&Tp=1&Ctry_Code=SN&surv_id=81&dm=1&dmode=nm
SN,SN,233,KR,4A,https://www.dhsprogram.com/customcf/legacy/data/download_dataset.cfm?Filename=SNKR4AFL.zip&Tp=1&Ctry_Code=SN&surv_id=233&dm=1&dmode=nm
SN,SN,293,KR,51,https://www.dhsprogram.com/customcf/legacy/data/download_dataset.cfm?Filename=SNKR51FL.zip&Tp=1&Ctry_Code=SN&surv_id=293&dm=1&dmode=nm
SN,SN,338,KR,5A,https://www.dhsprogram.com/customcf/legacy/data/download_dataset.cfm?Filename=SNKR5AFL.zip&Tp=1&Ctry_Code=SN&surv_id=338&dm=1&dmode=nm
SN,SN,365,KR,61,https://www.dhsprogram.com/customcf/legacy/data/download_dataset.cfm?Filename=SNKR61FL.zip&Tp=1&Ctry_Code=SN&surv_id=365&dm=1&dmode=nm
SN,SN,423,KR,6D,https://www.dhsprogram.com/customcf/legacy/data/download_dataset.cfm?Filename=SNKR6DFL.zip&Tp=1&Ctry_Code=SN&surv_id=423&dm=1&dmode=nm
SN,SN,457,KR,71,https://www.dhsprogram.com/customcf/legacy/data/download_dataset.cfm?Filename=SNKR71FL.zip&Tp=1&Ctry_Code=SN&surv_id=457&dm=1&dmode=nm
SN,SN,489,KR,7A,https://www.dhsprogram.com/customcf/legacy/data/download_dataset.cfm?Filename=SNKR7AFL.zip&Tp=1&Ctry_Code=SN&surv_id=489&dm=1&dmode=nm
SN,SN,524,KR,7I,https://www.dhsprogram.com/customcf/legacy/data/download_dataset.cfm?Filename=SNKR7IFL.zip&Tp=1&Ctry_Code=SN&surv_id=524&dm=1&dmode=nm
SN,SN,534,KR,7Z,https://www.dhsprogram.com/customcf/legacy/data/download_dataset.cfm?Filename=SNKR7ZFL.zip&Tp=1&Ctry_Code=SN&surv_id=534&dm=1&dmode=nm
SN,SN,580,KR,81,https://www.dhsprogram.com/customcf/legacy/data/download_dataset.cfm?Filename=SNKR81FL.zip&Tp=1&Ctry_Code=SN&surv_id=580&dm=1&dmode=nm
SN,SN,581,KR,8B,https://www.dhsprogram.com/customcf/legacy/data/download_dataset.cfm?Filename=SNKR8BFL.zip&Tp=1&Ctry_Code=SN&surv_id=581&dm=1&dmode=nm
SN,SN,587,KR,8I,https://www.dhsprogram.com/customcf/legacy/data/download_dataset.cfm?Filename=SNKR8IFL.zip&Tp=1&Ctry_Code=SN&surv_id=587&dm=1&dmode=nm
SN,SN,611,KR,8S,https://www.dhsprogram.com/customcf/legacy/data/download_dataset.cfm?Filename=SNKR8SFL.zip&Tp=1&Ctry_Code=SN&surv_id=611&dm=1&dmode=nm
SN,SN,166,ML,41,https://www.dhsprogram.com/customcf/legacy/data/download_dataset.cfm?Filename=SNML41FL.zip&Tp=1&Ctry_Code=SN&surv_id=166&dm=1&dmode=nm
SN,SN,46,MR,21,https://www.dhsprogram.com/customcf/legacy/data/download_dataset.cfm?Filename=SNMR21FL.zip&Tp=1&Ctry_Code=SN&surv_id=46&dm=1&dmode=nm
SN,SN,81,MR,31,https://www.dhsprogram.com/customcf/legacy/data/download_dataset.cfm?Filename=SNMR31FL.zip&Tp=1&Ctry_Code=SN&surv_id=81&dm=1&dmode=nm
SN,SN,233,MR,4A,https://www.dhsprogram.com/customcf/legacy/data/download_dataset.cfm?Filename=SNMR4AFL.zip&Tp=1&Ctry_Code=SN&surv_id=233&dm=1&dmode=nm
SN,SN,365,MR,61,https://www.dhsprogram.com/customcf/legacy/data/download_dataset.cfm?Filename=SNMR61FL.zip&Tp=1&Ctry_Code=SN&surv_id=365&dm=1&dmode=nm
SN,SN,457,MR,71,https://www.dhsprogram.com/customcf/legacy/data/download_dataset.cfm?Filename=SNMR71FL.zip&Tp=1&Ctry_Code=SN&surv_id=457&dm=1&dmode=nm
SN,SN,489,MR,7A,https://www.dhsprogram.com/customcf/legacy/data/download_dataset.cfm?Filename=SNMR7AFL.zip&Tp=1&Ctry_Code=SN&surv_id=489&dm=1&dmode=nm
SN,SN,524,MR,7I,https://www.dhsprogram.com/customcf/legacy/data/download_dataset.cfm?Filename=SNMR7IFL.zip&Tp=1&Ctry_Code=SN&surv_id=524&dm=1&dmode=nm
SN,SN,534,MR,7Z,https://www.dhsprogram.com/customcf/legacy/data/download_dataset.cfm?Filename=SNMR7ZFL.zip&Tp=1&Ctry_Code=SN&surv_id=534&dm=1&dmode=nm
SN,SN,580,MR,81,https://www.dhsprogram.com/customcf/legacy/data/download_dataset.cfm?Filename=SNMR81FL.zip&Tp=1&Ctry_Code=SN&surv_id=580&dm=1&dmode=nm
SN,SN,581,MR,8B,https://www.dhsprogram.com/customcf/legacy/data/download_dataset.cfm?Filename=SNMR8BFL.zip&Tp=1&Ctry_Code=SN&surv_id=581&dm=1&dmode=nm
SN,SN,611,MR,8S,https://www.dhsprogram.com/customcf/legacy/data/download_dataset.cfm?Filename=SNMR8SFL.zip&Tp=1&Ctry_Code=SN&surv_id=611&dm=1&dmode=nm
SN,SN,46,PR,21,https://www.dhsprogram.com/customcf/legacy/data/download_dataset.cfm?Filename=SNPR21FL.zip&Tp=1&Ctry_Code=SN&surv_id=46&dm=1&dmode=nm
SN,SN,81,PR,32,https://www.dhsprogram.com/customcf/legacy/data/download_dataset.cfm?Filename=SNPR32FL.zip&Tp=1&Ctry_Code=SN&surv_id=81&dm=1&dmode=nm
SN,SN,233,PR,4A,https://www.dhsprogram.com/customcf/legacy/data/download_dataset.cfm?Filename=SNPR4AFL.zip&Tp=1&Ctry_Code=SN&surv_id=233&dm=1&dmode=nm
SN,SN,293,PR,51,https://www.dhsprogram.com/customcf/legacy/data/download_dataset.cfm?Filename=SNPR51FL.zip&Tp=1&Ctry_Code=SN&surv_id=293&dm=1&dmode=nm
SN,SN,338,PR,5A,https://www.dhsprogram.com/customcf/legacy/data/download_dataset.cfm?Filename=SNPR5AFL.zip&Tp=1&Ctry_Code=SN&surv_id=338&dm=1&dmode=nm
SN,SN,365,PR,61,https://www.dhsprogram.com/customcf/legacy/data/download_dataset.cfm?Filename=SNPR61FL.zip&Tp=1&Ctry_Code=SN&surv_id=365&dm=1&dmode=nm
SN,SN,423,PR,6D,https://www.dhsprogram.com/customcf/legacy/data/download_dataset.cfm?Filename=SNPR6DFL.zip&Tp=1&Ctry_Code=SN&surv_id=423&dm=1&dmode=nm
SN,SN,457,PR,71,https://www.dhsprogram.com/customcf/legacy/data/download_dataset.cfm?Filename=SNPR71FL.zip&Tp=1&Ctry_Code=SN&surv_id=457&dm=1&dmode=nm
SN,SN,489,PR,7A,https://www.dhsprogram.com/customcf/legacy/data/download_dataset.cfm?Filename=SNPR7AFL.zip&Tp=1&Ctry_Code=SN&surv_id=489&dm=1&dmode=nm
SN,SN,524,PR,7I,https://www.dhsprogram.com/customcf/legacy/data/download_dataset.cfm?Filename=SNPR7IFL.zip&Tp=1&Ctry_Code=SN&surv_id=524&dm=1&dmode=nm
SN,SN,534,PR,7Z,https://www.dhsprogram.com/customcf/legacy/data/download_dataset.cfm?Filename=SNPR7ZFL.zip&Tp=1&Ctry_Code=SN&surv_id=534&dm=1&dmode=nm
SN,SN,580,PR,81,https://www.dhsprogram.com/customcf/legacy/data/download_dataset.cfm?Filename=SNPR81FL.zip&Tp=1&Ctry_Code=SN&surv_id=580&dm=1&dmode=nm
SN,SN,581,PR,8B,https://www.dhsprogram.com/customcf/legacy/data/download_dataset.cfm?Filename=SNPR8BFL.zip&Tp=1&Ctry_Code=SN&surv_id=581&dm=1&dmode=nm
SN,SN,587,PR,8I,https://www.dhsprogram.com/customcf/legacy/data/download_dataset.cfm?Filename=SNPR8IFL.zip&Tp=1&Ctry_Code=SN&surv_id=587&dm=1&dmode=nm
SN,SN,611,PR,8S,https://www.dhsprogram.com/customcf/legacy/data/download_dataset.cfm?Filename=SNPR8SFL.zip&Tp=1&Ctry_Code=SN&surv_id=611&dm=1&dmode=nm
SN,SN,46,SQ,22,https://www.dhsprogram.com/customcf/legacy/data/download_dataset.cfm?Filename=SNSQ22FL.zip&Tp=1&Ctry_Code=SN&surv_id=46&dm=1&dmode=nm
SN,SN,81,WI,32,https://www.dhsprogram.com/customcf/legacy/data/download_dataset.cfm?Filename=SNWI32FL.zip&Tp=1&Ctry_Code=SN&surv_id=81&dm=1&dmode=nm
SN,SN,46,GE,23,https://www.dhsprogram.com/customcf/legacy/data/download_dataset.cfm?Filename=SNGE23FL.zip&Tp=2&Ctry_Code=SN&surv_id=46&dm=1&dmode=nm
SN,SN,81,GE,32,https://www.dhsprogram.com/customcf/legacy/data/download_dataset.cfm?Filename=SNGE32FL.zip&Tp=2&Ctry_Code=SN&surv_id=81&dm=1&dmode=nm
SN,SN,233,GE,4B,https://www.dhsprogram.com/customcf/legacy/data/download_dataset.cfm?Filename=SNGE4BFL.zip&Tp=2&Ctry_Code=SN&surv_id=233&dm=1&dmode=nm
SN,SN,338,GE,5A,https://www.dhsprogram.com/customcf/legacy/data/download_dataset.cfm?Filename=SNGE5AFL.zip&Tp=2&Ctry_Code=SN&surv_id=338&dm=1&dmode=nm
SN,SN,365,GE,61,https://www.dhsprogram.com/customcf/legacy/data/download_dataset.cfm?Filename=SNGE61FL.zip&Tp=2&Ctry_Code=SN&surv_id=365&dm=1&dmode=nm
SN,SN,423,GE,6A,https://www.dhsprogram.com/customcf/legacy/data/download_dataset.cfm?Filename=SNGE6AFL.zip&Tp=2&Ctry_Code=SN&surv_id=423&dm=1&dmode=nm
SN,SN,457,GE,71,https://www.dhsprogram.com/customcf/legacy/data/download_dataset.cfm?Filename=SNGE71FL.zip&Tp=2&Ctry_Code=SN&surv_id=457&dm=1&dmode=nm
SN,SN,489,GE,7A,https://www.dhsprogram.com/customcf/legacy/data/download_dataset.cfm?Filename=SNGE7AFL.zip&Tp=2&Ctry_Code=SN&surv_id=489&dm=1&dmode=nm
SN,SN,524,GE,7I,https://www.dhsprogram.com/customcf/legacy/data/download_dataset.cfm?Filename=SNGE7IFL.zip&Tp=2&Ctry_Code=SN&surv_id=524&dm=1&dmode=nm
SN,SN,534,GE,7R,https://www.dhsprogram.com/customcf/legacy/data/download_dataset.cfm?Filename=SNGE7RFL.zip&Tp=2&Ctry_Code=SN&surv_id=534&dm=1&dmode=nm
SN,SN,580,GE,81,https://www.dhsprogram.com/customcf/legacy/data/download_dataset.cfm?Filename=SNGE81FL.zip&Tp=2&Ctry_Code=SN&surv_id=580&dm=1&dmode=nm
SN,SN,581,GE,8B,https://www.dhsprogram.com/customcf/legacy/data/download_dataset.cfm?Filename=SNGE8BFL.zip&Tp=2&Ctry_Code=SN&surv_id=581&dm=1&dmode=nm
SN,SN,587,GE,8I,https://www.dhsprogram.com/customcf/legacy/data/download_dataset.cfm?Filename=SNGE8IFL.zip&Tp=2&Ctry_Code=SN&surv_id=587&dm=1&dmode=nm
SN,SN,611,GE,8R,https://www.dhsprogram.com/customcf/legacy/data/download_dataset.cfm?Filename=SNGE8RFL.zip&Tp=2&Ctry_Code=SN&surv_id=611&dm=1&dmode=nm
SL,SL,324,BR,51,https://www.dhsprogram.com/customcf/legacy/data/download_dataset.cfm?Filename=SLBR51FL.zip&Tp=1&Ctry_Code=SL&surv_id=324&dm=1&dmode=nm
SL,SL,450,BR,61,https://www.dhsprogram.com/customcf/legacy/data/download_dataset.cfm?Filename=SLBR61FL.zip&Tp=1&Ctry_Code=SL&surv_id=450&dm=1&dmode=nm
SL,SL,545,BR,7A,https://www.dhsprogram.com/customcf/legacy/data/download_dataset.cfm?Filename=SLBR7AFL.zip&Tp=1&Ctry_Code=SL&surv_id=545&dm=1&dmode=nm
SL,SL,324,CR,51,https://www.dhsprogram.com/customcf/legacy/data/download_dataset.cfm?Filename=SLCR51FL.zip&Tp=1&Ctry_Code=SL&surv_id=324&dm=1&dmode=nm
SL,SL,450,CR,61,https://www.dhsprogram.com/customcf/legacy/data/download_dataset.cfm?Filename=SLCR61FL.zip&Tp=1&Ctry_Code=SL&surv_id=450&dm=1&dmode=nm
SL,SL,545,CR,7A,https://www.dhsprogram.com/customcf/legacy/data/download_dataset.cfm?Filename=SLCR7AFL.zip&Tp=1&Ctry_Code=SL&surv_id=545&dm=1&dmode=nm
SL,SL,324,HR,51,https://www.dhsprogram.com/customcf/legacy/data/download_dataset.cfm?Filename=SLHR51FL.zip&Tp=1&Ctry_Code=SL&surv_id=324&dm=1&dmode=nm
SL,SL,450,HR,61,https://www.dhsprogram.com/customcf/legacy/data/download_dataset.cfm?Filename=SLHR61FL.zip&Tp=1&Ctry_Code=SL&surv_id=450&dm=1&dmode=nm
SL,SL,515,HR,73,https://www.dhsprogram.com/customcf/legacy/data/download_dataset.cfm?Filename=SLHR73FL.zip&Tp=1&Ctry_Code=SL&surv_id=515&dm=1&dmode=nm
SL,SL,545,HR,7A,https://www.dhsprogram.com/customcf/legacy/data/download_dataset.cfm?Filename=SLHR7AFL.zip&Tp=1&Ctry_Code=SL&surv_id=545&dm=1&dmode=nm
SL,SL,324,IR,51,https://www.dhsprogram.com/customcf/legacy/data/download_dataset.cfm?Filename=SLIR51FL.zip&Tp=1&Ctry_Code=SL&surv_id=324&dm=1&dmode=nm
SL,SL,450,IR,61,https://www.dhsprogram.com/customcf/legacy/data/download_dataset.cfm?Filename=SLIR61FL.zip&Tp=1&Ctry_Code=SL&surv_id=450&dm=1&dmode=nm
SL,SL,515,IR,73,https://www.dhsprogram.com/customcf/legacy/data/download_dataset.cfm?Filename=SLIR73FL.zip&Tp=1&Ctry_Code=SL&surv_id=515&dm=1&dmode=nm
SL,SL,545,IR,7A,https://www.dhsprogram.com/customcf/legacy/data/download_dataset.cfm?Filename=SLIR7AFL.zip&Tp=1&Ctry_Code=SL&surv_id=545&dm=1&dmode=nm
SL,SL,324,KR,51,https://www.dhsprogram.com/customcf/legacy/data/download_dataset.cfm?Filename=SLKR51FL.zip&Tp=1&Ctry_Code=SL&surv_id=324&dm=1&dmode=nm
SL,SL,450,KR,61,https://www.dhsprogram.com/customcf/legacy/data/download_dataset.cfm?Filename=SLKR61FL.zip&Tp=1&Ctry_Code=SL&surv_id=450&dm=1&dmode=nm
SL,SL,515,KR,73,https://www.dhsprogram.com/customcf/legacy/data/download_dataset.cfm?Filename=SLKR73FL.zip&Tp=1&Ctry_Code=SL&surv_id=515&dm=1&dmode=nm
SL,SL,545,KR,7A,https://www.dhsprogram.com/customcf/legacy/data/download_dataset.cfm?Filename=SLKR7AFL.zip&Tp=1&Ctry_Code=SL&surv_id=545&dm=1&dmode=nm
SL,SL,324,MR,51,https://www.dhsprogram.com/customcf/legacy/data/download_dataset.cfm?Filename=SLMR51FL.zip&Tp=1&Ctry_Code=SL&surv_id=324&dm=1&dmode=nm
SL,SL,450,MR,61,https://www.dhsprogram.com/customcf/legacy/data/download_dataset.cfm?Filename=SLMR61FL.zip&Tp=1&Ctry_Code=SL&surv_id=450&dm=1&dmode=nm
SL,SL,545,MR,7A,https://www.dhsprogram.com/customcf/legacy/data/download_dataset.cfm?Filename=SLMR7AFL.zip&Tp=1&Ctry_Code=SL&surv_id=545&dm=1&dmode=nm
SL,SL,324,PR,51,https://www.dhsprogram.com/customcf/legacy/data/download_dataset.cfm?Filename=SLPR51FL.zip&Tp=1&Ctry_Code=SL&surv_id=324&dm=1&dmode=nm
SL,SL,450,PR,61,https://www.dhsprogram.com/customcf/legacy/data/download_dataset.cfm?Filename=SLPR61FL.zip&Tp=1&Ctry_Code=SL&surv_id=450&dm=1&dmode=nm
SL,SL,515,PR,73,https://www.dhsprogram.com/customcf/legacy/data/download_dataset.cfm?Filename=SLPR73FL.zip&Tp=1&Ctry_Code=SL&surv_id=515&dm=1&dmode=nm
SL,SL,545,PR,7A,https://www.dhsprogram.com/customcf/legacy/data/download_dataset.cfm?Filename=SLPR7AFL.zip&Tp=1&Ctry_Code=SL&surv_id=545&dm=1&dmode=nm
SL,SL,324,GE,53,https://www.dhsprogram.com/customcf/legacy/data/download_dataset.cfm?Filename=SLGE53FL.zip&Tp=2&Ctry_Code=SL&surv_id=324&dm=1&dmode=nm
SL,SL,450,GE,61,https://www.dhsprogram.com/customcf/legacy/data/download_dataset.cfm?Filename=SLGE61FL.zip&Tp=2&Ctry_Code=SL&surv_id=450&dm=1&dmode=nm
SL,SL,515,GE,71,https://www.dhsprogram.com/customcf/legacy/data/download_dataset.cfm?Filename=SLGE71FL.zip&Tp=2&Ctry_Code=SL&surv_id=515&dm=1&dmode=nm
SL,SL,545,GE,7A,https://www.dhsprogram.com/customcf/legacy/data/download_dataset.cfm?Filename=SLGE7AFL.zip&Tp=2&Ctry_Code=SL&surv_id=545&dm=1&dmode=nm
ZA,ZA,113,BR,31,https://www.dhsprogram.com/customcf/legacy/data/download_dataset.cfm?Filename=ZABR31FL.zip&Tp=1&Ctry_Code=ZA&surv_id=113&dm=1&dmode=nm
ZA,ZA,390,BR,71,https://www.dhsprogram.com/customcf/legacy/data/download_dataset.cfm?Filename=ZABR71FL.zip&Tp=1&Ctry_Code=ZA&surv_id=390&dm=1&dmode=nm
ZA,ZA,390,CR,71,https://www.dhsprogram.com/customcf/legacy/data/download_dataset.cfm?Filename=ZACR71FL.zip&Tp=1&Ctry_Code=ZA&surv_id=390&dm=1&dmode=nm
ZA,ZA,113,HR,31,https://www.dhsprogram.com/customcf/legacy/data/download_dataset.cfm?Filename=ZAHR31FL.zip&Tp=1&Ctry_Code=ZA&surv_id=113&dm=1&dmode=nm
ZA,ZA,390,HR,71,https://www.dhsprogram.com/customcf/legacy/data/download_dataset.cfm?Filename=ZAHR71FL.zip&Tp=1&Ctry_Code=ZA&surv_id=390&dm=1&dmode=nm
ZA,ZA,113,IR,31,https://www.dhsprogram.com/customcf/legacy/data/download_dataset.cfm?Filename=ZAIR31FL.zip&Tp=1&Ctry_Code=ZA&surv_id=113&dm=1&dmode=nm
ZA,ZA,390,IR,71,https://www.dhsprogram.com/customcf/legacy/data/download_dataset.cfm?Filename=ZAIR71FL.zip&Tp=1&Ctry_Code=ZA&surv_id=390&dm=1&dmode=nm
ZA,ZA,113,KR,31,https://www.dhsprogram.com/customcf/legacy/data/download_dataset.cfm?Filename=ZAKR31FL.zip&Tp=1&Ctry_Code=ZA&surv_id=113&dm=1&dmode=nm
ZA,ZA,390,KR,71,https://www.dhsprogram.com/customcf/legacy/data/download_dataset.cfm?Filename=ZAKR71FL.zip&Tp=1&Ctry_Code=ZA&surv_id=390&dm=1&dmode=nm
ZA,ZA,390,MR,71,https://www.dhsprogram.com/customcf/legacy/data/download_dataset.cfm?Filename=ZAMR71FL.zip&Tp=1&Ctry_Code=ZA&surv_id=390&dm=1&dmode=nm
ZA,ZA,390,OD,71,https://www.dhsprogram.com/customcf/legacy/data/download_dataset.cfm?Filename=ZAOD71FL.zip&Tp=1&Ctry_Code=ZA&surv_id=390&dm=1&dmode=nm
ZA,ZA,113,PR,31,https://www.dhsprogram.com/customcf/legacy/data/download_dataset.cfm?Filename=ZAPR31FL.zip&Tp=1&Ctry_Code=ZA&surv_id=113&dm=1&dmode=nm
ZA,ZA,390,PR,71,https://www.dhsprogram.com/customcf/legacy/data/download_dataset.cfm?Filename=ZAPR71FL.zip&Tp=1&Ctry_Code=ZA&surv_id=390&dm=1&dmode=nm
ZA,ZA,113,WI,31,https://www.dhsprogram.com/customcf/legacy/data/download_dataset.cfm?Filename=ZAWI31FL.zip&Tp=1&Ctry_Code=ZA&surv_id=113&dm=1&dmode=nm
ZA,ZA,390,GE,71,https://www.dhsprogram.com/customcf/legacy/data/download_dataset.cfm?Filename=ZAGE71FL.zip&Tp=2&Ctry_Code=ZA&surv_id=390&dm=1&dmode=nm
LK,LK,19,BR,02,https://www.dhsprogram.com/customcf/legacy/data/download_dataset.cfm?Filename=LKBR02FL.zip&Tp=1&Ctry_Code=LK&surv_id=19&dm=1&dmode=nm
LK,LK,19,HH,01,https://www.dhsprogram.com/customcf/legacy/data/download_dataset.cfm?Filename=LKHH01FL.zip&Tp=1&Ctry_Code=LK&surv_id=19&dm=1&dmode=nm
LK,LK,19,HW,02,https://www.dhsprogram.com/customcf/legacy/data/download_dataset.cfm?Filename=LKHW02FL.zip&Tp=1&Ctry_Code=LK&surv_id=19&dm=1&dmode=nm
LK,LK,19,IR,02,https://www.dhsprogram.com/customcf/legacy/data/download_dataset.cfm?Filename=LKIR02FL.zip&Tp=1&Ctry_Code=LK&surv_id=19&dm=1&dmode=nm
LK,LK,19,KR,01,https://www.dhsprogram.com/customcf/legacy/data/download_dataset.cfm?Filename=LKKR01FL.zip&Tp=1&Ctry_Code=LK&surv_id=19&dm=1&dmode=nm
SD,SD,29,BR,02,https://www.dhsprogram.com/customcf/legacy/data/download_dataset.cfm?Filename=SDBR02FL.zip&Tp=1&Ctry_Code=SD&surv_id=29&dm=1&dmode=nm
SD,SD,29,HH,01,https://www.dhsprogram.com/customcf/legacy/data/download_dataset.cfm?Filename=SDHH01FL.zip&Tp=1&Ctry_Code=SD&surv_id=29&dm=1&dmode=nm
SD,SD,29,IR,02,https://www.dhsprogram.com/customcf/legacy/data/download_dataset.cfm?Filename=SDIR02FL.zip&Tp=1&Ctry_Code=SD&surv_id=29&dm=1&dmode=nm
SD,SD,29,KR,01,https://www.dhsprogram.com/customcf/legacy/data/download_dataset.cfm?Filename=SDKR01FL.zip&Tp=1&Ctry_Code=SD&surv_id=29&dm=1&dmode=nm
TJ,TJ,384,BR,61,https://www.dhsprogram.com/customcf/legacy/data/download_dataset.cfm?Filename=TJBR61FL.zip&Tp=1&Ctry_Code=TJ&surv_id=384&dm=1&dmode=nm
TJ,TJ,521,BR,72,https://www.dhsprogram.com/customcf/legacy/data/download_dataset.cfm?Filename=TJBR72FL.zip&Tp=1&Ctry_Code=TJ&surv_id=521&dm=1&dmode=nm
TJ,TJ,608,BR,81,https://www.dhsprogram.com/customcf/legacy/data/download_dataset.cfm?Filename=TJBR81FL.zip&Tp=1&Ctry_Code=TJ&surv_id=608&dm=1&dmode=nm
TJ,TJ,384,HR,61,https://www.dhsprogram.com/customcf/legacy/data/download_dataset.cfm?Filename=TJHR61FL.zip&Tp=1&Ctry_Code=TJ&surv_id=384&dm=1&dmode=nm
TJ,TJ,521,HR,72,https://www.dhsprogram.com/customcf/legacy/data/download_dataset.cfm?Filename=TJHR72FL.zip&Tp=1&Ctry_Code=TJ&surv_id=521&dm=1&dmode=nm
TJ,TJ,608,HR,81,https://www.dhsprogram.com/customcf/legacy/data/download_dataset.cfm?Filename=TJHR81FL.zip&Tp=1&Ctry_Code=TJ&surv_id=608&dm=1&dmode=nm
TJ,TJ,384,IR,61,https://www.dhsprogram.com/customcf/legacy/data/download_dataset.cfm?Filename=TJIR61FL.zip&Tp=1&Ctry_Code=TJ&surv_id=384&dm=1&dmode=nm
TJ,TJ,521,IR,72,https://www.dhsprogram.com/customcf/legacy/data/download_dataset.cfm?Filename=TJIR72FL.zip&Tp=1&Ctry_Code=TJ&surv_id=521&dm=1&dmode=nm
TJ,TJ,608,IR,81,https://www.dhsprogram.com/customcf/legacy/data/download_dataset.cfm?Filename=TJIR81FL.zip&Tp=1&Ctry_Code=TJ&surv_id=608&dm=1&dmode=nm
TJ,TJ,384,KR,61,https://www.dhsprogram.com/customcf/legacy/data/download_dataset.cfm?Filename=TJKR61FL.zip&Tp=1&Ctry_Code=TJ&surv_id=384&dm=1&dmode=nm
TJ,TJ,521,KR,72,https://www.dhsprogram.com/customcf/legacy/data/download_dataset.cfm?Filename=TJKR72FL.zip&Tp=1&Ctry_Code=TJ&surv_id=521&dm=1&dmode=nm
TJ,TJ,608,KR,81,https://www.dhsprogram.com/customcf/legacy/data/download_dataset.cfm?Filename=TJKR81FL.zip&Tp=1&Ctry_Code=TJ&surv_id=608&dm=1&dmode=nm
TJ,TJ,384,PR,61,https://www.dhsprogram.com/customcf/legacy/data/download_dataset.cfm?Filename=TJPR61FL.zip&Tp=1&Ctry_Code=TJ&surv_id=384&dm=1&dmode=nm
TJ,TJ,521,PR,72,https://www.dhsprogram.com/customcf/legacy/data/download_dataset.cfm?Filename=TJPR72FL.zip&Tp=1&Ctry_Code=TJ&surv_id=521&dm=1&dmode=nm
TJ,TJ,608,PR,81,https://www.dhsprogram.com/customcf/legacy/data/download_dataset.cfm?Filename=TJPR81FL.zip&Tp=1&Ctry_Code=TJ&surv_id=608&dm=1&dmode=nm
TJ,TJ,384,GE,61,https://www.dhsprogram.com/customcf/legacy/data/download_dataset.cfm?Filename=TJGE61FL.zip&Tp=2&Ctry_Code=TJ&surv_id=384&dm=1&dmode=nm
TJ,TJ,521,GE,71,https://www.dhsprogram.com/customcf/legacy/data/download_dataset.cfm?Filename=TJGE71FL.zip&Tp=2&Ctry_Code=TJ&surv_id=521&dm=1&dmode=nm
TJ,TJ,608,GE,81,https://www.dhsprogram.com/customcf/legacy/data/download_dataset.cfm?Filename=TJGE81FL.zip&Tp=2&Ctry_Code=TJ&surv_id=608&dm=1&dmode=nm
TZ,TZ,41,BR,21,https://www.dhsprogram.com/customcf/legacy/data/download_dataset.cfm?Filename=TZBR21FL.zip&Tp=1&Ctry_Code=TZ&surv_id=41&dm=1&dmode=nm
TZ,TZ,82,BR,3A,https://www.dhsprogram.com/customcf/legacy/data/download_dataset.cfm?Filename=TZBR3AFL.zip&Tp=1&Ctry_Code=TZ&surv_id=82&dm=1&dmode=nm
TZ,TZ,167,BR,41,https://www.dhsprogram.com/customcf/legacy/data/download_dataset.cfm?Filename=TZBR41FL.zip&Tp=1&Ctry_Code=TZ&surv_id=167&dm=1&dmode=nm
TZ,TZ,253,BR,4I,https://www.dhsprogram.com/customcf/legacy/data/download_dataset.cfm?Filename=TZBR4IFL.zip&Tp=1&Ctry_Code=TZ&surv_id=253&dm=1&dmode=nm
TZ,TZ,304,BR,51,https://www.dhsprogram.com/customcf/legacy/data/download_dataset.cfm?Filename=TZBR51FL.zip&Tp=1&Ctry_Code=TZ&surv_id=304&dm=1&dmode=nm
TZ,TZ,345,BR,63,https://www.dhsprogram.com/customcf/legacy/data/download_dataset.cfm?Filename=TZBR63FL.zip&Tp=1&Ctry_Code=TZ&surv_id=345&dm=1&dmode=nm
TZ,TZ,393,BR,6A,https://www.dhsprogram.com/customcf/legacy/data/download_dataset.cfm?Filename=TZBR6AFL.zip&Tp=1&Ctry_Code=TZ&surv_id=393&dm=1&dmode=nm
TZ,TZ,485,BR,7B,https://www.dhsprogram.com/customcf/legacy/data/download_dataset.cfm?Filename=TZBR7BFL.zip&Tp=1&Ctry_Code=TZ&surv_id=485&dm=1&dmode=nm
TZ,TZ,578,BR,82,https://www.dhsprogram.com/customcf/legacy/data/download_dataset.cfm?Filename=TZBR82FL.zip&Tp=1&Ctry_Code=TZ&surv_id=578&dm=1&dmode=nm
TZ,TZ,41,CR,21,https://www.dhsprogram.com/customcf/legacy/data/download_dataset.cfm?Filename=TZCR21FL.zip&Tp=1&Ctry_Code=TZ&surv_id=41&dm=1&dmode=nm
TZ,TZ,82,CR,3A,https://www.dhsprogram.com/customcf/legacy/data/download_dataset.cfm?Filename=TZCR3AFL.zip&Tp=1&Ctry_Code=TZ&surv_id=82&dm=1&dmode=nm
TZ,TZ,167,CR,41,https://www.dhsprogram.com/customcf/legacy/data/download_dataset.cfm?Filename=TZCR41FL.zip&Tp=1&Ctry_Code=TZ&surv_id=167&dm=1&dmode=nm
TZ,TZ,253,CR,4I,https://www.dhsprogram.com/customcf/legacy/data/download_dataset.cfm?Filename=TZCR4IFL.zip&Tp=1&Ctry_Code=TZ&surv_id=253&dm=1&dmode=nm
TZ,TZ,345,CR,63,https://www.dhsprogram.com/customcf/legacy/data/download_dataset.cfm?Filename=TZCR63FL.zip&Tp=1&Ctry_Code=TZ&surv_id=345&dm=1&dmode=nm
TZ,TZ,485,CR,7B,https://www.dhsprogram.com/customcf/legacy/data/download_dataset.cfm?Filename=TZCR7BFL.zip&Tp=1&Ctry_Code=TZ&surv_id=485&dm=1&dmode=nm
TZ,TZ,578,CR,82,https://www.dhsprogram.com/customcf/legacy/data/download_dataset.cfm?Filename=TZCR82FL.zip&Tp=1&Ctry_Code=TZ&surv_id=578&dm=1&dmode=nm
TZ,TZ,67,HH,31,https://www.dhsprogram.com/customcf/legacy/data/download_dataset.cfm?Filename=TZHH31FL.zip&Tp=1&Ctry_Code=TZ&surv_id=67&dm=1&dmode=nm
TZ,TZ,41,HR,21,https://www.dhsprogram.com/customcf/legacy/data/download_dataset.cfm?Filename=TZHR21FL.zip&Tp=1&Ctry_Code=TZ&surv_id=41&dm=1&dmode=nm
TZ,TZ,82,HR,3A,https://www.dhsprogram.com/customcf/legacy/data/download_dataset.cfm?Filename=TZHR3AFL.zip&Tp=1&Ctry_Code=TZ&surv_id=82&dm=1&dmode=nm
TZ,TZ,167,HR,41,https://www.dhsprogram.com/customcf/legacy/data/download_dataset.cfm?Filename=TZHR41FL.zip&Tp=1&Ctry_Code=TZ&surv_id=167&dm=1&dmode=nm
TZ,TZ,234,HR,4A,https://www.dhsprogram.com/customcf/legacy/data/download_dataset.cfm?Filename=TZHR4AFL.zip&Tp=1&Ctry_Code=TZ&surv_id=234&dm=1&dmode=nm
TZ,TZ,253,HR,4I,https://www.dhsprogram.com/customcf/legacy/data/download_dataset.cfm?Filename=TZHR4IFL.zip&Tp=1&Ctry_Code=TZ&surv_id=253&dm=1&dmode=nm
TZ,TZ,304,HR,51,https://www.dhsprogram.com/customcf/legacy/data/download_dataset.cfm?Filename=TZHR51FL.zip&Tp=1&Ctry_Code=TZ&surv_id=304&dm=1&dmode=nm
TZ,TZ,345,HR,63,https://www.dhsprogram.com/customcf/legacy/data/download_dataset.cfm?Filename=TZHR63FL.zip&Tp=1&Ctry_Code=TZ&surv_id=345&dm=1&dmode=nm
TZ,TZ,393,HR,6A,https://www.dhsprogram.com/customcf/legacy/data/download_dataset.cfm?Filename=TZHR6AFL.zip&Tp=1&Ctry_Code=TZ&surv_id=393&dm=1&dmode=nm
TZ,TZ,485,HR,7B,https://www.dhsprogram.com/customcf/legacy/data/download_dataset.cfm?Filename=TZHR7BFL.zip&Tp=1&Ctry_Code=TZ&surv_id=485&dm=1&dmode=nm
TZ,TZ,529,HR,7I,https://www.dhsprogram.com/customcf/legacy/data/download_dataset.cfm?Filename=TZHR7IFL.zip&Tp=1&Ctry_Code=TZ&surv_id=529&dm=1&dmode=nm
TZ,TZ,578,HR,82,https://www.dhsprogram.com/customcf/legacy/data/download_dataset.cfm?Filename=TZHR82FL.zip&Tp=1&Ctry_Code=TZ&surv_id=578&dm=1&dmode=nm
TZ,TZ,41,HW,21,https://www.dhsprogram.com/customcf/legacy/data/download_dataset.cfm?Filename=TZHW21FL.zip&Tp=1&Ctry_Code=TZ&surv_id=41&dm=1&dmode=nm
TZ,TZ,82,HW,3A,https://www.dhsprogram.com/customcf/legacy/data/download_dataset.cfm?Filename=TZHW3AFL.zip&Tp=1&Ctry_Code=TZ&surv_id=82&dm=1&dmode=nm
TZ,TZ,167,HW,41,https://www.dhsprogram.com/customcf/legacy/data/download_dataset.cfm?Filename=TZHW41FL.zip&Tp=1&Ctry_Code=TZ&surv_id=167&dm=1&dmode=nm
TZ,TZ,253,HW,4I,https://www.dhsprogram.com/customcf/legacy/data/download_dataset.cfm?Filename=TZHW4IFL.zip&Tp=1&Ctry_Code=TZ&surv_id=253&dm=1&dmode=nm
TZ,TZ,67,IQ,31,https://www.dhsprogram.com/customcf/legacy/data/download_dataset.cfm?Filename=TZIQ31FL.zip&Tp=1&Ctry_Code=TZ&surv_id=67&dm=1&dmode=nm
TZ,TZ,41,IR,21,https://www.dhsprogram.com/customcf/legacy/data/download_dataset.cfm?Filename=TZIR21FL.zip&Tp=1&Ctry_Code=TZ&surv_id=41&dm=1&dmode=nm
TZ,TZ,82,IR,3A,https://www.dhsprogram.com/customcf/legacy/data/download_dataset.cfm?Filename=TZIR3AFL.zip&Tp=1&Ctry_Code=TZ&surv_id=82&dm=1&dmode=nm
TZ,TZ,167,IR,41,https://www.dhsprogram.com/customcf/legacy/data/download_dataset.cfm?Filename=TZIR41FL.zip&Tp=1&Ctry_Code=TZ&surv_id=167&dm=1&dmode=nm
TZ,TZ,234,IR,4A,https://www.dhsprogram.com/customcf/legacy/data/download_dataset.cfm?Filename=TZIR4AFL.zip&Tp=1&Ctry_Code=TZ&surv_id=234&dm=1&dmode=nm
TZ,TZ,253,IR,4I,https://www.dhsprogram.com/customcf/legacy/data/download_dataset.cfm?Filename=TZIR4IFL.zip&Tp=1&Ctry_Code=TZ&surv_id=253&dm=1&dmode=nm
TZ,TZ,304,IR,51,https://www.dhsprogram.com/customcf/legacy/data/download_dataset.cfm?Filename=TZIR51FL.zip&Tp=1&Ctry_Code=TZ&surv_id=304&dm=1&dmode=nm
TZ,TZ,345,IR,63,https://www.dhsprogram.com/customcf/legacy/data/download_dataset.cfm?Filename=TZIR63FL.zip&Tp=1&Ctry_Code=TZ&surv_id=345&dm=1&dmode=nm
TZ,TZ,393,IR,6A,https://www.dhsprogram.com/customcf/legacy/data/download_dataset.cfm?Filename=TZIR6AFL.zip&Tp=1&Ctry_Code=TZ&surv_id=393&dm=1&dmode=nm
TZ,TZ,485,IR,7B,https://www.dhsprogram.com/customcf/legacy/data/download_dataset.cfm?Filename=TZIR7BFL.zip&Tp=1&Ctry_Code=TZ&surv_id=485&dm=1&dmode=nm
TZ,TZ,529,IR,7I,https://www.dhsprogram.com/customcf/legacy/data/download_dataset.cfm?Filename=TZIR7IFL.zip&Tp=1&Ctry_Code=TZ&surv_id=529&dm=1&dmode=nm
TZ,TZ,578,IR,82,https://www.dhsprogram.com/customcf/legacy/data/download_dataset.cfm?Filename=TZIR82FL.zip&Tp=1&Ctry_Code=TZ&surv_id=578&dm=1&dmode=nm
TZ,TZ,41,KR,21,https://www.dhsprogram.com/customcf/legacy/data/download_dataset.cfm?Filename=TZKR21FL.zip&Tp=1&Ctry_Code=TZ&surv_id=41&dm=1&dmode=nm
TZ,TZ,82,KR,3A,https://www.dhsprogram.com/customcf/legacy/data/download_dataset.cfm?Filename=TZKR3AFL.zip&Tp=1&Ctry_Code=TZ&surv_id=82&dm=1&dmode=nm
TZ,TZ,167,KR,41,https://www.dhsprogram.com/customcf/legacy/data/download_dataset.cfm?Filename=TZKR41FL.zip&Tp=1&Ctry_Code=TZ&surv_id=167&dm=1&dmode=nm
TZ,TZ,253,KR,4I,https://www.dhsprogram.com/customcf/legacy/data/download_dataset.cfm?Filename=TZKR4IFL.zip&Tp=1&Ctry_Code=TZ&surv_id=253&dm=1&dmode=nm
TZ,TZ,304,KR,51,https://www.dhsprogram.com/customcf/legacy/data/download_dataset.cfm?Filename=TZKR51FL.zip&Tp=1&Ctry_Code=TZ&surv_id=304&dm=1&dmode=nm
TZ,TZ,345,KR,63,https://www.dhsprogram.com/customcf/legacy/data/download_dataset.cfm?Filename=TZKR63FL.zip&Tp=1&Ctry_Code=TZ&surv_id=345&dm=1&dmode=nm
TZ,TZ,393,KR,6A,https://www.dhsprogram.com/customcf/legacy/data/download_dataset.cfm?Filename=TZKR6AFL.zip&Tp=1&Ctry_Code=TZ&surv_id=393&dm=1&dmode=nm
TZ,TZ,485,KR,7B,https://www.dhsprogram.com/customcf/legacy/data/download_dataset.cfm?Filename=TZKR7BFL.zip&Tp=1&Ctry_Code=TZ&surv_id=485&dm=1&dmode=nm
TZ,TZ,529,KR,7I,https://www.dhsprogram.com/customcf/legacy/data/download_dataset.cfm?Filename=TZKR7IFL.zip&Tp=1&Ctry_Code=TZ&surv_id=529&dm=1&dmode=nm
TZ,TZ,578,KR,82,https://www.dhsprogram.com/customcf/legacy/data/download_dataset.cfm?Filename=TZKR82FL.zip&Tp=1&Ctry_Code=TZ&surv_id=578&dm=1&dmode=nm
TZ,TZ,67,ML,31,https://www.dhsprogram.com/customcf/legacy/data/download_dataset.cfm?Filename=TZML31FL.zip&Tp=1&Ctry_Code=TZ&surv_id=67&dm=1&dmode=nm
TZ,TZ,41,MR,21,https://www.dhsprogram.com/customcf/legacy/data/download_dataset.cfm?Filename=TZMR21FL.zip&Tp=1&Ctry_Code=TZ&surv_id=41&dm=1&dmode=nm
TZ,TZ,82,MR,3A,https://www.dhsprogram.com/customcf/legacy/data/download_dataset.cfm?Filename=TZMR3AFL.zip&Tp=1&Ctry_Code=TZ&surv_id=82&dm=1&dmode=nm
TZ,TZ,167,MR,41,https://www.dhsprogram.com/customcf/legacy/data/download_dataset.cfm?Filename=TZMR41FL.zip&Tp=1&Ctry_Code=TZ&surv_id=167&dm=1&dmode=nm
TZ,TZ,253,MR,4I,https://www.dhsprogram.com/customcf/legacy/data/download_dataset.cfm?Filename=TZMR4IFL.zip&Tp=1&Ctry_Code=TZ&surv_id=253&dm=1&dmode=nm
TZ,TZ,345,MR,61,https://www.dhsprogram.com/customcf/legacy/data/download_dataset.cfm?Filename=TZMR61FL.zip&Tp=1&Ctry_Code=TZ&surv_id=345&dm=1&dmode=nm
TZ,TZ,485,MR,7B,https://www.dhsprogram.com/customcf/legacy/data/download_dataset.cfm?Filename=TZMR7BFL.zip&Tp=1&Ctry_Code=TZ&surv_id=485&dm=1&dmode=nm
TZ,TZ,578,MR,82,https://www.dhsprogram.com/customcf/legacy/data/download_dataset.cfm?Filename=TZMR82FL.zip&Tp=1&Ctry_Code=TZ&surv_id=578&dm=1&dmode=nm
TZ,TZ,41,PR,21,https://www.dhsprogram.com/customcf/legacy/data/download_dataset.cfm?Filename=TZPR21FL.zip&Tp=1&Ctry_Code=TZ&surv_id=41&dm=1&dmode=nm
TZ,TZ,82,PR,3A,https://www.dhsprogram.com/customcf/legacy/data/download_dataset.cfm?Filename=TZPR3AFL.zip&Tp=1&Ctry_Code=TZ&surv_id=82&dm=1&dmode=nm
TZ,TZ,167,PR,41,https://www.dhsprogram.com/customcf/legacy/data/download_dataset.cfm?Filename=TZPR41FL.zip&Tp=1&Ctry_Code=TZ&surv_id=167&dm=1&dmode=nm
TZ,TZ,234,PR,4A,https://www.dhsprogram.com/customcf/legacy/data/download_dataset.cfm?Filename=TZPR4AFL.zip&Tp=1&Ctry_Code=TZ&surv_id=234&dm=1&dmode=nm
TZ,TZ,253,PR,4I,https://www.dhsprogram.com/customcf/legacy/data/download_dataset.cfm?Filename=TZPR4IFL.zip&Tp=1&Ctry_Code=TZ&surv_id=253&dm=1&dmode=nm
TZ,TZ,304,PR,51,https://www.dhsprogram.com/customcf/legacy/data/download_dataset.cfm?Filename=TZPR51FL.zip&Tp=1&Ctry_Code=TZ&surv_id=304&dm=1&dmode=nm
TZ,TZ,345,PR,63,https://www.dhsprogram.com/customcf/legacy/data/download_dataset.cfm?Filename=TZPR63FL.zip&Tp=1&Ctry_Code=TZ&surv_id=345&dm=1&dmode=nm
TZ,TZ,393,PR,6A,https://www.dhsprogram.com/customcf/legacy/data/download_dataset.cfm?Filename=TZPR6AFL.zip&Tp=1&Ctry_Code=TZ&surv_id=393&dm=1&dmode=nm
TZ,TZ,485,PR,7B,https://www.dhsprogram.com/customcf/legacy/data/download_dataset.cfm?Filename=TZPR7BFL.zip&Tp=1&Ctry_Code=TZ&surv_id=485&dm=1&dmode=nm
TZ,TZ,529,PR,7I,https://www.dhsprogram.com/customcf/legacy/data/download_dataset.cfm?Filename=TZPR7IFL.zip&Tp=1&Ctry_Code=TZ&surv_id=529&dm=1&dmode=nm
TZ,TZ,578,PR,82,https://www.dhsprogram.com/customcf/legacy/data/download_dataset.cfm?Filename=TZPR82FL.zip&Tp=1&Ctry_Code=TZ&surv_id=578&dm=1&dmode=nm
TZ,TZ,41,SQ,21,https://www.dhsprogram.com/customcf/legacy/data/download_dataset.cfm?Filename=TZSQ21FL.zip&Tp=1&Ctry_Code=TZ&surv_id=41&dm=1&dmode=nm
TZ,TZ,82,WI,3A,https://www.dhsprogram.com/customcf/legacy/data/download_dataset.cfm?Filename=TZWI3AFL.zip&Tp=1&Ctry_Code=TZ&surv_id=82&dm=1&dmode=nm
TZ,TZ,167,WI,41,https://www.dhsprogram.com/customcf/legacy/data/download_dataset.cfm?Filename=TZWI41FL.zip&Tp=1&Ctry_Code=TZ&surv_id=167&dm=1&dmode=nm
TZ,TZ,167,GE,43,https://www.dhsprogram.com/customcf/legacy/data/download_dataset.cfm?Filename=TZGE43FL.zip&Tp=2&Ctry_Code=TZ&surv_id=167&dm=1&dmode=nm
TZ,TZ,234,GE,4C,https://www.dhsprogram.com/customcf/legacy/data/download_dataset.cfm?Filename=TZGE4CFL.zip&Tp=2&Ctry_Code=TZ&surv_id=234&dm=1&dmode=nm
TZ,TZ,304,GE,52,https://www.dhsprogram.com/customcf/legacy/data/download_dataset.cfm?Filename=TZGE52FL.zip&Tp=2&Ctry_Code=TZ&surv_id=304&dm=1&dmode=nm
TZ,TZ,345,GE,61,https://www.dhsprogram.com/customcf/legacy/data/download_dataset.cfm?Filename=TZGE61FL.zip&Tp=2&Ctry_Code=TZ&surv_id=345&dm=1&dmode=nm
TZ,TZ,393,GE,6A,https://www.dhsprogram.com/customcf/legacy/data/download_dataset.cfm?Filename=TZGE6AFL.zip&Tp=2&Ctry_Code=TZ&surv_id=393&dm=1&dmode=nm
TZ,TZ,485,GE,7A,https://www.dhsprogram.com/customcf/legacy/data/download_dataset.cfm?Filename=TZGE7AFL.zip&Tp=2&Ctry_Code=TZ&surv_id=485&dm=1&dmode=nm
TZ,TZ,529,GE,7I,https://www.dhsprogram.com/customcf/legacy/data/download_dataset.cfm?Filename=TZGE7IFL.zip&Tp=2&Ctry_Code=TZ&surv_id=529&dm=1&dmode=nm
TZ,TZ,578,GE,81,https://www.dhsprogram.com/customcf/legacy/data/download_dataset.cfm?Filename=TZGE81FL.zip&Tp=2&Ctry_Code=TZ&surv_id=578&dm=1&dmode=nm
TH,TH,13,BR,01,https://www.dhsprogram.com/customcf/legacy/data/download_dataset.cfm?Filename=THBR01FL.zip&Tp=1&Ctry_Code=TH&surv_id=13&dm=1&dmode=nm
TH,TH,13,HH,01,https://www.dhsprogram.com/customcf/legacy/data/download_dataset.cfm?Filename=THHH01FL.zip&Tp=1&Ctry_Code=TH&surv_id=13&dm=1&dmode=nm
TH,TH,13,HW,01,https://www.dhsprogram.com/customcf/legacy/data/download_dataset.cfm?Filename=THHW01FL.zip&Tp=1&Ctry_Code=TH&surv_id=13&dm=1&dmode=nm
TH,TH,13,IR,01,https://www.dhsprogram.com/customcf/legacy/data/download_dataset.cfm?Filename=THIR01FL.zip&Tp=1&Ctry_Code=TH&surv_id=13&dm=1&dmode=nm
TH,TH,13,KR,01,https://www.dhsprogram.com/customcf/legacy/data/download_dataset.cfm?Filename=THKR01FL.zip&Tp=1&Ctry_Code=TH&surv_id=13&dm=1&dmode=nm
TH,TH,13,SQ,01,https://www.dhsprogram.com/customcf/legacy/data/download_dataset.cfm?Filename=THSQ01FL.zip&Tp=1&Ctry_Code=TH&surv_id=13&dm=1&dmode=nm
TL,TL,340,BR,61,https://www.dhsprogram.com/customcf/legacy/data/download_dataset.cfm?Filename=TLBR61FL.zip&Tp=1&Ctry_Code=TL&surv_id=340&dm=1&dmode=nm
TL,TL,514,BR,71,https://www.dhsprogram.com/customcf/legacy/data/download_dataset.cfm?Filename=TLBR71FL.zip&Tp=1&Ctry_Code=TL&surv_id=514&dm=1&dmode=nm
TL,TL,340,CR,61,https://www.dhsprogram.com/customcf/legacy/data/download_dataset.cfm?Filename=TLCR61FL.zip&Tp=1&Ctry_Code=TL&surv_id=340&dm=1&dmode=nm
TL,TL,514,CR,71,https://www.dhsprogram.com/customcf/legacy/data/download_dataset.cfm?Filename=TLCR71FL.zip&Tp=1&Ctry_Code=TL&surv_id=514&dm=1&dmode=nm
TL,TL,340,HR,61,https://www.dhsprogram.com/customcf/legacy/data/download_dataset.cfm?Filename=TLHR61FL.zip&Tp=1&Ctry_Code=TL&surv_id=340&dm=1&dmode=nm
TL,TL,514,HR,71,https://www.dhsprogram.com/customcf/legacy/data/download_dataset.cfm?Filename=TLHR71FL.zip&Tp=1&Ctry_Code=TL&surv_id=514&dm=1&dmode=nm
TL,TL,340,IR,61,https://www.dhsprogram.com/customcf/legacy/data/download_dataset.cfm?Filename=TLIR61FL.zip&Tp=1&Ctry_Code=TL&surv_id=340&dm=1&dmode=nm
TL,TL,514,IR,71,https://www.dhsprogram.com/customcf/legacy/data/download_dataset.cfm?Filename=TLIR71FL.zip&Tp=1&Ctry_Code=TL&surv_id=514&dm=1&dmode=nm
TL,TL,340,KR,61,https://www.dhsprogram.com/customcf/legacy/data/download_dataset.cfm?Filename=TLKR61FL.zip&Tp=1&Ctry_Code=TL&surv_id=340&dm=1&dmode=nm
TL,TL,514,KR,71,https://www.dhsprogram.com/customcf/legacy/data/download_dataset.cfm?Filename=TLKR71FL.zip&Tp=1&Ctry_Code=TL&surv_id=514&dm=1&dmode=nm
TL,TL,340,MR,61,https://www.dhsprogram.com/customcf/legacy/data/download_dataset.cfm?Filename=TLMR61FL.zip&Tp=1&Ctry_Code=TL&surv_id=340&dm=1&dmode=nm
TL,TL,514,MR,71,https://www.dhsprogram.com/customcf/legacy/data/download_dataset.cfm?Filename=TLMR71FL.zip&Tp=1&Ctry_Code=TL&surv_id=514&dm=1&dmode=nm
TL,TL,340,PR,61,https://www.dhsprogram.com/customcf/legacy/data/download_dataset.cfm?Filename=TLPR61FL.zip&Tp=1&Ctry_Code=TL&surv_id=340&dm=1&dmode=nm
TL,TL,514,PR,71,https://www.dhsprogram.com/customcf/legacy/data/download_dataset.cfm?Filename=TLPR71FL.zip&Tp=1&Ctry_Code=TL&surv_id=514&dm=1&dmode=nm
TL,TL,340,GE,62,https://www.dhsprogram.com/customcf/legacy/data/download_dataset.cfm?Filename=TLGE62FL.zip&Tp=2&Ctry_Code=TL&surv_id=340&dm=1&dmode=nm
TL,TL,514,GE,71,https://www.dhsprogram.com/customcf/legacy/data/download_dataset.cfm?Filename=TLGE71FL.zip&Tp=2&Ctry_Code=TL&surv_id=514&dm=1&dmode=nm
TG,TG,22,BR,01,https://www.dhsprogram.com/customcf/legacy/data/download_dataset.cfm?Filename=TGBR01FL.zip&Tp=1&Ctry_Code=TG&surv_id=22&dm=1&dmode=nm
TG,TG,114,BR,31,https://www.dhsprogram.com/customcf/legacy/data/download_dataset.cfm?Filename=TGBR31FL.zip&Tp=1&Ctry_Code=TG&surv_id=114&dm=1&dmode=nm
TG,TG,328,BR,61,https://www.dhsprogram.com/customcf/legacy/data/download_dataset.cfm?Filename=TGBR61FL.zip&Tp=1&Ctry_Code=TG&surv_id=328&dm=1&dmode=nm
TG,TG,114,CR,31,https://www.dhsprogram.com/customcf/legacy/data/download_dataset.cfm?Filename=TGCR31FL.zip&Tp=1&Ctry_Code=TG&surv_id=114&dm=1&dmode=nm
TG,TG,328,CR,61,https://www.dhsprogram.com/customcf/legacy/data/download_dataset.cfm?Filename=TGCR61FL.zip&Tp=1&Ctry_Code=TG&surv_id=328&dm=1&dmode=nm
TG,TG,22,HH,01,https://www.dhsprogram.com/customcf/legacy/data/download_dataset.cfm?Filename=TGHH01FL.zip&Tp=1&Ctry_Code=TG&surv_id=22&dm=1&dmode=nm
TG,TG,114,HR,31,https://www.dhsprogram.com/customcf/legacy/data/download_dataset.cfm?Filename=TGHR31FL.zip&Tp=1&Ctry_Code=TG&surv_id=114&dm=1&dmode=nm
TG,TG,328,HR,61,https://www.dhsprogram.com/customcf/legacy/data/download_dataset.cfm?Filename=TGHR61FL.zip&Tp=1&Ctry_Code=TG&surv_id=328&dm=1&dmode=nm
TG,TG,497,HR,71,https://www.dhsprogram.com/customcf/legacy/data/download_dataset.cfm?Filename=TGHR71FL.zip&Tp=1&Ctry_Code=TG&surv_id=497&dm=1&dmode=nm
TG,TG,22,HW,01,https://www.dhsprogram.com/customcf/legacy/data/download_dataset.cfm?Filename=TGHW01FL.zip&Tp=1&Ctry_Code=TG&surv_id=22&dm=1&dmode=nm
TG,TG,114,HW,31,https://www.dhsprogram.com/customcf/legacy/data/download_dataset.cfm?Filename=TGHW31FL.zip&Tp=1&Ctry_Code=TG&surv_id=114&dm=1&dmode=nm
TG,TG,22,IR,01,https://www.dhsprogram.com/customcf/legacy/data/download_dataset.cfm?Filename=TGIR01FL.zip&Tp=1&Ctry_Code=TG&surv_id=22&dm=1&dmode=nm
TG,TG,114,IR,31,https://www.dhsprogram.com/customcf/legacy/data/download_dataset.cfm?Filename=TGIR31FL.zip&Tp=1&Ctry_Code=TG&surv_id=114&dm=1&dmode=nm
TG,TG,328,IR,61,https://www.dhsprogram.com/customcf/legacy/data/download_dataset.cfm?Filename=TGIR61FL.zip&Tp=1&Ctry_Code=TG&surv_id=328&dm=1&dmode=nm
TG,TG,497,IR,71,https://www.dhsprogram.com/customcf/legacy/data/download_dataset.cfm?Filename=TGIR71FL.zip&Tp=1&Ctry_Code=TG&surv_id=497&dm=1&dmode=nm
TG,TG,22,KR,01,https://www.dhsprogram.com/customcf/legacy/data/download_dataset.cfm?Filename=TGKR01FL.zip&Tp=1&Ctry_Code=TG&surv_id=22&dm=1&dmode=nm
TG,TG,114,KR,31,https://www.dhsprogram.com/customcf/legacy/data/download_dataset.cfm?Filename=TGKR31FL.zip&Tp=1&Ctry_Code=TG&surv_id=114&dm=1&dmode=nm
TG,TG,328,KR,61,https://www.dhsprogram.com/customcf/legacy/data/download_dataset.cfm?Filename=TGKR61FL.zip&Tp=1&Ctry_Code=TG&surv_id=328&dm=1&dmode=nm
TG,TG,497,KR,71,https://www.dhsprogram.com/customcf/legacy/data/download_dataset.cfm?Filename=TGKR71FL.zip&Tp=1&Ctry_Code=TG&surv_id=497&dm=1&dmode=nm
TG,TG,114,MR,31,https://www.dhsprogram.com/customcf/legacy/data/download_dataset.cfm?Filename=TGMR31FL.zip&Tp=1&Ctry_Code=TG&surv_id=114&dm=1&dmode=nm
TG,TG,328,MR,61,https://www.dhsprogram.com/customcf/legacy/data/download_dataset.cfm?Filename=TGMR61FL.zip&Tp=1&Ctry_Code=TG&surv_id=328&dm=1&dmode=nm
TG,TG,114,PR,31,https://www.dhsprogram.com/customcf/legacy/data/download_dataset.cfm?Filename=TGPR31FL.zip&Tp=1&Ctry_Code=TG&surv_id=114&dm=1&dmode=nm
TG,TG,328,PR,61,https://www.dhsprogram.com/customcf/legacy/data/download_dataset.cfm?Filename=TGPR61FL.zip&Tp=1&Ctry_Code=TG&surv_id=328&dm=1&dmode=nm
TG,TG,497,PR,71,https://www.dhsprogram.com/customcf/legacy/data/download_dataset.cfm?Filename=TGPR71FL.zip&Tp=1&Ctry_Code=TG&surv_id=497&dm=1&dmode=nm
TG,TG,22,SQ,01,https://www.dhsprogram.com/customcf/legacy/data/download_dataset.cfm?Filename=TGSQ01FL.zip&Tp=1&Ctry_Code=TG&surv_id=22&dm=1&dmode=nm
TG,TG,114,WI,31,https://www.dhsprogram.com/customcf/legacy/data/download_dataset.cfm?Filename=TGWI31FL.zip&Tp=1&Ctry_Code=TG&surv_id=114&dm=1&dmode=nm
TG,TG,22,GE,03,https://www.dhsprogram.com/customcf/legacy/data/download_dataset.cfm?Filename=TGGE03FL.zip&Tp=2&Ctry_Code=TG&surv_id=22&dm=1&dmode=nm
TG,TG,114,GE,32,https://www.dhsprogram.com/customcf/legacy/data/download_dataset.cfm?Filename=TGGE32FL.zip&Tp=2&Ctry_Code=TG&surv_id=114&dm=1&dmode=nm
TG,TG,328,GE,62,https://www.dhsprogram.com/customcf/legacy/data/download_dataset.cfm?Filename=TGGE62FL.zip&Tp=2&Ctry_Code=TG&surv_id=328&dm=1&dmode=nm
TG,TG,497,GE,71,https://www.dhsprogram.com/customcf/legacy/data/download_dataset.cfm?Filename=TGGE71FL.zip&Tp=2&Ctry_Code=TG&surv_id=497&dm=1&dmode=nm
TT,TT,18,BR,01,https://www.dhsprogram.com/customcf/legacy/data/download_dataset.cfm?Filename=TTBR01FL.zip&Tp=1&Ctry_Code=TT&surv_id=18&dm=1&dmode=nm
TT,TT,18,HH,01,https://www.dhsprogram.com/customcf/legacy/data/download_dataset.cfm?Filename=TTHH01FL.zip&Tp=1&Ctry_Code=TT&surv_id=18&dm=1&dmode=nm
TT,TT,18,HW,01,https://www.dhsprogram.com/customcf/legacy/data/download_dataset.cfm?Filename=TTHW01FL.zip&Tp=1&Ctry_Code=TT&surv_id=18&dm=1&dmode=nm
TT,TT,18,IR,01,https://www.dhsprogram.com/customcf/legacy/data/download_dataset.cfm?Filename=TTIR01FL.zip&Tp=1&Ctry_Code=TT&surv_id=18&dm=1&dmode=nm
TT,TT,18,KR,01,https://www.dhsprogram.com/customcf/legacy/data/download_dataset.cfm?Filename=TTKR01FL.zip&Tp=1&Ctry_Code=TT&surv_id=18&dm=1&dmode=nm
TN,TN,26,BR,02,https://www.dhsprogram.com/customcf/legacy/data/download_dataset.cfm?Filename=TNBR02FL.zip&Tp=1&Ctry_Code=TN&surv_id=26&dm=1&dmode=nm
TN,TN,26,HH,01,https://www.dhsprogram.com/customcf/legacy/data/download_dataset.cfm?Filename=TNHH01FL.zip&Tp=1&Ctry_Code=TN&surv_id=26&dm=1&dmode=nm
TN,TN,26,HW,02,https://www.dhsprogram.com/customcf/legacy/data/download_dataset.cfm?Filename=TNHW02FL.zip&Tp=1&Ctry_Code=TN&surv_id=26&dm=1&dmode=nm
TN,TN,26,IR,02,https://www.dhsprogram.com/customcf/legacy/data/download_dataset.cfm?Filename=TNIR02FL.zip&Tp=1&Ctry_Code=TN&surv_id=26&dm=1&dmode=nm
TN,TN,26,KR,01,https://www.dhsprogram.com/customcf/legacy/data/download_dataset.cfm?Filename=TNKR01FL.zip&Tp=1&Ctry_Code=TN&surv_id=26&dm=1&dmode=nm
TN,TN,26,SQ,01,https://www.dhsprogram.com/customcf/legacy/data/download_dataset.cfm?Filename=TNSQ01FL.zip&Tp=1&Ctry_Code=TN&surv_id=26&dm=1&dmode=nm
TR,TR,60,BR,31,https://www.dhsprogram.com/customcf/legacy/data/download_dataset.cfm?Filename=TRBR31FL.zip&Tp=1&Ctry_Code=TR&surv_id=60&dm=1&dmode=nm
TR,TR,168,BR,41,https://www.dhsprogram.com/customcf/legacy/data/download_dataset.cfm?Filename=TRBR41FL.zip&Tp=1&Ctry_Code=TR&surv_id=168&dm=1&dmode=nm
TR,TR,326,BR,4A,https://www.dhsprogram.com/customcf/legacy/data/download_dataset.cfm?Filename=TRBR4AFL.zip&Tp=1&Ctry_Code=TR&surv_id=326&dm=1&dmode=nm
TR,TR,547,BR,51,https://www.dhsprogram.com/customcf/legacy/data/download_dataset.cfm?Filename=TRBR51FL.zip&Tp=1&Ctry_Code=TR&surv_id=547&dm=1&dmode=nm
TR,TR,486,BR,62,https://www.dhsprogram.com/customcf/legacy/data/download_dataset.cfm?Filename=TRBR62FL.zip&Tp=1&Ctry_Code=TR&surv_id=486&dm=1&dmode=nm
TR,TR,548,BR,71,https://www.dhsprogram.com/customcf/legacy/data/download_dataset.cfm?Filename=TRBR71FL.zip&Tp=1&Ctry_Code=TR&surv_id=548&dm=1&dmode=nm
TR,TR,168,CR,41,https://www.dhsprogram.com/customcf/legacy/data/download_dataset.cfm?Filename=TRCR41FL.zip&Tp=1&Ctry_Code=TR&surv_id=168&dm=1&dmode=nm
TR,TR,60,HR,31,https://www.dhsprogram.com/customcf/legacy/data/download_dataset.cfm?Filename=TRHR31FL.zip&Tp=1&Ctry_Code=TR&surv_id=60&dm=1&dmode=nm
TR,TR,168,HR,41,https://www.dhsprogram.com/customcf/legacy/data/download_dataset.cfm?Filename=TRHR41FL.zip&Tp=1&Ctry_Code=TR&surv_id=168&dm=1&dmode=nm
TR,TR,326,HR,4A,https://www.dhsprogram.com/customcf/legacy/data/download_dataset.cfm?Filename=TRHR4AFL.zip&Tp=1&Ctry_Code=TR&surv_id=326&dm=1&dmode=nm
TR,TR,547,HR,51,https://www.dhsprogram.com/customcf/legacy/data/download_dataset.cfm?Filename=TRHR51FL.zip&Tp=1&Ctry_Code=TR&surv_id=547&dm=1&dmode=nm
TR,TR,486,HR,62,https://www.dhsprogram.com/customcf/legacy/data/download_dataset.cfm?Filename=TRHR62FL.zip&Tp=1&Ctry_Code=TR&surv_id=486&dm=1&dmode=nm
TR,TR,548,HR,71,https://www.dhsprogram.com/customcf/legacy/data/download_dataset.cfm?Filename=TRHR71FL.zip&Tp=1&Ctry_Code=TR&surv_id=548&dm=1&dmode=nm
TR,TR,60,HW,31,https://www.dhsprogram.com/customcf/legacy/data/download_dataset.cfm?Filename=TRHW31FL.zip&Tp=1&Ctry_Code=TR&surv_id=60&dm=1&dmode=nm
TR,TR,168,HW,41,https://www.dhsprogram.com/customcf/legacy/data/download_dataset.cfm?Filename=TRHW41FL.zip&Tp=1&Ctry_Code=TR&surv_id=168&dm=1&dmode=nm
TR,TR,326,HW,4A,https://www.dhsprogram.com/customcf/legacy/data/download_dataset.cfm?Filename=TRHW4AFL.zip&Tp=1&Ctry_Code=TR&surv_id=326&dm=1&dmode=nm
TR,TR,60,IR,31,https://www.dhsprogram.com/customcf/legacy/data/download_dataset.cfm?Filename=TRIR31FL.zip&Tp=1&Ctry_Code=TR&surv_id=60&dm=1&dmode=nm
TR,TR,168,IR,41,https://www.dhsprogram.com/customcf/legacy/data/download_dataset.cfm?Filename=TRIR41FL.zip&Tp=1&Ctry_Code=TR&surv_id=168&dm=1&dmode=nm
TR,TR,326,IR,4A,https://www.dhsprogram.com/customcf/legacy/data/download_dataset.cfm?Filename=TRIR4AFL.zip&Tp=1&Ctry_Code=TR&surv_id=326&dm=1&dmode=nm
TR,TR,547,IR,51,https://www.dhsprogram.com/customcf/legacy/data/download_dataset.cfm?Filename=TRIR51FL.zip&Tp=1&Ctry_Code=TR&surv_id=547&dm=1&dmode=nm
TR,TR,486,IR,62,https://www.dhsprogram.com/customcf/legacy/data/download_dataset.cfm?Filename=TRIR62FL.zip&Tp=1&Ctry_Code=TR&surv_id=486&dm=1&dmode=nm
TR,TR,548,IR,71,https://www.dhsprogram.com/customcf/legacy/data/download_dataset.cfm?Filename=TRIR71FL.zip&Tp=1&Ctry_Code=TR&surv_id=548&dm=1&dmode=nm
TR,TR,60,KR,31,https://www.dhsprogram.com/customcf/legacy/data/download_dataset.cfm?Filename=TRKR31FL.zip&Tp=1&Ctry_Code=TR&surv_id=60&dm=1&dmode=nm
TR,TR,168,KR,41,https://www.dhsprogram.com/customcf/legacy/data/download_dataset.cfm?Filename=TRKR41FL.zip&Tp=1&Ctry_Code=TR&surv_id=168&dm=1&dmode=nm
TR,TR,326,KR,4A,https://www.dhsprogram.com/customcf/legacy/data/download_dataset.cfm?Filename=TRKR4AFL.zip&Tp=1&Ctry_Code=TR&surv_id=326&dm=1&dmode=nm
TR,TR,547,KR,51,https://www.dhsprogram.com/customcf/legacy/data/download_dataset.cfm?Filename=TRKR51FL.zip&Tp=1&Ctry_Code=TR&surv_id=547&dm=1&dmode=nm
TR,TR,486,KR,62,https://www.dhsprogram.com/customcf/legacy/data/download_dataset.cfm?Filename=TRKR62FL.zip&Tp=1&Ctry_Code=TR&surv_id=486&dm=1&dmode=nm
TR,TR,548,KR,71,https://www.dhsprogram.com/customcf/legacy/data/download_dataset.cfm?Filename=TRKR71FL.zip&Tp=1&Ctry_Code=TR&surv_id=548&dm=1&dmode=nm
TR,TR,168,MR,41,https://www.dhsprogram.com/customcf/legacy/data/download_dataset.cfm?Filename=TRMR41FL.zip&Tp=1&Ctry_Code=TR&surv_id=168&dm=1&dmode=nm
TR,TR,60,PR,31,https://www.dhsprogram.com/customcf/legacy/data/download_dataset.cfm?Filename=TRPR31FL.zip&Tp=1&Ctry_Code=TR&surv_id=60&dm=1&dmode=nm
TR,TR,168,PR,41,https://www.dhsprogram.com/customcf/legacy/data/download_dataset.cfm?Filename=TRPR41FL.zip&Tp=1&Ctry_Code=TR&surv_id=168&dm=1&dmode=nm
TR,TR,326,PR,4A,https://www.dhsprogram.com/customcf/legacy/data/download_dataset.cfm?Filename=TRPR4AFL.zip&Tp=1&Ctry_Code=TR&surv_id=326&dm=1&dmode=nm
TR,TR,547,PR,51,https://www.dhsprogram.com/customcf/legacy/data/download_dataset.cfm?Filename=TRPR51FL.zip&Tp=1&Ctry_Code=TR&surv_id=547&dm=1&dmode=nm
TR,TR,486,PR,62,https://www.dhsprogram.com/customcf/legacy/data/download_dataset.cfm?Filename=TRPR62FL.zip&Tp=1&Ctry_Code=TR&surv_id=486&dm=1&dmode=nm
TR,TR,548,PR,71,https://www.dhsprogram.com/customcf/legacy/data/download_dataset.cfm?Filename=TRPR71FL.zip&Tp=1&Ctry_Code=TR&surv_id=548&dm=1&dmode=nm
TR,TR,60,WI,31,https://www.dhsprogram.com/customcf/legacy/data/download_dataset.cfm?Filename=TRWI31FL.zip&Tp=1&Ctry_Code=TR&surv_id=60&dm=1&dmode=nm
TR,TR,168,WI,41,https://www.dhsprogram.com/customcf/legacy/data/download_dataset.cfm?Filename=TRWI41FL.zip&Tp=1&Ctry_Code=TR&surv_id=168&dm=1&dmode=nm
UG,UG,27,BR,01,https://www.dhsprogram.com/customcf/legacy/data/download_dataset.cfm?Filename=UGBR01FL.zip&Tp=1&Ctry_Code=UG&surv_id=27&dm=1&dmode=nm
UG,UG,76,BR,33,https://www.dhsprogram.com/customcf/legacy/data/download_dataset.cfm?Filename=UGBR33FL.zip&Tp=1&Ctry_Code=UG&surv_id=76&dm=1&dmode=nm
UG,UG,169,BR,41,https://www.dhsprogram.com/customcf/legacy/data/download_dataset.cfm?Filename=UGBR41FL.zip&Tp=1&Ctry_Code=UG&surv_id=169&dm=1&dmode=nm
UG,UG,266,BR,52,https://www.dhsprogram.com/customcf/legacy/data/download_dataset.cfm?Filename=UGBR52FL.zip&Tp=1&Ctry_Code=UG&surv_id=266&dm=1&dmode=nm
UG,UG,332,BR,5A,https://www.dhsprogram.com/customcf/legacy/data/download_dataset.cfm?Filename=UGBR5AFL.zip&Tp=1&Ctry_Code=UG&surv_id=332&dm=1&dmode=nm
UG,UG,399,BR,61,https://www.dhsprogram.com/customcf/legacy/data/download_dataset.cfm?Filename=UGBR61FL.zip&Tp=1&Ctry_Code=UG&surv_id=399&dm=1&dmode=nm
UG,UG,504,BR,7B,https://www.dhsprogram.com/customcf/legacy/data/download_dataset.cfm?Filename=UGBR7BFL.zip&Tp=1&Ctry_Code=UG&surv_id=504&dm=1&dmode=nm
UG,UG,76,CR,33,https://www.dhsprogram.com/customcf/legacy/data/download_dataset.cfm?Filename=UGCR33FL.zip&Tp=1&Ctry_Code=UG&surv_id=76&dm=1&dmode=nm
UG,UG,169,CR,41,https://www.dhsprogram.com/customcf/legacy/data/download_dataset.cfm?Filename=UGCR41FL.zip&Tp=1&Ctry_Code=UG&surv_id=169&dm=1&dmode=nm
UG,UG,266,CR,52,https://www.dhsprogram.com/customcf/legacy/data/download_dataset.cfm?Filename=UGCR52FL.zip&Tp=1&Ctry_Code=UG&surv_id=266&dm=1&dmode=nm
UG,UG,399,CR,61,https://www.dhsprogram.com/customcf/legacy/data/download_dataset.cfm?Filename=UGCR61FL.zip&Tp=1&Ctry_Code=UG&surv_id=399&dm=1&dmode=nm
UG,UG,504,CR,7B,https://www.dhsprogram.com/customcf/legacy/data/download_dataset.cfm?Filename=UGCR7BFL.zip&Tp=1&Ctry_Code=UG&surv_id=504&dm=1&dmode=nm
UG,UG,27,HH,01,https://www.dhsprogram.com/customcf/legacy/data/download_dataset.cfm?Filename=UGHH01FL.zip&Tp=1&Ctry_Code=UG&surv_id=27&dm=1&dmode=nm
UG,UG,133,HH,3A,https://www.dhsprogram.com/customcf/legacy/data/download_dataset.cfm?Filename=UGHH3AFL.zip&Tp=1&Ctry_Code=UG&surv_id=133&dm=1&dmode=nm
UG,UG,76,HR,33,https://www.dhsprogram.com/customcf/legacy/data/download_dataset.cfm?Filename=UGHR33FL.zip&Tp=1&Ctry_Code=UG&surv_id=76&dm=1&dmode=nm
UG,UG,169,HR,41,https://www.dhsprogram.com/customcf/legacy/data/download_dataset.cfm?Filename=UGHR41FL.zip&Tp=1&Ctry_Code=UG&surv_id=169&dm=1&dmode=nm
UG,UG,266,HR,52,https://www.dhsprogram.com/customcf/legacy/data/download_dataset.cfm?Filename=UGHR52FL.zip&Tp=1&Ctry_Code=UG&surv_id=266&dm=1&dmode=nm
UG,UG,332,HR,5A,https://www.dhsprogram.com/customcf/legacy/data/download_dataset.cfm?Filename=UGHR5AFL.zip&Tp=1&Ctry_Code=UG&surv_id=332&dm=1&dmode=nm
UG,UG,399,HR,61,https://www.dhsprogram.com/customcf/legacy/data/download_dataset.cfm?Filename=UGHR61FL.zip&Tp=1&Ctry_Code=UG&surv_id=399&dm=1&dmode=nm
UG,UG,373,HR,6A,https://www.dhsprogram.com/customcf/legacy/data/download_dataset.cfm?Filename=UGHR6AFL.zip&Tp=1&Ctry_Code=UG&surv_id=373&dm=1&dmode=nm
UG,UG,484,HR,72,https://www.dhsprogram.com/customcf/legacy/data/download_dataset.cfm?Filename=UGHR72FL.zip&Tp=1&Ctry_Code=UG&surv_id=484&dm=1&dmode=nm
UG,UG,504,HR,7B,https://www.dhsprogram.com/customcf/legacy/data/download_dataset.cfm?Filename=UGHR7BFL.zip&Tp=1&Ctry_Code=UG&surv_id=504&dm=1&dmode=nm
UG,UG,549,HR,7I,https://www.dhsprogram.com/customcf/legacy/data/download_dataset.cfm?Filename=UGHR7IFL.zip&Tp=1&Ctry_Code=UG&surv_id=549&dm=1&dmode=nm
UG,UG,620,HR,91,https://www.dhsprogram.com/customcf/legacy/data/download_dataset.cfm?Filename=UGHR91FL.zip&Tp=1&Ctry_Code=UG&surv_id=620&dm=1&dmode=nm
UG,UG,27,HW,01,https://www.dhsprogram.com/customcf/legacy/data/download_dataset.cfm?Filename=UGHW01FL.zip&Tp=1&Ctry_Code=UG&surv_id=27&dm=1&dmode=nm
UG,UG,76,HW,33,https://www.dhsprogram.com/customcf/legacy/data/download_dataset.cfm?Filename=UGHW33FL.zip&Tp=1&Ctry_Code=UG&surv_id=76&dm=1&dmode=nm
UG,UG,169,HW,41,https://www.dhsprogram.com/customcf/legacy/data/download_dataset.cfm?Filename=UGHW41FL.zip&Tp=1&Ctry_Code=UG&surv_id=169&dm=1&dmode=nm
UG,UG,133,IQ,3B,https://www.dhsprogram.com/customcf/legacy/data/download_dataset.cfm?Filename=UGIQ3BFL.zip&Tp=1&Ctry_Code=UG&surv_id=133&dm=1&dmode=nm
UG,UG,27,IR,01,https://www.dhsprogram.com/customcf/legacy/data/download_dataset.cfm?Filename=UGIR01FL.zip&Tp=1&Ctry_Code=UG&surv_id=27&dm=1&dmode=nm
UG,UG,76,IR,33,https://www.dhsprogram.com/customcf/legacy/data/download_dataset.cfm?Filename=UGIR33FL.zip&Tp=1&Ctry_Code=UG&surv_id=76&dm=1&dmode=nm
UG,UG,169,IR,41,https://www.dhsprogram.com/customcf/legacy/data/download_dataset.cfm?Filename=UGIR41FL.zip&Tp=1&Ctry_Code=UG&surv_id=169&dm=1&dmode=nm
UG,UG,266,IR,52,https://www.dhsprogram.com/customcf/legacy/data/download_dataset.cfm?Filename=UGIR52FL.zip&Tp=1&Ctry_Code=UG&surv_id=266&dm=1&dmode=nm
UG,UG,332,IR,5A,https://www.dhsprogram.com/customcf/legacy/data/download_dataset.cfm?Filename=UGIR5AFL.zip&Tp=1&Ctry_Code=UG&surv_id=332&dm=1&dmode=nm
UG,UG,399,IR,61,https://www.dhsprogram.com/customcf/legacy/data/download_dataset.cfm?Filename=UGIR61FL.zip&Tp=1&Ctry_Code=UG&surv_id=399&dm=1&dmode=nm
UG,UG,373,IR,6A,https://www.dhsprogram.com/customcf/legacy/data/download_dataset.cfm?Filename=UGIR6AFL.zip&Tp=1&Ctry_Code=UG&surv_id=373&dm=1&dmode=nm
UG,UG,484,IR,72,https://www.dhsprogram.com/customcf/legacy/data/download_dataset.cfm?Filename=UGIR72FL.zip&Tp=1&Ctry_Code=UG&surv_id=484&dm=1&dmode=nm
UG,UG,504,IR,7B,https://www.dhsprogram.com/customcf/legacy/data/download_dataset.cfm?Filename=UGIR7BFL.zip&Tp=1&Ctry_Code=UG&surv_id=504&dm=1&dmode=nm
UG,UG,549,IR,7I,https://www.dhsprogram.com/customcf/legacy/data/download_dataset.cfm?Filename=UGIR7IFL.zip&Tp=1&Ctry_Code=UG&surv_id=549&dm=1&dmode=nm
UG,UG,620,IR,91,https://www.dhsprogram.com/customcf/legacy/data/download_dataset.cfm?Filename=UGIR91FL.zip&Tp=1&Ctry_Code=UG&surv_id=620&dm=1&dmode=nm
UG,UG,27,KR,01,https://www.dhsprogram.com/customcf/legacy/data/download_dataset.cfm?Filename=UGKR01FL.zip&Tp=1&Ctry_Code=UG&surv_id=27&dm=1&dmode=nm
UG,UG,76,KR,33,https://www.dhsprogram.com/customcf/legacy/data/download_dataset.cfm?Filename=UGKR33FL.zip&Tp=1&Ctry_Code=UG&surv_id=76&dm=1&dmode=nm
UG,UG,169,KR,41,https://www.dhsprogram.com/customcf/legacy/data/download_dataset.cfm?Filename=UGKR41FL.zip&Tp=1&Ctry_Code=UG&surv_id=169&dm=1&dmode=nm
UG,UG,266,KR,52,https://www.dhsprogram.com/customcf/legacy/data/download_dataset.cfm?Filename=UGKR52FL.zip&Tp=1&Ctry_Code=UG&surv_id=266&dm=1&dmode=nm
UG,UG,332,KR,5A,https://www.dhsprogram.com/customcf/legacy/data/download_dataset.cfm?Filename=UGKR5AFL.zip&Tp=1&Ctry_Code=UG&surv_id=332&dm=1&dmode=nm
UG,UG,399,KR,61,https://www.dhsprogram.com/customcf/legacy/data/download_dataset.cfm?Filename=UGKR61FL.zip&Tp=1&Ctry_Code=UG&surv_id=399&dm=1&dmode=nm
UG,UG,484,KR,72,https://www.dhsprogram.com/customcf/legacy/data/download_dataset.cfm?Filename=UGKR72FL.zip&Tp=1&Ctry_Code=UG&surv_id=484&dm=1&dmode=nm
UG,UG,504,KR,7B,https://www.dhsprogram.com/customcf/legacy/data/download_dataset.cfm?Filename=UGKR7BFL.zip&Tp=1&Ctry_Code=UG&surv_id=504&dm=1&dmode=nm
UG,UG,549,KR,7I,https://www.dhsprogram.com/customcf/legacy/data/download_dataset.cfm?Filename=UGKR7IFL.zip&Tp=1&Ctry_Code=UG&surv_id=549&dm=1&dmode=nm
UG,UG,620,KR,91,https://www.dhsprogram.com/customcf/legacy/data/download_dataset.cfm?Filename=UGKR91FL.zip&Tp=1&Ctry_Code=UG&surv_id=620&dm=1&dmode=nm
UG,UG,133,ML,3A,https://www.dhsprogram.com/customcf/legacy/data/download_dataset.cfm?Filename=UGML3AFL.zip&Tp=1&Ctry_Code=UG&surv_id=133&dm=1&dmode=nm
UG,UG,76,MR,33,https://www.dhsprogram.com/customcf/legacy/data/download_dataset.cfm?Filename=UGMR33FL.zip&Tp=1&Ctry_Code=UG&surv_id=76&dm=1&dmode=nm
UG,UG,169,MR,41,https://www.dhsprogram.com/customcf/legacy/data/download_dataset.cfm?Filename=UGMR41FL.zip&Tp=1&Ctry_Code=UG&surv_id=169&dm=1&dmode=nm
UG,UG,266,MR,52,https://www.dhsprogram.com/customcf/legacy/data/download_dataset.cfm?Filename=UGMR52FL.zip&Tp=1&Ctry_Code=UG&surv_id=266&dm=1&dmode=nm
UG,UG,399,MR,61,https://www.dhsprogram.com/customcf/legacy/data/download_dataset.cfm?Filename=UGMR61FL.zip&Tp=1&Ctry_Code=UG&surv_id=399&dm=1&dmode=nm
UG,UG,504,MR,7B,https://www.dhsprogram.com/customcf/legacy/data/download_dataset.cfm?Filename=UGMR7BFL.zip&Tp=1&Ctry_Code=UG&surv_id=504&dm=1&dmode=nm
UG,UG,373,OD,6A,https://www.dhsprogram.com/customcf/legacy/data/download_dataset.cfm?Filename=UGOD6AFL.zip&Tp=1&Ctry_Code=UG&surv_id=373&dm=1&dmode=nm
UG,UG,76,PR,33,https://www.dhsprogram.com/customcf/legacy/data/download_dataset.cfm?Filename=UGPR33FL.zip&Tp=1&Ctry_Code=UG&surv_id=76&dm=1&dmode=nm
UG,UG,169,PR,41,https://www.dhsprogram.com/customcf/legacy/data/download_dataset.cfm?Filename=UGPR41FL.zip&Tp=1&Ctry_Code=UG&surv_id=169&dm=1&dmode=nm
UG,UG,266,PR,52,https://www.dhsprogram.com/customcf/legacy/data/download_dataset.cfm?Filename=UGPR52FL.zip&Tp=1&Ctry_Code=UG&surv_id=266&dm=1&dmode=nm
UG,UG,332,PR,5A,https://www.dhsprogram.com/customcf/legacy/data/download_dataset.cfm?Filename=UGPR5AFL.zip&Tp=1&Ctry_Code=UG&surv_id=332&dm=1&dmode=nm
UG,UG,399,PR,61,https://www.dhsprogram.com/customcf/legacy/data/download_dataset.cfm?Filename=UGPR61FL.zip&Tp=1&Ctry_Code=UG&surv_id=399&dm=1&dmode=nm
UG,UG,373,PR,6A,https://www.dhsprogram.com/customcf/legacy/data/download_dataset.cfm?Filename=UGPR6AFL.zip&Tp=1&Ctry_Code=UG&surv_id=373&dm=1&dmode=nm
UG,UG,484,PR,72,https://www.dhsprogram.com/customcf/legacy/data/download_dataset.cfm?Filename=UGPR72FL.zip&Tp=1&Ctry_Code=UG&surv_id=484&dm=1&dmode=nm
UG,UG,504,PR,7B,https://www.dhsprogram.com/customcf/legacy/data/download_dataset.cfm?Filename=UGPR7BFL.zip&Tp=1&Ctry_Code=UG&surv_id=504&dm=1&dmode=nm
UG,UG,549,PR,7I,https://www.dhsprogram.com/customcf/legacy/data/download_dataset.cfm?Filename=UGPR7IFL.zip&Tp=1&Ctry_Code=UG&surv_id=549&dm=1&dmode=nm
UG,UG,620,PR,91,https://www.dhsprogram.com/customcf/legacy/data/download_dataset.cfm?Filename=UGPR91FL.zip&Tp=1&Ctry_Code=UG&surv_id=620&dm=1&dmode=nm
UG,UG,27,SQ,01,https://www.dhsprogram.com/customcf/legacy/data/download_dataset.cfm?Filename=UGSQ01FL.zip&Tp=1&Ctry_Code=UG&surv_id=27&dm=1&dmode=nm
UG,UG,76,SQ,33,https://www.dhsprogram.com/customcf/legacy/data/download_dataset.cfm?Filename=UGSQ33FL.zip&Tp=1&Ctry_Code=UG&surv_id=76&dm=1&dmode=nm
UG,UG,76,WI,33,https://www.dhsprogram.com/customcf/legacy/data/download_dataset.cfm?Filename=UGWI33FL.zip&Tp=1&Ctry_Code=UG&surv_id=76&dm=1&dmode=nm
UG,UG,169,WI,41,https://www.dhsprogram.com/customcf/legacy/data/download_dataset.cfm?Filename=UGWI41FL.zip&Tp=1&Ctry_Code=UG&surv_id=169&dm=1&dmode=nm
UG,UG,169,GE,43,https://www.dhsprogram.com/customcf/legacy/data/download_dataset.cfm?Filename=UGGE43FL.zip&Tp=2&Ctry_Code=UG&surv_id=169&dm=1&dmode=nm
UG,UG,266,GE,53,https://www.dhsprogram.com/customcf/legacy/data/download_dataset.cfm?Filename=UGGE53FL.zip&Tp=2&Ctry_Code=UG&surv_id=266&dm=1&dmode=nm
UG,UG,332,GE,5A,https://www.dhsprogram.com/customcf/legacy/data/download_dataset.cfm?Filename=UGGE5AFL.zip&Tp=2&Ctry_Code=UG&surv_id=332&dm=1&dmode=nm
UG,UG,399,GE,61,https://www.dhsprogram.com/customcf/legacy/data/download_dataset.cfm?Filename=UGGE61FL.zip&Tp=2&Ctry_Code=UG&surv_id=399&dm=1&dmode=nm
UG,UG,373,GE,6A,https://www.dhsprogram.com/customcf/legacy/data/download_dataset.cfm?Filename=UGGE6AFL.zip&Tp=2&Ctry_Code=UG&surv_id=373&dm=1&dmode=nm
UG,UG,484,GE,71,https://www.dhsprogram.com/customcf/legacy/data/download_dataset.cfm?Filename=UGGE71FL.zip&Tp=2&Ctry_Code=UG&surv_id=484&dm=1&dmode=nm
UG,UG,504,GE,7A,https://www.dhsprogram.com/customcf/legacy/data/download_dataset.cfm?Filename=UGGE7AFL.zip&Tp=2&Ctry_Code=UG&surv_id=504&dm=1&dmode=nm
UG,UG,549,GE,7I,https://www.dhsprogram.com/customcf/legacy/data/download_dataset.cfm?Filename=UGGE7IFL.zip&Tp=2&Ctry_Code=UG&surv_id=549&dm=1&dmode=nm
UG,UG,620,GE,91,https://www.dhsprogram.com/customcf/legacy/data/download_dataset.cfm?Filename=UGGE91FL.zip&Tp=2&Ctry_Code=UG&surv_id=620&dm=1&dmode=nm
UA,UA,280,BR,51,https://www.dhsprogram.com/customcf/legacy/data/download_dataset.cfm?Filename=UABR51FL.zip&Tp=1&Ctry_Code=UA&surv_id=280&dm=1&dmode=nm
UA,UA,280,CR,51,https://www.dhsprogram.com/customcf/legacy/data/download_dataset.cfm?Filename=UACR51FL.zip&Tp=1&Ctry_Code=UA&surv_id=280&dm=1&dmode=nm
UA,UA,280,HR,51,https://www.dhsprogram.com/customcf/legacy/data/download_dataset.cfm?Filename=UAHR51FL.zip&Tp=1&Ctry_Code=UA&surv_id=280&dm=1&dmode=nm
UA,UA,280,IR,51,https://www.dhsprogram.com/customcf/legacy/data/download_dataset.cfm?Filename=UAIR51FL.zip&Tp=1&Ctry_Code=UA&surv_id=280&dm=1&dmode=nm
UA,UA,280,KR,51,https://www.dhsprogram.com/customcf/legacy/data/download_dataset.cfm?Filename=UAKR51FL.zip&Tp=1&Ctry_Code=UA&surv_id=280&dm=1&dmode=nm
UA,UA,280,MR,51,https://www.dhsprogram.com/customcf/legacy/data/download_dataset.cfm?Filename=UAMR51FL.zip&Tp=1&Ctry_Code=UA&surv_id=280&dm=1&dmode=nm
UA,UA,280,PR,51,https://www.dhsprogram.com/customcf/legacy/data/download_dataset.cfm?Filename=UAPR51FL.zip&Tp=1&Ctry_Code=UA&surv_id=280&dm=1&dmode=nm
UZ,UZ,94,BR,31,https://www.dhsprogram.com/customcf/legacy/data/download_dataset.cfm?Filename=UZBR31FL.zip&Tp=1&Ctry_Code=UZ&surv_id=94&dm=1&dmode=nm
UZ,UZ,213,HH,49,https://www.dhsprogram.com/customcf/legacy/data/download_dataset.cfm?Filename=UZHH49FL.zip&Tp=1&Ctry_Code=UZ&surv_id=213&dm=1&dmode=nm
UZ,UZ,94,HR,31,https://www.dhsprogram.com/customcf/legacy/data/download_dataset.cfm?Filename=UZHR31FL.zip&Tp=1&Ctry_Code=UZ&surv_id=94&dm=1&dmode=nm
UZ,UZ,94,HW,31,https://www.dhsprogram.com/customcf/legacy/data/download_dataset.cfm?Filename=UZHW31FL.zip&Tp=1&Ctry_Code=UZ&surv_id=94&dm=1&dmode=nm
UZ,UZ,213,IQ,49,https://www.dhsprogram.com/customcf/legacy/data/download_dataset.cfm?Filename=UZIQ49FL.zip&Tp=1&Ctry_Code=UZ&surv_id=213&dm=1&dmode=nm
UZ,UZ,94,IR,31,https://www.dhsprogram.com/customcf/legacy/data/download_dataset.cfm?Filename=UZIR31FL.zip&Tp=1&Ctry_Code=UZ&surv_id=94&dm=1&dmode=nm
UZ,UZ,94,KR,31,https://www.dhsprogram.com/customcf/legacy/data/download_dataset.cfm?Filename=UZKR31FL.zip&Tp=1&Ctry_Code=UZ&surv_id=94&dm=1&dmode=nm
UZ,UZ,213,ML,49,https://www.dhsprogram.com/customcf/legacy/data/download_dataset.cfm?Filename=UZML49FL.zip&Tp=1&Ctry_Code=UZ&surv_id=213&dm=1&dmode=nm
UZ,UZ,94,PR,31,https://www.dhsprogram.com/customcf/legacy/data/download_dataset.cfm?Filename=UZPR31FL.zip&Tp=1&Ctry_Code=UZ&surv_id=94&dm=1&dmode=nm
UZ,UZ,94,WI,31,https://www.dhsprogram.com/customcf/legacy/data/download_dataset.cfm?Filename=UZWI31FL.zip&Tp=1&Ctry_Code=UZ&surv_id=94&dm=1&dmode=nm
UZ,UZ,213,GE,42,https://www.dhsprogram.com/customcf/legacy/data/download_dataset.cfm?Filename=UZGE42FL.zip&Tp=2&Ctry_Code=UZ&surv_id=213&dm=1&dmode=nm
VN,VN,100,BR,31,https://www.dhsprogram.com/customcf/legacy/data/download_dataset.cfm?Filename=VNBR31FL.zip&Tp=1&Ctry_Code=VN&surv_id=100&dm=1&dmode=nm
VN,VN,209,BR,41,https://www.dhsprogram.com/customcf/legacy/data/download_dataset.cfm?Filename=VNBR41FL.zip&Tp=1&Ctry_Code=VN&surv_id=209&dm=1&dmode=nm
VN,VN,100,HR,31,https://www.dhsprogram.com/customcf/legacy/data/download_dataset.cfm?Filename=VNHR31FL.zip&Tp=1&Ctry_Code=VN&surv_id=100&dm=1&dmode=nm
VN,VN,209,HR,41,https://www.dhsprogram.com/customcf/legacy/data/download_dataset.cfm?Filename=VNHR41FL.zip&Tp=1&Ctry_Code=VN&surv_id=209&dm=1&dmode=nm
VN,VN,261,HR,52,https://www.dhsprogram.com/customcf/legacy/data/download_dataset.cfm?Filename=VNHR52FL.zip&Tp=1&Ctry_Code=VN&surv_id=261&dm=1&dmode=nm
VN,VN,100,IR,31,https://www.dhsprogram.com/customcf/legacy/data/download_dataset.cfm?Filename=VNIR31FL.zip&Tp=1&Ctry_Code=VN&surv_id=100&dm=1&dmode=nm
VN,VN,209,IR,41,https://www.dhsprogram.com/customcf/legacy/data/download_dataset.cfm?Filename=VNIR41FL.zip&Tp=1&Ctry_Code=VN&surv_id=209&dm=1&dmode=nm
VN,VN,261,IR,52,https://www.dhsprogram.com/customcf/legacy/data/download_dataset.cfm?Filename=VNIR52FL.zip&Tp=1&Ctry_Code=VN&surv_id=261&dm=1&dmode=nm
VN,VN,100,KR,31,https://www.dhsprogram.com/customcf/legacy/data/download_dataset.cfm?Filename=VNKR31FL.zip&Tp=1&Ctry_Code=VN&surv_id=100&dm=1&dmode=nm
VN,VN,209,KR,41,https://www.dhsprogram.com/customcf/legacy/data/download_dataset.cfm?Filename=VNKR41FL.zip&Tp=1&Ctry_Code=VN&surv_id=209&dm=1&dmode=nm
VN,VN,100,PR,31,https://www.dhsprogram.com/customcf/legacy/data/download_dataset.cfm?Filename=VNPR31FL.zip&Tp=1&Ctry_Code=VN&surv_id=100&dm=1&dmode=nm
VN,VN,209,PR,41,https://www.dhsprogram.com/customcf/legacy/data/download_dataset.cfm?Filename=VNPR41FL.zip&Tp=1&Ctry_Code=VN&surv_id=209&dm=1&dmode=nm
VN,VN,261,PR,53,https://www.dhsprogram.com/customcf/legacy/data/download_dataset.cfm?Filename=VNPR53FL.zip&Tp=1&Ctry_Code=VN&surv_id=261&dm=1&dmode=nm
VN,VN,100,SQ,31,https://www.dhsprogram.com/customcf/legacy/data/download_dataset.cfm?Filename=VNSQ31FL.zip&Tp=1&Ctry_Code=VN&surv_id=100&dm=1&dmode=nm
VN,VN,209,SQ,41,https://www.dhsprogram.com/customcf/legacy/data/download_dataset.cfm?Filename=VNSQ41FL.zip&Tp=1&Ctry_Code=VN&surv_id=209&dm=1&dmode=nm
VN,VN,100,WI,31,https://www.dhsprogram.com/customcf/legacy/data/download_dataset.cfm?Filename=VNWI31FL.zip&Tp=1&Ctry_Code=VN&surv_id=100&dm=1&dmode=nm
VN,VN,209,WI,41,https://www.dhsprogram.com/customcf/legacy/data/download_dataset.cfm?Filename=VNWI41FL.zip&Tp=1&Ctry_Code=VN&surv_id=209&dm=1&dmode=nm
YE,YE,36,BR,21,https://www.dhsprogram.com/customcf/legacy/data/download_dataset.cfm?Filename=YEBR21FL.zip&Tp=1&Ctry_Code=YE&surv_id=36&dm=1&dmode=nm
YE,YE,358,BR,61,https://www.dhsprogram.com/customcf/legacy/data/download_dataset.cfm?Filename=YEBR61FL.zip&Tp=1&Ctry_Code=YE&surv_id=358&dm=1&dmode=nm
YE,YE,36,HR,21,https://www.dhsprogram.com/customcf/legacy/data/download_dataset.cfm?Filename=YEHR21FL.zip&Tp=1&Ctry_Code=YE&surv_id=36&dm=1&dmode=nm
YE,YE,358,HR,61,https://www.dhsprogram.com/customcf/legacy/data/download_dataset.cfm?Filename=YEHR61FL.zip&Tp=1&Ctry_Code=YE&surv_id=358&dm=1&dmode=nm
YE,YE,36,HW,21,https://www.dhsprogram.com/customcf/legacy/data/download_dataset.cfm?Filename=YEHW21FL.zip&Tp=1&Ctry_Code=YE&surv_id=36&dm=1&dmode=nm
YE,YE,36,IR,21,https://www.dhsprogram.com/customcf/legacy/data/download_dataset.cfm?Filename=YEIR21FL.zip&Tp=1&Ctry_Code=YE&surv_id=36&dm=1&dmode=nm
YE,YE,358,IR,61,https://www.dhsprogram.com/customcf/legacy/data/download_dataset.cfm?Filename=YEIR61FL.zip&Tp=1&Ctry_Code=YE&surv_id=358&dm=1&dmode=nm
YE,YE,36,KR,21,https://www.dhsprogram.com/customcf/legacy/data/download_dataset.cfm?Filename=YEKR21FL.zip&Tp=1&Ctry_Code=YE&surv_id=36&dm=1&dmode=nm
YE,YE,358,KR,61,https://www.dhsprogram.com/customcf/legacy/data/download_dataset.cfm?Filename=YEKR61FL.zip&Tp=1&Ctry_Code=YE&surv_id=358&dm=1&dmode=nm
YE,YE,36,PR,21,https://www.dhsprogram.com/customcf/legacy/data/download_dataset.cfm?Filename=YEPR21FL.zip&Tp=1&Ctry_Code=YE&surv_id=36&dm=1&dmode=nm
YE,YE,358,PR,61,https://www.dhsprogram.com/customcf/legacy/data/download_dataset.cfm?Filename=YEPR61FL.zip&Tp=1&Ctry_Code=YE&surv_id=358&dm=1&dmode=nm
ZM,ZM,51,BR,21,https://www.dhsprogram.com/customcf/legacy/data/download_dataset.cfm?Filename=ZMBR21FL.zip&Tp=1&Ctry_Code=ZM&surv_id=51&dm=1&dmode=nm
ZM,ZM,90,BR,31,https://www.dhsprogram.com/customcf/legacy/data/download_dataset.cfm?Filename=ZMBR31FL.zip&Tp=1&Ctry_Code=ZM&surv_id=90&dm=1&dmode=nm
ZM,ZM,206,BR,42,https://www.dhsprogram.com/customcf/legacy/data/download_dataset.cfm?Filename=ZMBR42FL.zip&Tp=1&Ctry_Code=ZM&surv_id=206&dm=1&dmode=nm
ZM,ZM,278,BR,51,https://www.dhsprogram.com/customcf/legacy/data/download_dataset.cfm?Filename=ZMBR51FL.zip&Tp=1&Ctry_Code=ZM&surv_id=278&dm=1&dmode=nm
ZM,ZM,406,BR,61,https://www.dhsprogram.com/customcf/legacy/data/download_dataset.cfm?Filename=ZMBR61FL.zip&Tp=1&Ctry_Code=ZM&surv_id=406&dm=1&dmode=nm
ZM,ZM,542,BR,71,https://www.dhsprogram.com/customcf/legacy/data/download_dataset.cfm?Filename=ZMBR71FL.zip&Tp=1&Ctry_Code=ZM&surv_id=542&dm=1&dmode=nm
ZM,ZM,610,BR,81,https://www.dhsprogram.com/customcf/legacy/data/download_dataset.cfm?Filename=ZMBR81FL.zip&Tp=1&Ctry_Code=ZM&surv_id=610&dm=1&dmode=nm
ZM,ZM,90,CR,31,https://www.dhsprogram.com/customcf/legacy/data/download_dataset.cfm?Filename=ZMCR31FL.zip&Tp=1&Ctry_Code=ZM&surv_id=90&dm=1&dmode=nm
ZM,ZM,206,CR,42,https://www.dhsprogram.com/customcf/legacy/data/download_dataset.cfm?Filename=ZMCR42FL.zip&Tp=1&Ctry_Code=ZM&surv_id=206&dm=1&dmode=nm
ZM,ZM,278,CR,51,https://www.dhsprogram.com/customcf/legacy/data/download_dataset.cfm?Filename=ZMCR51FL.zip&Tp=1&Ctry_Code=ZM&surv_id=278&dm=1&dmode=nm
ZM,ZM,406,CR,61,https://www.dhsprogram.com/customcf/legacy/data/download_dataset.cfm?Filename=ZMCR61FL.zip&Tp=1&Ctry_Code=ZM&surv_id=406&dm=1&dmode=nm
ZM,ZM,542,CR,71,https://www.dhsprogram.com/customcf/legacy/data/download_dataset.cfm?Filename=ZMCR71FL.zip&Tp=1&Ctry_Code=ZM&surv_id=542&dm=1&dmode=nm
ZM,ZM,610,CR,81,https://www.dhsprogram.com/customcf/legacy/data/download_dataset.cfm?Filename=ZMCR81FL.zip&Tp=1&Ctry_Code=ZM&surv_id=610&dm=1&dmode=nm
ZM,ZM,51,HR,21,https://www.dhsprogram.com/customcf/legacy/data/download_dataset.cfm?Filename=ZMHR21FL.zip&Tp=1&Ctry_Code=ZM&surv_id=51&dm=1&dmode=nm
ZM,ZM,90,HR,31,https://www.dhsprogram.com/customcf/legacy/data/download_dataset.cfm?Filename=ZMHR31FL.zip&Tp=1&Ctry_Code=ZM&surv_id=90&dm=1&dmode=nm
ZM,ZM,206,HR,42,https://www.dhsprogram.com/customcf/legacy/data/download_dataset.cfm?Filename=ZMHR42FL.zip&Tp=1&Ctry_Code=ZM&surv_id=206&dm=1&dmode=nm
ZM,ZM,278,HR,51,https://www.dhsprogram.com/customcf/legacy/data/download_dataset.cfm?Filename=ZMHR51FL.zip&Tp=1&Ctry_Code=ZM&surv_id=278&dm=1&dmode=nm
ZM,ZM,406,HR,61,https://www.dhsprogram.com/customcf/legacy/data/download_dataset.cfm?Filename=ZMHR61FL.zip&Tp=1&Ctry_Code=ZM&surv_id=406&dm=1&dmode=nm
ZM,ZM,542,HR,71,https://www.dhsprogram.com/customcf/legacy/data/download_dataset.cfm?Filename=ZMHR71FL.zip&Tp=1&Ctry_Code=ZM&surv_id=542&dm=1&dmode=nm
ZM,ZM,610,HR,81,https://www.dhsprogram.com/customcf/legacy/data/download_dataset.cfm?Filename=ZMHR81FL.zip&Tp=1&Ctry_Code=ZM&surv_id=610&dm=1&dmode=nm
ZM,ZM,51,HW,21,https://www.dhsprogram.com/customcf/legacy/data/download_dataset.cfm?Filename=ZMHW21FL.zip&Tp=1&Ctry_Code=ZM&surv_id=51&dm=1&dmode=nm
ZM,ZM,90,HW,31,https://www.dhsprogram.com/customcf/legacy/data/download_dataset.cfm?Filename=ZMHW31FL.zip&Tp=1&Ctry_Code=ZM&surv_id=90&dm=1&dmode=nm
ZM,ZM,206,HW,42,https://www.dhsprogram.com/customcf/legacy/data/download_dataset.cfm?Filename=ZMHW42FL.zip&Tp=1&Ctry_Code=ZM&surv_id=206&dm=1&dmode=nm
ZM,ZM,51,IR,21,https://www.dhsprogram.com/customcf/legacy/data/download_dataset.cfm?Filename=ZMIR21FL.zip&Tp=1&Ctry_Code=ZM&surv_id=51&dm=1&dmode=nm
ZM,ZM,90,IR,31,https://www.dhsprogram.com/customcf/legacy/data/download_dataset.cfm?Filename=ZMIR31FL.zip&Tp=1&Ctry_Code=ZM&surv_id=90&dm=1&dmode=nm
ZM,ZM,206,IR,42,https://www.dhsprogram.com/customcf/legacy/data/download_dataset.cfm?Filename=ZMIR42FL.zip&Tp=1&Ctry_Code=ZM&surv_id=206&dm=1&dmode=nm
ZM,ZM,278,IR,51,https://www.dhsprogram.com/customcf/legacy/data/download_dataset.cfm?Filename=ZMIR51FL.zip&Tp=1&Ctry_Code=ZM&surv_id=278&dm=1&dmode=nm
ZM,ZM,406,IR,61,https://www.dhsprogram.com/customcf/legacy/data/download_dataset.cfm?Filename=ZMIR61FL.zip&Tp=1&Ctry_Code=ZM&surv_id=406&dm=1&dmode=nm
ZM,ZM,542,IR,71,https://www.dhsprogram.com/customcf/legacy/data/download_dataset.cfm?Filename=ZMIR71FL.zip&Tp=1&Ctry_Code=ZM&surv_id=542&dm=1&dmode=nm
ZM,ZM,610,IR,81,https://www.dhsprogram.com/customcf/legacy/data/download_dataset.cfm?Filename=ZMIR81FL.zip&Tp=1&Ctry_Code=ZM&surv_id=610&dm=1&dmode=nm
ZM,ZM,51,KR,21,https://www.dhsprogram.com/customcf/legacy/data/download_dataset.cfm?Filename=ZMKR21FL.zip&Tp=1&Ctry_Code=ZM&surv_id=51&dm=1&dmode=nm
ZM,ZM,90,KR,31,https://www.dhsprogram.com/customcf/legacy/data/download_dataset.cfm?Filename=ZMKR31FL.zip&Tp=1&Ctry_Code=ZM&surv_id=90&dm=1&dmode=nm
ZM,ZM,206,KR,42,https://www.dhsprogram.com/customcf/legacy/data/download_dataset.cfm?Filename=ZMKR42FL.zip&Tp=1&Ctry_Code=ZM&surv_id=206&dm=1&dmode=nm
ZM,ZM,278,KR,51,https://www.dhsprogram.com/customcf/legacy/data/download_dataset.cfm?Filename=ZMKR51FL.zip&Tp=1&Ctry_Code=ZM&surv_id=278&dm=1&dmode=nm
ZM,ZM,406,KR,61,https://www.dhsprogram.com/customcf/legacy/data/download_dataset.cfm?Filename=ZMKR61FL.zip&Tp=1&Ctry_Code=ZM&surv_id=406&dm=1&dmode=nm
ZM,ZM,542,KR,71,https://www.dhsprogram.com/customcf/legacy/data/download_dataset.cfm?Filename=ZMKR71FL.zip&Tp=1&Ctry_Code=ZM&surv_id=542&dm=1&dmode=nm
ZM,ZM,610,KR,81,https://www.dhsprogram.com/customcf/legacy/data/download_dataset.cfm?Filename=ZMKR81FL.zip&Tp=1&Ctry_Code=ZM&surv_id=610&dm=1&dmode=nm
ZM,ZM,90,MR,31,https://www.dhsprogram.com/customcf/legacy/data/download_dataset.cfm?Filename=ZMMR31FL.zip&Tp=1&Ctry_Code=ZM&surv_id=90&dm=1&dmode=nm
ZM,ZM,206,MR,41,https://www.dhsprogram.com/customcf/legacy/data/download_dataset.cfm?Filename=ZMMR41FL.zip&Tp=1&Ctry_Code=ZM&surv_id=206&dm=1&dmode=nm
ZM,ZM,278,MR,51,https://www.dhsprogram.com/customcf/legacy/data/download_dataset.cfm?Filename=ZMMR51FL.zip&Tp=1&Ctry_Code=ZM&surv_id=278&dm=1&dmode=nm
ZM,ZM,406,MR,61,https://www.dhsprogram.com/customcf/legacy/data/download_dataset.cfm?Filename=ZMMR61FL.zip&Tp=1&Ctry_Code=ZM&surv_id=406&dm=1&dmode=nm
ZM,ZM,542,MR,71,https://www.dhsprogram.com/customcf/legacy/data/download_dataset.cfm?Filename=ZMMR71FL.zip&Tp=1&Ctry_Code=ZM&surv_id=542&dm=1&dmode=nm
ZM,ZM,610,MR,81,https://www.dhsprogram.com/customcf/legacy/data/download_dataset.cfm?Filename=ZMMR81FL.zip&Tp=1&Ctry_Code=ZM&surv_id=610&dm=1&dmode=nm
ZM,ZM,51,PR,21,https://www.dhsprogram.com/customcf/legacy/data/download_dataset.cfm?Filename=ZMPR21FL.zip&Tp=1&Ctry_Code=ZM&surv_id=51&dm=1&dmode=nm
ZM,ZM,90,PR,31,https://www.dhsprogram.com/customcf/legacy/data/download_dataset.cfm?Filename=ZMPR31FL.zip&Tp=1&Ctry_Code=ZM&surv_id=90&dm=1&dmode=nm
ZM,ZM,206,PR,43,https://www.dhsprogram.com/customcf/legacy/data/download_dataset.cfm?Filename=ZMPR43FL.zip&Tp=1&Ctry_Code=ZM&surv_id=206&dm=1&dmode=nm
ZM,ZM,278,PR,51,https://www.dhsprogram.com/customcf/legacy/data/download_dataset.cfm?Filename=ZMPR51FL.zip&Tp=1&Ctry_Code=ZM&surv_id=278&dm=1&dmode=nm
ZM,ZM,406,PR,61,https://www.dhsprogram.com/customcf/legacy/data/download_dataset.cfm?Filename=ZMPR61FL.zip&Tp=1&Ctry_Code=ZM&surv_id=406&dm=1&dmode=nm
ZM,ZM,542,PR,71,https://www.dhsprogram.com/customcf/legacy/data/download_dataset.cfm?Filename=ZMPR71FL.zip&Tp=1&Ctry_Code=ZM&surv_id=542&dm=1&dmode=nm
ZM,ZM,610,PR,81,https://www.dhsprogram.com/customcf/legacy/data/download_dataset.cfm?Filename=ZMPR81FL.zip&Tp=1&Ctry_Code=ZM&surv_id=610&dm=1&dmode=nm
ZM,ZM,90,WI,31,https://www.dhsprogram.com/customcf/legacy/data/download_dataset.cfm?Filename=ZMWI31FL.zip&Tp=1&Ctry_Code=ZM&surv_id=90&dm=1&dmode=nm
ZM,ZM,206,WI,41,https://www.dhsprogram.com/customcf/legacy/data/download_dataset.cfm?Filename=ZMWI41FL.zip&Tp=1&Ctry_Code=ZM&surv_id=206&dm=1&dmode=nm
ZM,ZM,278,GE,52,https://www.dhsprogram.com/customcf/legacy/data/download_dataset.cfm?Filename=ZMGE52FL.zip&Tp=2&Ctry_Code=ZM&surv_id=278&dm=1&dmode=nm
ZM,ZM,406,GE,61,https://www.dhsprogram.com/customcf/legacy/data/download_dataset.cfm?Filename=ZMGE61FL.zip&Tp=2&Ctry_Code=ZM&surv_id=406&dm=1&dmode=nm
ZM,ZM,542,GE,71,https://www.dhsprogram.com/customcf/legacy/data/download_dataset.cfm?Filename=ZMGE71FL.zip&Tp=2&Ctry_Code=ZM&surv_id=542&dm=1&dmode=nm
ZM,ZM,610,GE,81,https://www.dhsprogram.com/customcf/legacy/data/download_dataset.cfm?Filename=ZMGE81FL.zip&Tp=2&Ctry_Code=ZM&surv_id=610&dm=1&dmode=nm
ZW,ZW,21,BR,01,https://www.dhsprogram.com/customcf/legacy/data/download_dataset.cfm?Filename=ZWBR01FL.zip&Tp=1&Ctry_Code=ZW&surv_id=21&dm=1&dmode=nm
ZW,ZW,64,BR,31,https://www.dhsprogram.com/customcf/legacy/data/download_dataset.cfm?Filename=ZWBR31FL.zip&Tp=1&Ctry_Code=ZW&surv_id=64&dm=1&dmode=nm
ZW,ZW,184,BR,42,https://www.dhsprogram.com/customcf/legacy/data/download_dataset.cfm?Filename=ZWBR42FL.zip&Tp=1&Ctry_Code=ZW&surv_id=184&dm=1&dmode=nm
ZW,ZW,260,BR,52,https://www.dhsprogram.com/customcf/legacy/data/download_dataset.cfm?Filename=ZWBR52FL.zip&Tp=1&Ctry_Code=ZW&surv_id=260&dm=1&dmode=nm
ZW,ZW,367,BR,62,https://www.dhsprogram.com/customcf/legacy/data/download_dataset.cfm?Filename=ZWBR62FL.zip&Tp=1&Ctry_Code=ZW&surv_id=367&dm=1&dmode=nm
ZW,ZW,475,BR,72,https://www.dhsprogram.com/customcf/legacy/data/download_dataset.cfm?Filename=ZWBR72FL.zip&Tp=1&Ctry_Code=ZW&surv_id=475&dm=1&dmode=nm
ZW,ZW,64,CR,31,https://www.dhsprogram.com/customcf/legacy/data/download_dataset.cfm?Filename=ZWCR31FL.zip&Tp=1&Ctry_Code=ZW&surv_id=64&dm=1&dmode=nm
ZW,ZW,184,CR,41,https://www.dhsprogram.com/customcf/legacy/data/download_dataset.cfm?Filename=ZWCR41FL.zip&Tp=1&Ctry_Code=ZW&surv_id=184&dm=1&dmode=nm
ZW,ZW,260,CR,52,https://www.dhsprogram.com/customcf/legacy/data/download_dataset.cfm?Filename=ZWCR52FL.zip&Tp=1&Ctry_Code=ZW&surv_id=260&dm=1&dmode=nm
ZW,ZW,367,CR,62,https://www.dhsprogram.com/customcf/legacy/data/download_dataset.cfm?Filename=ZWCR62FL.zip&Tp=1&Ctry_Code=ZW&surv_id=367&dm=1&dmode=nm
ZW,ZW,475,CR,72,https://www.dhsprogram.com/customcf/legacy/data/download_dataset.cfm?Filename=ZWCR72FL.zip&Tp=1&Ctry_Code=ZW&surv_id=475&dm=1&dmode=nm
ZW,ZW,21,HH,01,https://www.dhsprogram.com/customcf/legacy/data/download_dataset.cfm?Filename=ZWHH01FL.zip&Tp=1&Ctry_Code=ZW&surv_id=21&dm=1&dmode=nm
ZW,ZW,64,HR,31,https://www.dhsprogram.com/customcf/legacy/data/download_dataset.cfm?Filename=ZWHR31FL.zip&Tp=1&Ctry_Code=ZW&surv_id=64&dm=1&dmode=nm
ZW,ZW,184,HR,42,https://www.dhsprogram.com/customcf/legacy/data/download_dataset.cfm?Filename=ZWHR42FL.zip&Tp=1&Ctry_Code=ZW&surv_id=184&dm=1&dmode=nm
ZW,ZW,260,HR,52,https://www.dhsprogram.com/customcf/legacy/data/download_dataset.cfm?Filename=ZWHR52FL.zip&Tp=1&Ctry_Code=ZW&surv_id=260&dm=1&dmode=nm
ZW,ZW,367,HR,62,https://www.dhsprogram.com/customcf/legacy/data/download_dataset.cfm?Filename=ZWHR62FL.zip&Tp=1&Ctry_Code=ZW&surv_id=367&dm=1&dmode=nm
ZW,ZW,475,HR,72,https://www.dhsprogram.com/customcf/legacy/data/download_dataset.cfm?Filename=ZWHR72FL.zip&Tp=1&Ctry_Code=ZW&surv_id=475&dm=1&dmode=nm
ZW,ZW,21,HW,01,https://www.dhsprogram.com/customcf/legacy/data/download_dataset.cfm?Filename=ZWHW01FL.zip&Tp=1&Ctry_Code=ZW&surv_id=21&dm=1&dmode=nm
ZW,ZW,64,HW,31,https://www.dhsprogram.com/customcf/legacy/data/download_dataset.cfm?Filename=ZWHW31FL.zip&Tp=1&Ctry_Code=ZW&surv_id=64&dm=1&dmode=nm
ZW,ZW,184,HW,41,https://www.dhsprogram.com/customcf/legacy/data/download_dataset.cfm?Filename=ZWHW41FL.zip&Tp=1&Ctry_Code=ZW&surv_id=184&dm=1&dmode=nm
ZW,ZW,260,HW,51,https://www.dhsprogram.com/customcf/legacy/data/download_dataset.cfm?Filename=ZWHW51FL.zip&Tp=1&Ctry_Code=ZW&surv_id=260&dm=1&dmode=nm
ZW,ZW,21,IR,01,https://www.dhsprogram.com/customcf/legacy/data/download_dataset.cfm?Filename=ZWIR01FL.zip&Tp=1&Ctry_Code=ZW&surv_id=21&dm=1&dmode=nm
ZW,ZW,64,IR,31,https://www.dhsprogram.com/customcf/legacy/data/download_dataset.cfm?Filename=ZWIR31FL.zip&Tp=1&Ctry_Code=ZW&surv_id=64&dm=1&dmode=nm
ZW,ZW,184,IR,42,https://www.dhsprogram.com/customcf/legacy/data/download_dataset.cfm?Filename=ZWIR42FL.zip&Tp=1&Ctry_Code=ZW&surv_id=184&dm=1&dmode=nm
ZW,ZW,260,IR,52,https://www.dhsprogram.com/customcf/legacy/data/download_dataset.cfm?Filename=ZWIR52FL.zip&Tp=1&Ctry_Code=ZW&surv_id=260&dm=1&dmode=nm
ZW,ZW,367,IR,62,https://www.dhsprogram.com/customcf/legacy/data/download_dataset.cfm?Filename=ZWIR62FL.zip&Tp=1&Ctry_Code=ZW&surv_id=367&dm=1&dmode=nm
ZW,ZW,475,IR,72,https://www.dhsprogram.com/customcf/legacy/data/download_dataset.cfm?Filename=ZWIR72FL.zip&Tp=1&Ctry_Code=ZW&surv_id=475&dm=1&dmode=nm
ZW,ZW,21,KR,01,https://www.dhsprogram.com/customcf/legacy/data/download_dataset.cfm?Filename=ZWKR01FL.zip&Tp=1&Ctry_Code=ZW&surv_id=21&dm=1&dmode=nm
ZW,ZW,64,KR,31,https://www.dhsprogram.com/customcf/legacy/data/download_dataset.cfm?Filename=ZWKR31FL.zip&Tp=1&Ctry_Code=ZW&surv_id=64&dm=1&dmode=nm
ZW,ZW,184,KR,42,https://www.dhsprogram.com/customcf/legacy/data/download_dataset.cfm?Filename=ZWKR42FL.zip&Tp=1&Ctry_Code=ZW&surv_id=184&dm=1&dmode=nm
ZW,ZW,260,KR,52,https://www.dhsprogram.com/customcf/legacy/data/download_dataset.cfm?Filename=ZWKR52FL.zip&Tp=1&Ctry_Code=ZW&surv_id=260&dm=1&dmode=nm
ZW,ZW,367,KR,62,https://www.dhsprogram.com/customcf/legacy/data/download_dataset.cfm?Filename=ZWKR62FL.zip&Tp=1&Ctry_Code=ZW&surv_id=367&dm=1&dmode=nm
ZW,ZW,475,KR,72,https://www.dhsprogram.com/customcf/legacy/data/download_dataset.cfm?Filename=ZWKR72FL.zip&Tp=1&Ctry_Code=ZW&surv_id=475&dm=1&dmode=nm
ZW,ZW,64,MR,31,https://www.dhsprogram.com/customcf/legacy/data/download_dataset.cfm?Filename=ZWMR31FL.zip&Tp=1&Ctry_Code=ZW&surv_id=64&dm=1&dmode=nm
ZW,ZW,184,MR,41,https://www.dhsprogram.com/customcf/legacy/data/download_dataset.cfm?Filename=ZWMR41FL.zip&Tp=1&Ctry_Code=ZW&surv_id=184&dm=1&dmode=nm
ZW,ZW,260,MR,52,https://www.dhsprogram.com/customcf/legacy/data/download_dataset.cfm?Filename=ZWMR52FL.zip&Tp=1&Ctry_Code=ZW&surv_id=260&dm=1&dmode=nm
ZW,ZW,367,MR,62,https://www.dhsprogram.com/customcf/legacy/data/download_dataset.cfm?Filename=ZWMR62FL.zip&Tp=1&Ctry_Code=ZW&surv_id=367&dm=1&dmode=nm
ZW,ZW,475,MR,72,https://www.dhsprogram.com/customcf/legacy/data/download_dataset.cfm?Filename=ZWMR72FL.zip&Tp=1&Ctry_Code=ZW&surv_id=475&dm=1&dmode=nm
ZW,ZW,64,PR,31,https://www.dhsprogram.com/customcf/legacy/data/download_dataset.cfm?Filename=ZWPR31FL.zip&Tp=1&Ctry_Code=ZW&surv_id=64&dm=1&dmode=nm
ZW,ZW,184,PR,42,https://www.dhsprogram.com/customcf/legacy/data/download_dataset.cfm?Filename=ZWPR42FL.zip&Tp=1&Ctry_Code=ZW&surv_id=184&dm=1&dmode=nm
ZW,ZW,260,PR,52,https://www.dhsprogram.com/customcf/legacy/data/download_dataset.cfm?Filename=ZWPR52FL.zip&Tp=1&Ctry_Code=ZW&surv_id=260&dm=1&dmode=nm
ZW,ZW,367,PR,62,https://www.dhsprogram.com/customcf/legacy/data/download_dataset.cfm?Filename=ZWPR62FL.zip&Tp=1&Ctry_Code=ZW&surv_id=367&dm=1&dmode=nm
ZW,ZW,475,PR,72,https://www.dhsprogram.com/customcf/legacy/data/download_dataset.cfm?Filename=ZWPR72FL.zip&Tp=1&Ctry_Code=ZW&surv_id=475&dm=1&dmode=nm
ZW,ZW,21,SQ,02,https://www.dhsprogram.com/customcf/legacy/data/download_dataset.cfm?Filename=ZWSQ02FL.zip&Tp=1&Ctry_Code=ZW&surv_id=21&dm=1&dmode=nm
ZW,ZW,64,SQ,30,https://www.dhsprogram.com/customcf/legacy/data/download_dataset.cfm?Filename=ZWSQ30FL.zip&Tp=1&Ctry_Code=ZW&surv_id=64&dm=1&dmode=nm
ZW,ZW,64,WI,31,https://www.dhsprogram.com/customcf/legacy/data/download_dataset.cfm?Filename=ZWWI31FL.zip&Tp=1&Ctry_Code=ZW&surv_id=64&dm=1&dmode=nm
ZW,ZW,184,WI,42,https://www.dhsprogram.com/customcf/legacy/data/download_dataset.cfm?Filename=ZWWI42FL.zip&Tp=1&Ctry_Code=ZW&surv_id=184&dm=1&dmode=nm
ZW,ZW,184,GE,42,https://www.dhsprogram.com/customcf/legacy/data/download_dataset.cfm?Filename=ZWGE42FL.zip&Tp=2&Ctry_Code=ZW&surv_id=184&dm=1&dmode=nm
ZW,ZW,260,GE,52,https://www.dhsprogram.com/customcf/legacy/data/download_dataset.cfm?Filename=ZWGE52FL.zip&Tp=2&Ctry_Code=ZW&surv_id=260&dm=1&dmode=nm
ZW,ZW,367,GE,61,https://www.dhsprogram.com/customcf/legacy/data/download_dataset.cfm?Filename=ZWGE61FL.zip&Tp=2&Ctry_Code=ZW&surv_id=367&dm=1&dmode=nm
ZW,ZW,475,GE,72,https://www.dhsprogram.com/customcf/legacy/data/download_dataset.cfm?Filename=ZWGE72FL.zip&Tp=2&Ctry_Code=ZW&surv_id=475&dm=1&dmode=nm
